threshold,tp,fp,tn,fn,precision,recall,f1,fpr,tpr,support_pos,support_neg,fp_per_hour,dataset,split,detector
0.613942196915599,0,20,1922,0,0.0,,,0.010298661174047374,,0,1942,377.04130505446835,hcrl_combo,val,isolation_forest
0.17685406611704887,0,20,1922,0,0.0,,,0.010298661174047374,,0,1942,377.04130505446835,hcrl_combo,val,pca
0.01804672680438557,0,20,1922,0,0.0,,,0.010298661174047374,,0,1942,377.04130505446835,hcrl_combo,val,autoencoder
0.613942196915599,46723,0,0,10842,1.0,0.8116563884304699,0.8960378950598343,,0.8116563884304699,57565,0,0.0,hcrl_combo,test,isolation_forest
0.17685406611704887,57565,0,0,0,1.0,1.0,1.0,,1.0,57565,0,0.0,hcrl_combo,test,pca
0.01804672680438557,57565,0,0,0,1.0,1.0,1.0,,1.0,57565,0,0.0,hcrl_combo,test,autoencoder
