{
  "percentile": 99.0,
  "values": {
    "isolation_forest": 0.613942196915599,
    "pca": 0.1768540661170398,
    "autoencoder": 0.018046726804386702
  }
}