{
  "percentile": 99.9,
  "values": {
    "isolation_forest": 0.5585446710683382,
    "pca": 0.13093964749097808,
    "autoencoder": 0.06380190364460415
  }
}