score,window_index
0.58596414,19
0.60006124,20
0.566679,21
0.56449425,22
0.5563964,23
0.54110867,24
0.5587878,25
0.5648377,26
0.5390983,27
0.5394999,28
0.53221226,29
0.5548962,30
0.59011966,31
0.58218133,32
0.544322,33
0.5391655,34
0.56082076,35
0.54872346,36
0.56386477,37
0.577878,38
0.507242,39
0.5103773,40
0.49204355,41
0.4984378,42
0.50063753,43
0.5295976,44
0.5197796,45
0.52518636,46
0.5189162,47
0.5170253,48
0.47948867,49
0.46760464,50
0.43266663,51
0.46003902,52
0.46666265,53
0.48701286,54
0.47676367,55
0.47470444,56
0.486618,57
0.49437007,58
0.49731353,59
0.49703753,60
0.50526255,61
0.499297,62
0.49234384,63
0.4326165,64
0.42609066,65
0.43745947,66
0.45555118,67
0.47933742,68
0.49224243,69
0.4892988,70
0.49526185,71
0.50539154,72
0.506162,73
0.4697847,74
0.49013785,75
0.5254722,76
0.47412646,77
0.50155264,78
0.46942985,79
0.4638042,80
0.46035087,81
0.49695662,82
0.49922925,83
0.5304977,84
0.5262725,85
0.511456,86
0.50718796,87
0.5031555,88
0.5058436,89
0.5017816,90
0.5094165,91
0.47865242,92
0.4939707,93
0.5064396,94
0.5111275,95
0.4634563,96
0.47849602,97
0.48023245,98
0.50698113,99
0.5036786,100
0.49391353,101
0.4792049,102
0.47264484,103
0.44790038,104
0.44121617,105
0.46162358,106
0.4606227,107
0.4705828,108
0.45772535,109
0.45912215,110
0.45562848,111
0.46143615,112
0.4520972,113
0.45200413,114
0.45467672,115
0.44974473,116
0.46044573,117
0.4567982,118
0.45342198,119
0.50552624,120
0.5183978,121
0.50605166,122
0.49608368,123
0.50531983,124
0.54165477,125
0.5182248,126
0.52187395,127
0.51280415,128
0.50106585,129
0.5048301,130
0.5559231,131
0.53886455,132
0.5450589,133
0.55513465,134
0.5395151,135
0.5635715,136
0.58860236,137
0.548443,138
0.6022779,139
0.5230436,140
0.5064975,141
0.5233791,142
0.5404574,143
0.5753312,144
0.5584239,145
0.57898206,146
0.56951815,147
0.5603172,148
0.55030245,149
0.56772494,150
0.5275089,151
0.5263791,152
0.57214797,153
0.57982934,154
0.60980415,155
0.5910903,156
0.58745307,157
0.60257715,158
0.61197543,159
0.5827233,160
0.5826296,161
0.5701521,162
0.5483615,163
0.58935344,164
0.57185596,165
0.6128033,166
0.64046663,167
0.6338466,168
0.6246896,169
0.6279445,170
0.6449268,171
0.68260366,172
0.6554941,173
0.6264943,174
0.6061432,175
0.5975889,176
0.6072139,177
0.6289309,178
0.64792496,179
0.6491578,180
0.7569717,181
0.7667434,182
0.7640627,183
0.7230331,184
0.79480165,185
0.6865711,186
0.67579406,187
0.6828984,188
0.67254055,189
0.68779415,190
0.6696254,191
0.6594899,192
0.7036404,193
0.695406,194
0.7018092,195
0.7214961,196
0.7180381,197
0.6863679,198
0.66504765,199
0.7135999,200
0.61840403,201
0.6454132,202
0.6221756,203
0.60736704,204
0.5565951,205
0.55723274,206
0.5585975,207
0.5464917,208
0.5682525,209
0.5464376,210
0.60013294,211
0.57892865,212
0.55667675,213
0.54921216,214
0.5589728,215
0.5295651,216
0.51063573,217
0.4999309,218
0.5027939,219
0.4724658,220
0.54377514,221
0.51883554,222
0.5172588,223
0.54879045,224
0.5696612,225
0.5856738,226
0.5643813,227
0.60304683,228
0.605338,229
0.60723895,230
0.6158115,231
0.6533866,232
0.6810628,233
0.64474255,234
0.65788734,235
0.64668393,236
0.6703628,237
0.67036474,238
0.6358972,239
0.6418905,240
0.5509095,241
0.5620793,242
0.5772398,243
0.5454248,244
0.54878795,245
0.53920287,246
0.55677503,247
0.5393757,248
0.5186673,249
0.5251682,250
0.51248336,251
0.48978028,252
0.4876518,253
0.5038031,254
0.5054006,255
0.5201334,256
0.5047954,257
0.50541365,258
0.53866,259
0.54206413,260
0.48804933,261
0.48630118,262
0.45614606,263
0.48556116,264
0.49820304,265
0.47578993,266
0.45466262,267
0.4554361,268
0.44709817,269
0.46758965,270
0.47672603,271
0.5038675,272
0.4646761,273
0.47710598,274
0.4780462,275
0.4651107,276
0.4743451,277
0.48485884,278
0.4945227,279
0.49488246,280
0.4870527,281
0.4719194,282
0.49779907,283
0.529289,284
0.5172594,285
0.54313433,286
0.55602723,287
0.5480873,288
0.58087134,289
0.5793896,290
0.56573796,291
0.5227757,292
0.58946794,293
0.5800065,294
0.5774003,295
0.5725098,296
0.5622048,297
0.56284076,298
0.58013994,299
0.61565554,300
0.6221542,301
0.655766,302
0.6460165,303
0.60722774,304
0.5969136,305
0.57791096,306
0.5659932,307
0.5854153,308
0.5585245,309
0.53580046,310
0.54939294,311
0.5594716,312
0.5047402,313
0.5094982,314
0.47709945,315
0.46884635,316
0.45991987,317
0.45647174,318
0.43061566,319
0.37441793,320
0.3841891,321
0.3978276,322
0.40378356,323
0.42711356,324
0.4285717,325
0.43158752,326
0.43894222,327
0.41816655,328
0.42589232,329
0.42672417,330
0.4205801,331
0.4200966,332
0.42230293,333
0.41670707,334
0.4216754,335
0.42896742,336
0.45189583,337
0.4557179,338
0.47678956,339
0.47509548,340
0.44699472,341
0.4447991,342
0.44691285,343
0.42089573,344
0.42087552,345
0.431283,346
0.43522185,347
0.449513,348
0.43180394,349
0.4168375,350
0.41569605,351
0.40596166,352
0.4047809,353
0.4219139,354
0.4331147,355
0.4425454,356
0.445397,357
0.5004685,358
0.49275407,359
0.50302243,360
0.5387494,361
0.55143714,362
0.5563978,363
0.550097,364
0.562275,365
0.5506191,366
0.5638357,367
0.5335863,368
0.54347724,369
0.56990707,370
0.6103557,371
0.6276745,372
0.62517196,373
0.62288016,374
0.61490524,375
0.60611033,376
0.58705974,377
0.54850817,378
0.54648596,379
0.6348286,380
0.6018104,381
0.6097995,382
0.623261,383
0.6318256,384
0.61940384,385
0.62488073,386
0.61447006,387
0.60712796,388
0.6167423,389
0.60413826,390
0.5700131,391
0.5727478,392
0.570422,393
0.5913351,394
0.593848,395
0.59160936,396
0.59192604,397
0.5815497,398
0.6102971,399
0.52131724,400
0.50893855,401
1.0230503,402
1.0176136,403
1.0170159,404
1.0283101,405
1.0214416,406
1.0098904,407
1.0238194,408
1.0170664,409
0.9866953,410
0.9582275,411
0.9592191,412
0.9702842,413
0.94234264,414
0.9492157,415
0.96236867,416
0.9711475,417
0.98095095,418
0.9781362,419
1.0344895,420
1.0548279,421
0.5599744,422
0.50316983,423
0.5009054,424
0.50956136,425
0.51486266,426
0.5197508,427
0.5328492,428
0.5382866,429
0.51565737,430
0.5711307,431
0.5503109,432
0.57493496,433
0.5823732,434
0.57769287,435
0.578804,436
0.5871068,437
0.5500324,438
0.5789983,439
0.53023845,440
0.51663595,441
0.505375,442
0.5412387,443
0.54109347,444
0.5854324,445
0.61262286,446
0.65911573,447
0.64358133,448
0.6749736,449
0.69266295,450
0.63817245,451
0.66628385,452
0.6925223,453
0.6620521,454
0.6588496,455
0.70741504,456
0.70803237,457
0.7334795,458
0.67314446,459
0.6526805,460
0.6135216,461
0.6464612,462
0.6260839,463
0.6231083,464
0.5596702,465
0.53979725,466
0.50500154,467
0.49740282,468
0.47653282,469
0.45955312,470
0.43021178,471
0.4093252,472
0.36308968,473
0.37216482,474
0.38818473,475
0.38011473,476
0.38766348,477
0.40387696,478
0.40624434,479
0.38396725,480
0.3877763,481
0.3661894,482
0.40243104,483
0.39186296,484
0.438886,485
0.43838248,486
0.4473645,487
0.4605615,488
0.46104413,489
0.49357447,490
0.5419413,491
0.5545282,492
0.5558719,493
0.5615155,494
0.55080426,495
0.54285043,496
0.55576706,497
0.5542837,498
0.55925477,499
0.56224585,500
0.5707291,501
0.5646672,502
0.5225001,503
0.5268875,504
0.49961054,505
0.51086205,506
0.5046668,507
0.48145527,508
0.46867067,509
0.45351812,510
0.42264733,511
0.43951574,512
0.43587303,513
0.43708327,514
0.44517857,515
0.43446615,516
0.41304192,517
0.39122394,518
0.42533293,519
0.43800128,520
0.46988443,521
0.5068753,522
0.5185771,523
0.5113504,524
0.5431512,525
0.5400317,526
0.55670524,527
0.5370984,528
0.5529597,529
0.566069,530
0.57411426,531
0.5380909,532
0.5565993,533
0.5877435,534
0.58208555,535
0.61603945,536
0.62300116,537
0.64768845,538
0.6568083,539
0.6821924,540
0.6677614,541
0.7118647,542
0.7088048,543
0.6925212,544
0.64994526,545
0.65298194,546
0.6416448,547
0.65799206,548
0.65984905,549
0.6270449,550
0.6238086,551
0.64669913,552
0.6538316,553
0.611291,554
0.5894934,555
0.5401934,556
0.5441004,557
0.5489097,558
0.51742464,559
0.50726086,560
0.5836348,561
0.5286387,562
0.5137568,563
0.5285114,564
0.54261047,565
0.5429056,566
0.5681913,567
0.5942358,568
0.61925584,569
0.6622348,570
0.63126075,571
0.6053666,572
0.5862273,573
0.5758485,574
0.5700514,575
0.5713794,576
0.54413754,577
0.54987276,578
0.52728003,579
0.5639772,580
0.49097678,581
0.4931732,582
0.47614467,583
0.46695504,584
0.4527784,585
0.45467073,586
0.50050414,587
0.465366,588
0.47483245,589
0.5256136,590
0.5210246,591
0.5424402,592
0.53758913,593
0.5515888,594
0.5456889,595
0.54794145,596
0.5700647,597
0.6127942,598
0.6177789,599
0.60213596,600
0.611259,601
0.60056764,602
0.6156692,603
0.6171237,604
0.61058587,605
0.6144738,606
0.5913658,607
0.55663353,608
0.5387949,609
0.5131938,610
0.5319524,611
0.5279532,612
0.525061,613
0.5085424,614
0.48395923,615
0.51370245,616
0.49884295,617
0.44169652,618
0.460921,619
0.44078133,620
0.45032802,621
0.44103664,622
0.481794,623
0.49319902,624
0.49564478,625
0.48702803,626
0.47809318,627
0.4786778,628
0.5118586,629
0.46334866,630
0.4744358,631
0.4928453,632
0.50455457,633
0.48652247,634
0.4959784,635
0.47913286,636
0.48317277,637
0.49808472,638
0.51978534,639
0.5457263,640
0.5225298,641
0.5333452,642
0.49995005,643
0.49972466,644
0.48397595,645
0.47384703,646
0.5158425,647
0.50161266,648
0.46582228,649
0.46503615,650
0.45237574,651
0.49498883,652
0.48469508,653
0.5052777,654
0.5118086,655
0.51045245,656
0.5204376,657
0.54640645,658
0.5412074,659
0.5241424,660
0.5343756,661
0.5629593,662
0.59497297,663
0.5952104,664
0.60165656,665
0.5996197,666
0.57885975,667
0.61942226,668
0.6289228,669
0.6529134,670
0.65591604,671
0.650037,672
0.63680714,673
0.6444368,674
0.6310976,675
0.631809,676
0.62939227,677
0.60275877,678
0.6329307,679
0.65222454,680
0.6412757,681
0.63213885,682
0.6128836,683
0.6099981,684
0.613238,685
0.62740654,686
0.6269351,687
0.62780654,688
0.6302677,689
0.59562963,690
0.6017262,691
0.58552396,692
0.591774,693
0.566381,694
0.57058686,695
0.5739767,696
0.5679004,697
0.5667461,698
0.4909524,699
0.48275116,700
0.44798973,701
0.4747603,702
0.49851745,703
0.5339909,704
0.5084176,705
0.53978807,706
0.5421234,707
0.5538006,708
0.52281094,709
0.5288222,710
0.5360746,711
0.5279435,712
0.51239574,713
0.49320006,714
0.49945626,715
0.5024871,716
0.47630188,717
0.47209308,718
0.46881905,719
0.47258875,720
0.47519788,721
0.4487964,722
0.45499852,723
0.43283418,724
0.46094596,725
0.41598895,726
0.40980476,727
0.3933665,728
0.39499232,729
0.39518294,730
0.38917994,731
0.4244627,732
0.44937745,733
0.46765718,734
0.471762,735
0.50897455,736
0.5276615,737
0.5578283,738
0.5342865,739
0.51619565,740
0.5336464,741
0.5039237,742
0.50031954,743
0.51485395,744
0.523808,745
0.5107973,746
0.50837994,747
0.5349036,748
0.5752868,749
0.584438,750
0.6318802,751
0.6096318,752
0.57973826,753
0.56384027,754
0.5806045,755
0.5562854,756
0.5690675,757
0.53648937,758
0.549906,759
0.5309473,760
0.52418983,761
0.5288171,762
0.5057991,763
0.5276797,764
0.52461946,765
0.48975465,766
0.50882226,767
0.52025735,768
0.48158658,769
0.49871695,770
0.45723614,771
0.45684722,772
0.47800782,773
0.40129897,774
0.3748396,775
0.37345037,776
0.38179326,777
0.38844758,778
0.44587255,779
0.45583746,780
0.46265167,781
0.47744638,782
0.48149064,783
0.4725579,784
0.48231316,785
0.50457764,786
0.49010244,787
0.49556622,788
0.5719814,789
0.5827103,790
0.5602824,791
0.5608897,792
0.5670752,793
0.5713243,794
0.58816487,795
0.61294913,796
0.61231494,797
0.6238852,798
0.48799208,799
0.5052754,800
0.49721837,801
0.47521955,802
0.47220594,803
0.49617755,804
0.49967128,805
0.47920159,806
0.47169176,807
0.4723209,808
0.39533827,809
0.35158917,810
0.3483671,811
0.34650174,812
0.36371586,813
0.38629997,814
0.38360885,815
0.3720945,816
0.37497544,817
0.38929632,818
0.39781106,819
0.4107211,820
0.4045918,821
0.39141923,822
0.39359,823
0.41125372,824
0.4625621,825
0.46092886,826
0.45917612,827
0.49359313,828
0.4855048,829
0.48655927,830
0.48178676,831
0.5049514,832
0.48711798,833
0.48373497,834
0.4770669,835
0.4755062,836
0.46536604,837
0.4506067,838
0.43204206,839
0.45587045,840
0.46806356,841
0.4909422,842
0.5305891,843
0.5035802,844
0.4451729,845
0.46531048,846
0.46010768,847
0.48996675,848
0.5029636,849
0.5237108,850
0.5165128,851
0.5572645,852
0.5588922,853
0.63327193,854
0.6319319,855
0.66080403,856
0.66413414,857
0.68549377,858
0.67002636,859
0.6517259,860
0.6702289,861
0.6553324,862
0.62517244,863
0.685682,864
0.6836279,865
0.6705685,866
0.645509,867
0.6893602,868
0.7087662,869
0.6523658,870
0.66388243,871
0.70702296,872
0.7103553,873
0.59482914,874
0.66055727,875
0.65383065,876
0.67627496,877
0.66976464,878
0.6508065,879
0.6468521,880
0.63758445,881
0.62054795,882
0.6245691,883
0.6048961,884
0.5761913,885
0.572385,886
0.5778045,887
0.54607344,888
0.53596616,889
0.5379323,890
0.5515196,891
0.5258494,892
0.52118564,893
0.51938343,894
0.49388987,895
0.50387704,896
0.5158989,897
0.52950466,898
0.47396538,899
0.46334875,900
0.49228218,901
0.53352475,902
0.5263156,903
0.53060764,904
0.53900886,905
0.54256755,906
0.54216653,907
0.49608624,908
0.514227,909
0.5007416,910
0.50108117,911
0.47203475,912
0.49556518,913
0.5126784,914
0.52599615,915
0.53362614,916
0.51154006,917
0.53979045,918
0.5532184,919
0.5632723,920
0.55212635,921
0.506834,922
0.53164274,923
0.5853,924
0.58383083,925
0.59183735,926
0.5868213,927
0.5986236,928
0.59820676,929
0.586956,930
0.5796182,931
0.5832069,932
0.57240677,933
0.576206,934
0.57189006,935
0.61775905,936
0.5813213,937
0.56648034,938
0.54348093,939
0.5691479,940
0.5546615,941
0.5785684,942
0.5800761,943
0.50158405,944
0.48924544,945
0.50547147,946
0.49756894,947
0.48496616,948
0.52635324,949
0.52594215,950
0.51969934,951
0.5419059,952
0.55095536,953
0.5373305,954
0.6505589,955
0.5878533,956
0.6433725,957
0.66831505,958
0.6573038,959
0.6096828,960
0.6314854,961
0.6384295,962
0.64070576,963
0.6505957,964
0.6536751,965
0.68901086,966
0.73762643,967
0.7493474,968
0.6734871,969
0.6794185,970
0.67767626,971
0.6903345,972
0.6999836,973
0.69365925,974
0.58181196,975
0.62610507,976
0.5458103,977
0.5286512,978
0.5476002,979
0.5455078,980
0.54264534,981
0.53949004,982
0.55123967,983
0.54597795,984
0.5514089,985
0.5248367,986
0.5312459,987
0.5365444,988
0.56452525,989
0.54648376,990
0.5269453,991
0.5299828,992
0.54724824,993
0.568416,994
0.58625984,995
0.56732917,996
0.5767008,997
0.56834304,998
0.58920574,999
0.59611225,1000
0.60020393,1001
0.62083113,1002
0.6208212,1003
0.59212387,1004
0.6197806,1005
0.6409643,1006
0.6376245,1007
0.6269295,1008
0.6108834,1009
0.59944,1010
0.63643605,1011
0.6478811,1012
0.6189776,1013
0.57679486,1014
0.5409273,1015
0.46777242,1016
0.4696372,1017
0.4811015,1018
0.45513463,1019
0.46775472,1020
0.42624897,1021
0.43708846,1022
0.44955376,1023
0.4335511,1024
0.4458733,1025
0.4321977,1026
0.43196636,1027
0.44362435,1028
0.4525207,1029
0.47426343,1030
0.4819114,1031
0.47208434,1032
0.48859742,1033
0.49408185,1034
0.504279,1035
0.5202889,1036
0.5155012,1037
0.5261986,1038
0.49960423,1039
0.4921241,1040
0.5187958,1041
0.5457995,1042
0.5759217,1043
0.5888485,1044
0.59582067,1045
0.611592,1046
0.5948586,1047
0.6036225,1048
0.59216917,1049
0.583099,1050
0.58970666,1051
0.5599028,1052
0.63936824,1053
0.63604504,1054
0.6567942,1055
0.6439788,1056
0.64936435,1057
0.6523399,1058
0.6572025,1059
0.6529321,1060
0.65380985,1061
0.65756035,1062
0.63610387,1063
0.6308273,1064
0.65534526,1065
0.63953936,1066
0.6056732,1067
0.64474607,1068
0.653075,1069
0.62869215,1070
0.61347806,1071
0.62560415,1072
0.5925383,1073
0.60736483,1074
0.5600074,1075
0.5967021,1076
0.6134349,1077
0.6235293,1078
0.6382905,1079
0.65602833,1080
0.6350785,1081
0.5900563,1082
0.6104601,1083
0.6015952,1084
0.602327,1085
0.5982819,1086
0.5799395,1087
0.5632606,1088
0.5761647,1089
0.5718956,1090
0.5879241,1091
0.6201415,1092
0.53084403,1093
0.53697765,1094
0.5254269,1095
0.56039524,1096
0.5462684,1097
0.5417476,1098
0.5289442,1099
0.53339523,1100
0.52221173,1101
0.51620823,1102
0.507191,1103
0.5163118,1104
0.5212349,1105
0.52059716,1106
0.5469176,1107
0.53122705,1108
0.5840449,1109
0.5611799,1110
0.5466582,1111
0.5660048,1112
0.56442565,1113
0.56727284,1114
0.5928091,1115
0.52295965,1116
0.53805083,1117
0.56038105,1118
0.56913966,1119
0.5288017,1120
0.5371825,1121
0.5337261,1122
0.51859885,1123
0.50652635,1124
0.4821461,1125
0.48561352,1126
0.4623639,1127
0.5208837,1128
0.4360278,1129
0.45228103,1130
0.4693191,1131
0.48316061,1132
0.4541038,1133
0.45340154,1134
0.43785155,1135
0.4308933,1136
0.43596113,1137
0.43691546,1138
0.44516197,1139
0.4629384,1140
0.46920943,1141
0.4618693,1142
0.5194331,1143
0.52962166,1144
0.6191861,1145
0.6260344,1146
0.6195804,1147
0.5776028,1148
0.59125507,1149
0.5864009,1150
0.58723867,1151
0.5637997,1152
0.5578528,1153
0.5575712,1154
0.5779509,1155
0.5786848,1156
0.57012206,1157
0.5656121,1158
0.5846038,1159
0.60893416,1160
0.57337815,1161
0.5907817,1162
0.5454407,1163
0.5787636,1164
0.49515423,1165
0.50806385,1166
0.4962323,1167
0.50916094,1168
0.52454674,1169
0.5022482,1170
0.50332344,1171
0.47799286,1172
0.47005466,1173
0.46425995,1174
0.46465534,1175
0.47147766,1176
0.47636703,1177
0.49330372,1178
0.4682575,1179
0.459196,1180
0.50086486,1181
0.46858147,1182
0.45696953,1183
0.44782466,1184
0.44657984,1185
0.40652043,1186
0.41916534,1187
0.46082407,1188
0.46218812,1189
0.5068564,1190
0.54261947,1191
0.53978944,1192
0.573365,1193
0.6090133,1194
0.5752483,1195
0.5621119,1196
0.5665146,1197
0.5662493,1198
0.5802773,1199
0.58235,1200
0.54976165,1201
0.5467241,1202
0.5355462,1203
0.5490174,1204
0.54392487,1205
0.5436415,1206
0.546139,1207
0.52669626,1208
0.51890916,1209
0.4947455,1210
0.4779269,1211
0.49411908,1212
0.48095512,1213
0.49199852,1214
0.498413,1215
0.5165408,1216
0.5378339,1217
0.54032725,1218
0.5106601,1219
0.50540364,1220
0.5115276,1221
0.53429353,1222
0.5116676,1223
0.4828188,1224
0.513321,1225
0.5182782,1226
0.50101024,1227
0.5143112,1228
0.539398,1229
0.5217859,1230
0.52668613,1231
0.51025784,1232
0.5305334,1233
0.5369338,1234
0.53504366,1235
0.51437205,1236
0.5154385,1237
0.55809706,1238
0.5453895,1239
0.5344698,1240
0.5465205,1241
0.5669919,1242
0.54768753,1243
0.56059235,1244
0.53771764,1245
0.54879636,1246
0.55683523,1247
0.5098749,1248
0.4952205,1249
0.5322095,1250
0.5180944,1251
0.51098037,1252
0.5162489,1253
0.482365,1254
0.49608037,1255
0.5176144,1256
0.49937996,1257
0.47424912,1258
0.47642112,1259
0.47333872,1260
0.44369933,1261
0.45410267,1262
0.46952567,1263
0.45333478,1264
0.4890686,1265
0.48685887,1266
0.49671325,1267
0.53700465,1268
0.5452286,1269
0.5058791,1270
0.49969414,1271
0.48742533,1272
0.5239098,1273
0.5017605,1274
0.5098093,1275
0.527275,1276
0.52029,1277
0.51045984,1278
0.4916381,1279
0.4755557,1280
0.4941736,1281
0.4792327,1282
0.5108496,1283
0.5045131,1284
0.5252511,1285
0.504616,1286
0.537831,1287
0.4945478,1288
0.4586761,1289
0.47613358,1290
0.49487513,1291
0.5010013,1292
0.4732345,1293
0.48725456,1294
0.5708137,1295
0.4589535,1296
0.45727304,1297
0.4648008,1298
0.46652997,1299
0.47441947,1300
0.46830958,1301
0.47304687,1302
0.43601474,1303
0.45911145,1304
0.41673103,1305
0.43036866,1306
0.43043116,1307
0.45602453,1308
0.45658547,1309
0.4598652,1310
0.44108957,1311
0.44549438,1312
0.43719998,1313
0.4433576,1314
0.43118873,1315
0.43109113,1316
0.4322227,1317
0.43512997,1318
0.4774035,1319
0.5147345,1320
0.5200536,1321
0.5141964,1322
0.52369803,1323
0.50837195,1324
0.5332584,1325
0.5191476,1326
0.5078112,1327
0.4811901,1328
0.49333528,1329
0.52422774,1330
0.5237986,1331
0.5160129,1332
0.5171549,1333
0.49807665,1334
0.5355788,1335
0.5845359,1336
0.6638346,1337
0.6953733,1338
0.68456423,1339
0.65704316,1340
0.6448917,1341
0.64985746,1342
0.67974776,1343
0.7072745,1344
0.71717834,1345
0.750706,1346
0.8039104,1347
0.79123956,1348
0.7858071,1349
0.7508298,1350
0.75909233,1351
0.73345196,1352
0.7195705,1353
0.7468813,1354
0.72214025,1355
0.67460936,1356
0.61453533,1357
0.58806616,1358
0.57950145,1359
0.5742338,1360
0.5733296,1361
0.58562696,1362
0.5316951,1363
0.51183456,1364
0.5000324,1365
0.48258293,1366
0.46718127,1367
0.46224356,1368
0.4615016,1369
0.46242502,1370
0.44422477,1371
0.44948477,1372
0.49162295,1373
0.4651449,1374
0.48061487,1375
0.47977534,1376
0.45259103,1377
0.50680864,1378
0.5243486,1379
0.5453673,1380
0.5537282,1381
0.53447515,1382
0.54773086,1383
0.5614763,1384
0.5447561,1385
0.5357155,1386
0.5132964,1387
0.5402822,1388
0.5046506,1389
0.5623235,1390
0.58891237,1391
0.6319586,1392
0.60311866,1393
0.67184776,1394
0.6245029,1395
0.6331972,1396
0.60668075,1397
0.5576121,1398
0.5901659,1399
0.5647024,1400
0.5495327,1401
0.5448427,1402
0.5433783,1403
0.5658618,1404
0.5682154,1405
0.6305904,1406
0.6234895,1407
0.6676156,1408
0.6633384,1409
0.6152728,1410
0.5873247,1411
0.55684894,1412
0.5664562,1413
0.5767205,1414
0.56553555,1415
0.54277086,1416
0.5640197,1417
0.5615751,1418
0.5685628,1419
0.53733444,1420
0.5268293,1421
0.52258795,1422
0.50358486,1423
0.5045986,1424
0.48367113,1425
0.42365065,1426
0.4224088,1427
0.38264656,1428
0.38489357,1429
0.36699942,1430
0.36482117,1431
0.3929481,1432
0.38411272,1433
0.4018416,1434
0.4476992,1435
0.46005788,1436
0.44676313,1437
0.47773048,1438
0.4729831,1439
0.52674437,1440
0.54025114,1441
0.5401489,1442
0.54401845,1443
0.5226879,1444
0.51872367,1445
0.53083295,1446
0.52019024,1447
0.55131555,1448
0.5489752,1449
0.5456496,1450
0.56434655,1451
0.5562439,1452
0.5645018,1453
0.5140289,1454
0.47294626,1455
0.48208362,1456
0.46740043,1457
0.45640346,1458
0.4500141,1459
0.47920483,1460
0.44806585,1461
0.4712532,1462
0.47453126,1463
0.48898438,1464
0.49986097,1465
0.5180621,1466
0.4978729,1467
0.4562554,1468
0.518607,1469
0.5126422,1470
0.5083923,1471
0.5397455,1472
0.5270527,1473
0.53988415,1474
0.5529832,1475
0.552464,1476
0.5551652,1477
0.5368483,1478
0.5325751,1479
0.5085885,1480
0.4942797,1481
0.51414996,1482
0.5064564,1483
0.4827893,1484
0.4967393,1485
0.48122877,1486
0.5034683,1487
0.53366673,1488
0.4548305,1489
0.5238371,1490
0.53552306,1491
0.49947554,1492
0.50083184,1493
0.5147104,1494
0.50716746,1495
0.496359,1496
0.5072943,1497
0.5219516,1498
0.53472066,1499
0.53633386,1500
0.5578301,1501
0.5181293,1502
0.5062497,1503
0.47749302,1504
0.49366507,1505
0.51650167,1506
0.5435612,1507
0.5145217,1508
0.5183759,1509
0.48778108,1510
0.49048623,1511
0.46279174,1512
0.45326638,1513
0.44775248,1514
0.4472142,1515
0.45133293,1516
0.45111462,1517
0.44411185,1518
0.46081975,1519
0.4424814,1520
0.48175868,1521
0.47832346,1522
0.46988723,1523
0.47644776,1524
0.48682383,1525
0.45936874,1526
0.42620334,1527
0.45759282,1528
0.45597982,1529
0.45478353,1530
0.4728678,1531
0.5069096,1532
0.5672814,1533
0.63618946,1534
0.6283041,1535
0.59029543,1536
0.58294994,1537
0.6085565,1538
0.61553663,1539
0.618675,1540
0.5902252,1541
0.5905834,1542
0.61747044,1543
0.63140404,1544
0.68211746,1545
0.7497559,1546
0.74539953,1547
0.74848294,1548
0.7787231,1549
0.79976255,1550
0.8212282,1551
0.7624254,1552
0.7143875,1553
0.6820236,1554
0.6713707,1555
0.6653565,1556
0.65848184,1557
0.6425721,1558
0.63879776,1559
0.6259463,1560
0.6256548,1561
0.67068166,1562
0.65422344,1563
0.6543157,1564
0.5951545,1565
0.49252623,1566
0.47546133,1567
0.45092598,1568
0.48835322,1569
0.49427977,1570
0.4698982,1571
0.48024884,1572
0.47190857,1573
0.44091216,1574
0.4487607,1575
0.45479596,1576
0.49946782,1577
0.51827264,1578
0.54045266,1579
0.51990044,1580
0.5510173,1581
0.5613446,1582
0.5471659,1583
0.544128,1584
0.5764063,1585
0.60411924,1586
0.61438096,1587
0.6531579,1588
0.66986024,1589
0.6654071,1590
0.62711954,1591
0.65019244,1592
0.69724524,1593
0.7202389,1594
0.7265693,1595
0.7366535,1596
0.67445904,1597
0.6840246,1598
0.65704405,1599
0.7110324,1600
0.68378675,1601
0.66746503,1602
0.63822,1603
0.6442927,1604
0.61309564,1605
0.59059954,1606
0.57903475,1607
0.5521883,1608
0.5466352,1609
0.56604964,1610
0.5584114,1611
0.57098836,1612
0.5238184,1613
0.4777733,1614
0.48363525,1615
0.47569513,1616
0.48746896,1617
0.52232265,1618
0.5141637,1619
0.49477205,1620
0.49187353,1621
0.4798925,1622
0.4778988,1623
0.49003366,1624
0.5168654,1625
0.5540114,1626
0.55739766,1627
0.5572098,1628
0.5376612,1629
0.52137417,1630
0.5341652,1631
0.50654835,1632
0.5329347,1633
0.5616448,1634
0.54124904,1635
0.55968904,1636
0.5430614,1637
0.5270755,1638
0.54074395,1639
0.5054764,1640
0.5263724,1641
0.50807047,1642
0.51048446,1643
0.5056052,1644
0.5017924,1645
0.4708627,1646
0.46034062,1647
0.464702,1648
0.4798632,1649
0.47499207,1650
0.46974528,1651
0.4924011,1652
0.47558546,1653
0.43424967,1654
0.45958108,1655
0.45358914,1656
0.45795038,1657
0.4627436,1658
0.4893007,1659
0.48394108,1660
0.4460893,1661
0.4676658,1662
0.5150218,1663
0.5120037,1664
0.5362512,1665
0.54284954,1666
0.52845865,1667
0.52485293,1668
0.5419816,1669
0.55367446,1670
0.54698515,1671
0.5959457,1672
0.6021555,1673
0.5876561,1674
0.57785773,1675
0.5810001,1676
0.58476084,1677
0.59843016,1678
0.5626205,1679
0.5506534,1680
0.5444006,1681
0.53996384,1682
0.5308236,1683
0.5253649,1684
0.54154414,1685
0.5183643,1686
0.5172325,1687
0.5164215,1688
0.51761997,1689
0.511154,1690
0.5371763,1691
0.49891156,1692
0.5083643,1693
0.5300222,1694
0.5356347,1695
0.53117317,1696
0.51192105,1697
0.50484365,1698
0.52770436,1699
0.545725,1700
0.5500891,1701
0.5443627,1702
0.53432685,1703
0.52307016,1704
0.54333794,1705
0.5495684,1706
0.59003556,1707
0.5656789,1708
0.5659417,1709
0.5669832,1710
0.568365,1711
0.5887947,1712
0.56251824,1713
0.5794128,1714
0.54316825,1715
0.51553327,1716
0.5317947,1717
0.52602106,1718
0.52977926,1719
0.5439616,1720
0.5342389,1721
0.52661246,1722
0.49655733,1723
0.49734694,1724
0.5205389,1725
0.48924944,1726
0.46609014,1727
0.47890943,1728
0.48474336,1729
0.49037388,1730
0.4983275,1731
0.46430054,1732
0.46704337,1733
0.5094705,1734
0.5032093,1735
0.52250195,1736
0.49590215,1737
0.50183916,1738
0.48441154,1739
0.48486158,1740
0.5166537,1741
0.52490467,1742
0.5578736,1743
0.543129,1744
0.5553692,1745
0.5721484,1746
0.58601296,1747
0.5786527,1748
0.5500875,1749
0.55210984,1750
0.5606519,1751
0.5773169,1752
0.5642644,1753
0.50463665,1754
0.51503843,1755
0.5061545,1756
0.5129449,1757
0.51119417,1758
0.4918477,1759
0.55963075,1760
0.5727335,1761
0.58483475,1762
0.54889446,1763
0.5519615,1764
0.5322498,1765
0.5464299,1766
0.5371341,1767
0.5191768,1768
0.58812606,1769
0.6322702,1770
0.6038607,1771
0.6012178,1772
0.6066305,1773
0.61270535,1774
0.61936456,1775
0.6223293,1776
0.5877695,1777
0.5906162,1778
0.59666365,1779
0.5399548,1780
0.5158197,1781
0.5542063,1782
0.57289624,1783
0.63167596,1784
0.5957652,1785
0.5952598,1786
0.59624326,1787
0.60215557,1788
0.559533,1789
0.53680754,1790
0.5512584,1791
0.5522175,1792
0.53320915,1793
0.5286612,1794
0.5400708,1795
0.5305234,1796
0.56674707,1797
0.58194935,1798
0.58835334,1799
0.5415066,1800
0.5542584,1801
0.5501098,1802
0.5332173,1803
0.5062604,1804
0.53706795,1805
0.5475308,1806
0.52787006,1807
0.5351544,1808
0.5191973,1809
0.52309734,1810
0.5001676,1811
0.5061704,1812
0.51424867,1813
0.54587525,1814
0.5516333,1815
0.54646486,1816
0.5498932,1817
0.5122771,1818
0.54704875,1819
0.5494051,1820
0.5495372,1821
0.5095008,1822
0.5267645,1823
0.61924386,1824
0.5812002,1825
0.5926448,1826
0.6191044,1827
0.60225666,1828
0.60780185,1829
0.6120172,1830
0.626667,1831
0.6052511,1832
0.62787133,1833
0.6260703,1834
0.61830235,1835
0.62021434,1836
0.5920302,1837
0.5803049,1838
0.5685802,1839
0.56915665,1840
0.58720356,1841
0.57335824,1842
0.57636756,1843
0.4654995,1844
0.48940897,1845
0.47134796,1846
0.45953718,1847
0.48406756,1848
0.46478453,1849
0.48979187,1850
0.49722216,1851
0.51564294,1852
0.48738265,1853
0.4821195,1854
0.5023663,1855
0.5226441,1856
0.5088692,1857
0.5240868,1858
0.5222119,1859
0.5321575,1860
0.51210344,1861
0.51250595,1862
0.5178402,1863
0.5137911,1864
0.5234656,1865
0.488436,1866
0.49815413,1867
0.47771442,1868
0.51546305,1869
0.4963427,1870
0.4755536,1871
0.49482056,1872
0.49778453,1873
0.48332998,1874
0.49932978,1875
0.5189117,1876
0.5234677,1877
0.5405844,1878
0.50622416,1879
0.47838017,1880
0.46555054,1881
0.47278076,1882
0.50163245,1883
0.50236315,1884
0.48681685,1885
0.51241535,1886
0.53008693,1887
0.5831743,1888
0.5488613,1889
0.58103657,1890
0.5716634,1891
0.5973778,1892
0.59426546,1893
0.63738745,1894
0.6260054,1895
0.58597976,1896
0.56545544,1897
0.5618504,1898
0.62559766,1899
0.6130522,1900
0.62400144,1901
0.5856372,1902
0.5997783,1903
0.6343161,1904
0.6355367,1905
0.5994797,1906
0.57458323,1907
0.5118387,1908
0.5043199,1909
0.44581056,1910
0.44953543,1911
0.42519617,1912
0.41881502,1913
0.43596488,1914
0.42756915,1915
0.41930118,1916
0.42781642,1917
0.4395899,1918
0.38493487,1919
0.38237706,1920
0.3660364,1921
0.3888174,1922
0.36392874,1923
0.34291315,1924
0.34688354,1925
0.35481918,1926
0.3625102,1927
0.37647256,1928
0.37749153,1929
0.3623978,1930
0.36955824,1931
0.37128973,1932
0.3801419,1933
0.36127982,1934
0.354015,1935
0.36454508,1936
0.36174822,1937
0.3326595,1938
0.33531424,1939
0.33300868,1940
0.34034684,1941
0.41596392,1942
0.42654675,1943
0.423863,1944
0.41896808,1945
0.42879978,1946
0.4457044,1947
0.44013554,1948
0.47649062,1949
0.49069554,1950
0.45500916,1951
1.5132631,1952
1.5610085,1953
1.5428241,1954
1.561034,1955
1.538951,1956
1.5687975,1957
1.5986382,1958
1.584534,1959
1.5744761,1960
1.583556,1961
1.5475248,1962
1.5430572,1963
1.5819091,1964
1.6284993,1965
1.6138897,1966
1.6349247,1967
1.608626,1968
1.5893385,1969
1.6030289,1970
1.6121418,1971
0.5642985,1972
0.54670435,1973
0.5549371,1974
0.52371746,1975
0.54795283,1976
0.5316109,1977
0.5280522,1978
0.543324,1979
0.5655962,1980
0.5598231,1981
0.5236093,1982
0.5373174,1983
0.522562,1984
0.5138478,1985
0.53197753,1986
0.5185897,1987
0.50295645,1988
0.49038026,1989
0.4929611,1990
0.4978346,1991
0.48219344,1992
0.471396,1993
0.46825626,1994
0.43486297,1995
0.48370397,1996
0.49628702,1997
0.4998611,1998
0.48337942,1999
0.4934232,2000
0.5080895,2001
0.5143961,2002
0.51044637,2003
0.60961366,2004
0.61018234,2005
0.6043322,2006
0.6223555,2007
0.6273327,2008
0.66481584,2009
0.6321967,2010
0.63405114,2011
0.61403346,2012
0.6204022,2013
0.6381064,2014
0.638907,2015
0.6114024,2016
0.6103521,2017
0.5912249,2018
0.58422774,2019
0.5921852,2020
0.5912944,2021
0.5783273,2022
0.5586089,2023
0.4378248,2024
0.43780544,2025
0.45832017,2026
0.450489,2027
0.43534556,2028
0.41747358,2029
0.40329581,2030
0.38255233,2031
0.379266,2032
0.3789073,2033
0.39957497,2034
0.445789,2035
0.42886746,2036
0.42345148,2037
0.43040976,2038
0.4792778,2039
0.46193635,2040
0.4585536,2041
0.47426993,2042
0.4729558,2043
0.48806772,2044
0.47347054,2045
0.45915177,2046
0.446658,2047
0.49580723,2048
0.4965588,2049
0.4803888,2050
0.50277114,2051
0.51729876,2052
0.5042267,2053
0.48212877,2054
0.47539482,2055
0.46305338,2056
0.4676947,2057
0.46052256,2058
0.4217484,2059
0.43591958,2060
0.44399834,2061
0.4270676,2062
0.4464387,2063
0.4309192,2064
0.44157162,2065
0.44521448,2066
0.44762537,2067
0.43787584,2068
0.43029806,2069
0.44238007,2070
0.43813947,2071
0.5295742,2072
0.5342245,2073
0.54738927,2074
0.5359925,2075
0.5359352,2076
0.5863872,2077
0.5817649,2078
0.578693,2079
0.5886868,2080
0.5895091,2081
0.5972799,2082
0.56208706,2083
0.55652815,2084
0.5689995,2085
0.5403094,2086
0.58365184,2087
0.5807634,2088
0.5879247,2089
0.59615034,2090
0.5984571,2091
0.51157194,2092
0.50540864,2093
0.49630022,2094
0.49253365,2095
0.4730297,2096
0.45504057,2097
0.49315324,2098
0.48724562,2099
0.45434836,2100
0.46974406,2101
0.47361785,2102
0.5427892,2103
0.5417578,2104
0.5821331,2105
0.6155508,2106
0.5469959,2107
0.5058631,2108
0.4936596,2109
0.500344,2110
0.549827,2111
0.5553452,2112
0.56377625,2113
0.54011816,2114
0.5448004,2115
0.5861199,2116
0.59504,2117
0.5736986,2118
0.580232,2119
0.6044036,2120
0.5825042,2121
0.620432,2122
0.56707287,2123
0.57989776,2124
0.525875,2125
0.51069605,2126
0.53685075,2127
0.5563029,2128
0.54712313,2129
0.5489174,2130
0.49902746,2131
0.4951354,2132
0.4915509,2133
0.5023789,2134
0.5293496,2135
0.4898965,2136
0.48370674,2137
0.46713728,2138
0.46050388,2139
0.45392084,2140
0.47530422,2141
0.46854162,2142
0.47425982,2143
0.49540642,2144
0.4913909,2145
0.50846416,2146
0.47853878,2147
0.48520145,2148
0.5015782,2149
0.5081163,2150
0.51618785,2151
0.5326269,2152
0.5353102,2153
0.55435663,2154
0.5325252,2155
0.536504,2156
0.5288512,2157
0.5188473,2158
0.5107073,2159
0.5213874,2160
0.51425016,2161
0.53504354,2162
0.519935,2163
0.5151981,2164
0.51899433,2165
0.5697219,2166
0.5832784,2167
0.5721633,2168
0.5929915,2169
0.5888859,2170
0.59754366,2171
0.6077944,2172
0.6070827,2173
0.60748786,2174
0.62585235,2175
0.61673033,2176
0.62495685,2177
0.627454,2178
0.6370654,2179
0.6280614,2180
0.6470422,2181
0.6019244,2182
0.5949257,2183
0.6055239,2184
0.58255446,2185
0.591694,2186
0.58964205,2187
0.62474585,2188
0.57838386,2189
0.5956802,2190
0.63325256,2191
0.60876614,2192
0.6325334,2193
0.6252487,2194
0.58758545,2195
0.59341794,2196
0.6022586,2197
0.583463,2198
0.54956496,2199
0.55470943,2200
0.5334915,2201
0.53916454,2202
0.56121945,2203
0.56288767,2204
0.5871436,2205
0.53529775,2206
0.52179164,2207
0.5056107,2208
0.5185788,2209
0.5055188,2210
0.46602046,2211
0.46302533,2212
0.46866834,2213
0.46858847,2214
0.49417168,2215
0.5059651,2216
0.47567788,2217
0.47382513,2218
0.5295382,2219
0.5211996,2220
0.5460771,2221
0.5304128,2222
0.51894784,2223
0.5189094,2224
0.48825043,2225
0.47765088,2226
0.50064045,2227
0.50340396,2228
0.500152,2229
0.4987724,2230
0.48753208,2231
0.4726988,2232
0.4676164,2233
0.4641806,2234
0.456312,2235
0.45247668,2236
0.48888466,2237
0.48139763,2238
0.4768316,2239
0.50224006,2240
0.4733381,2241
0.47591332,2242
0.4758948,2243
0.4967155,2244
0.5079783,2245
0.48552093,2246
0.4821388,2247
0.49438703,2248
0.49174818,2249
0.4937915,2250
0.49806872,2251
0.49743947,2252
0.48700523,2253
0.48921534,2254
0.4984293,2255
0.4966327,2256
0.5010869,2257
0.48762915,2258
0.43526855,2259
0.42803228,2260
0.43388093,2261
0.4363778,2262
0.4310933,2263
0.40557802,2264
0.4035425,2265
0.41257286,2266
0.41771546,2267
0.4152964,2268
0.40733713,2269
0.38681605,2270
0.39493185,2271
0.40534097,2272
0.40913144,2273
0.40139753,2274
0.44743237,2275
0.44308197,2276
0.42032087,2277
0.41776428,2278
0.42402354,2279
0.43760484,2280
0.44148925,2281
0.44087785,2282
0.4586594,2283
0.48037764,2284
0.47095972,2285
0.47790232,2286
0.47317776,2287
0.46211818,2288
0.46081108,2289
0.47066036,2290
0.48879126,2291
0.47638705,2292
0.48681572,2293
0.48429322,2294
0.4377342,2295
0.44411272,2296
0.44270298,2297
0.44712895,2298
0.43965113,2299
0.43302718,2300
0.44800076,2301
0.46713033,2302
0.4532802,2303
0.4736637,2304
0.47411585,2305
0.47073984,2306
0.4726006,2307
0.47162676,2308
0.47219083,2309
0.5335326,2310
0.527761,2311
0.5136561,2312
0.51155,2313
0.52155244,2314
0.56423926,2315
0.60106313,2316
0.59870577,2317
0.60642624,2318
0.624059,2319
0.60151553,2320
0.5904344,2321
0.58413446,2322
0.5824892,2323
0.55711585,2324
0.5410131,2325
0.523777,2326
0.5406455,2327
0.58036596,2328
0.599666,2329
0.5451042,2330
0.53659374,2331
0.55977935,2332
0.53837657,2333
0.5795946,2334
0.5689547,2335
0.555863,2336
0.6321131,2337
0.6238073,2338
0.60889995,2339
0.6165677,2340
0.6720864,2341
0.658268,2342
0.6347885,2343
0.6260438,2344
0.67677456,2345
0.7161172,2346
0.6973086,2347
0.66999644,2348
0.6962531,2349
0.7093518,2350
0.7108967,2351
0.7033016,2352
0.7034703,2353
0.69738847,2354
0.6712437,2355
0.6640344,2356
0.61483514,2357
0.6335924,2358
0.6263026,2359
0.59749156,2360
0.54884756,2361
0.5286343,2362
0.54280686,2363
0.55546004,2364
0.5055125,2365
0.48561588,2366
0.48988795,2367
0.4837147,2368
0.48141646,2369
0.46934113,2370
0.47401664,2371
0.47748134,2372
0.48198688,2373
0.4634196,2374
0.4378425,2375
0.42459795,2376
0.42199472,2377
0.42163318,2378
0.41635376,2379
0.41425383,2380
0.40745574,2381
0.4395767,2382
0.4358006,2383
0.4515154,2384
0.47031742,2385
0.4878751,2386
0.49715328,2387
0.4865081,2388
0.48303702,2389
0.4878609,2390
0.4743679,2391
0.4591383,2392
0.47227952,2393
0.4754733,2394
0.46332616,2395
0.47621146,2396
0.45653334,2397
0.42026937,2398
0.42722163,2399
0.4346511,2400
0.435113,2401
0.4039135,2402
0.41973516,2403
0.38600114,2404
0.40735626,2405
0.43672484,2406
0.42306814,2407
0.41279083,2408
0.4080831,2409
0.4273196,2410
0.43107906,2411
0.4333564,2412
0.4121545,2413
0.4401859,2414
0.43792486,2415
0.4457815,2416
0.49052823,2417
0.49622107,2418
0.4946486,2419
0.49094978,2420
0.5017845,2421
0.51691186,2422
0.5607292,2423
0.55328596,2424
0.5430331,2425
0.4872949,2426
0.49484646,2427
0.49596402,2428
0.5065313,2429
0.5016042,2430
0.5262525,2431
0.5075369,2432
0.5263122,2433
0.50340587,2434
0.50947654,2435
0.5148896,2436
0.48490766,2437
0.51684606,2438
0.52106696,2439
0.5286861,2440
0.4913057,2441
0.4911343,2442
0.43953058,2443
0.44071198,2444
0.451394,2445
0.49295244,2446
0.48557934,2447
0.47471032,2448
0.4636709,2449
0.4641367,2450
0.42398646,2451
0.40526333,2452
0.37648404,2453
0.41387534,2454
0.43342608,2455
0.42194188,2456
0.4346171,2457
0.4739849,2458
0.48376906,2459
0.46941528,2460
0.47825095,2461
0.47442544,2462
0.4842449,2463
0.48374936,2464
0.46507218,2465
0.4262766,2466
0.447122,2467
0.42829576,2468
0.4254844,2469
0.44882983,2470
0.43286064,2471
0.4418139,2472
0.44633543,2473
0.47358173,2474
0.48585013,2475
0.507292,2476
0.50005186,2477
0.457419,2478
0.478176,2479
0.4914909,2480
0.46834713,2481
0.4741518,2482
0.4557081,2483
0.46333593,2484
0.46633685,2485
0.48217323,2486
0.49075544,2487
0.5083464,2488
0.5164872,2489
0.4824135,2490
0.49541408,2491
0.52847815,2492
0.5302322,2493
0.46096697,2494
0.4566279,2495
0.4361424,2496
0.47624972,2497
0.5135228,2498
0.52770203,2499
0.5428942,2500
0.5540178,2501
0.55759615,2502
0.6426009,2503
0.66561586,2504
0.672198,2505
0.7054779,2506
0.6654825,2507
0.67018276,2508
0.6799379,2509
0.6967422,2510
0.6552073,2511
0.62229806,2512
0.6488819,2513
0.6453183,2514
0.64016795,2515
0.65932536,2516
0.63846385,2517
0.57421273,2518
0.57522,2519
0.5572176,2520
0.5418846,2521
0.5423673,2522
0.4763326,2523
0.4667402,2524
0.50864446,2525
0.49349505,2526
0.51330966,2527
0.5132965,2528
0.53472054,2529
0.54265404,2530
0.51554626,2531
0.51711303,2532
0.560286,2533
0.5877411,2534
0.5862193,2535
0.5773769,2536
0.61301863,2537
0.69605166,2538
0.6145265,2539
0.5990574,2540
0.6185209,2541
0.61928105,2542
0.5947254,2543
0.5472653,2544
0.4946463,2545
0.5051588,2546
0.49352577,2547
0.49053854,2548
0.49546713,2549
0.46857923,2550
0.47877598,2551
0.4859342,2552
0.47215056,2553
0.45221567,2554
0.4699059,2555
0.45674857,2556
0.4506804,2557
0.46501425,2558
0.45522824,2559
0.48923483,2560
0.51267534,2561
0.5095253,2562
0.50353765,2563
0.49306592,2564
0.49665016,2565
0.48582026,2566
0.50201374,2567
0.51288867,2568
0.5063398,2569
0.5325816,2570
0.528491,2571
0.5187793,2572
0.49259913,2573
0.48082656,2574
0.47198713,2575
0.5293393,2576
0.53293645,2577
0.5156943,2578
0.53981316,2579
0.5272556,2580
0.5265895,2581
0.53364486,2582
0.52995163,2583
0.5407068,2584
0.54264325,2585
0.5577014,2586
0.5597787,2587
0.5305594,2588
0.5253186,2589
0.51531714,2590
0.53668904,2591
0.54772645,2592
0.5600139,2593
0.568983,2594
0.58558875,2595
0.5533189,2596
0.5708841,2597
0.5471595,2598
0.55050784,2599
0.5477231,2600
0.52638644,2601
0.51280963,2602
0.50307685,2603
0.50545365,2604
0.51398623,2605
0.5413517,2606
0.5060709,2607
0.5099493,2608
0.51769036,2609
0.5320033,2610
0.5193766,2611
0.48422503,2612
0.5013298,2613
0.47071752,2614
0.47366336,2615
0.4704342,2616
0.47641262,2617
0.49555072,2618
0.51263094,2619
0.52011216,2620
0.5788209,2621
0.5835446,2622
0.60212785,2623
0.58648115,2624
0.5703603,2625
0.5581009,2626
0.55383486,2627
0.522662,2628
0.53539735,2629
0.5436355,2630
0.564095,2631
0.58620197,2632
0.57200044,2633
0.6105736,2634
0.5814658,2635
0.62876666,2636
0.61233294,2637
0.6048876,2638
0.58430535,2639
0.58330595,2640
0.5261569,2641
0.52037495,2642
0.54357284,2643
0.5439195,2644
0.5524767,2645
0.53780854,2646
0.5357804,2647
0.5423099,2648
0.52488226,2649
0.53452927,2650
0.5234647,2651
0.50966203,2652
0.50379217,2653
0.48232785,2654
0.49777648,2655
0.4586634,2656
0.4788714,2657
0.49310586,2658
0.5045257,2659
0.49988365,2660
0.5032311,2661
0.48700556,2662
0.4563721,2663
0.45449555,2664
0.42902967,2665
0.43039748,2666
0.43749502,2667
0.41833013,2668
0.4310771,2669
0.48163632,2670
0.47731227,2671
0.50130886,2672
0.48697117,2673
0.48815542,2674
0.46464103,2675
0.43572226,2676
0.40826634,2677
0.40376198,2678
0.4457161,2679
0.439298,2680
0.49914822,2681
0.5052679,2682
0.5041446,2683
0.53166586,2684
0.53604555,2685
0.55660534,2686
0.55640036,2687
0.57546973,2688
0.56321454,2689
0.54162085,2690
0.59535027,2691
0.5619173,2692
0.58382845,2693
0.5769354,2694
0.57672673,2695
0.5811904,2696
0.59461015,2697
0.5868609,2698
0.550283,2699
0.5543554,2700
0.5136361,2701
0.506,2702
0.51688534,2703
0.4924571,2704
0.49650878,2705
0.49821123,2706
0.50003326,2707
0.48827487,2708
0.5086825,2709
0.50957507,2710
0.4537569,2711
0.47692984,2712
0.48615235,2713
0.47302812,2714
0.50111103,2715
0.48741415,2716
0.49769223,2717
0.51477075,2718
0.5320501,2719
0.5182501,2720
0.5184387,2721
0.5308042,2722
0.52595884,2723
0.52913284,2724
0.5106808,2725
0.5345532,2726
0.52049494,2727
0.55049855,2728
0.56774074,2729
0.5665072,2730
0.582382,2731
0.57514805,2732
0.5608608,2733
0.5567836,2734
0.5509019,2735
0.55476546,2736
0.5498927,2737
0.5658812,2738
0.55047005,2739
0.5815051,2740
0.5768651,2741
0.5628583,2742
0.58643204,2743
0.61020595,2744
0.61008793,2745
0.5748401,2746
0.566936,2747
0.55678326,2748
0.5243945,2749
0.5142597,2750
0.48669487,2751
0.4486257,2752
0.4427752,2753
0.5025633,2754
0.5396062,2755
0.55683976,2756
0.5658609,2757
0.5449867,2758
0.5392129,2759
0.49313903,2760
0.56337273,2761
0.54051447,2762
0.5247669,2763
0.5430271,2764
0.5459232,2765
0.531979,2766
0.53541625,2767
0.5244537,2768
0.5187366,2769
0.52059674,2770
0.5427616,2771
0.56808966,2772
0.5780269,2773
0.52020705,2774
0.47259557,2775
0.46572763,2776
0.46852848,2777
0.4775008,2778
0.47863552,2779
0.4849036,2780
0.44490936,2781
0.4837124,2782
0.53448284,2783
0.5321528,2784
0.52711976,2785
0.5296717,2786
0.4929751,2787
0.49480093,2788
0.50402284,2789
0.5077837,2790
0.4849306,2791
0.48221967,2792
0.479038,2793
0.4739651,2794
0.4916919,2795
0.50421745,2796
0.49301055,2797
0.47523788,2798
0.47185895,2799
0.48643294,2800
0.48665947,2801
0.4970023,2802
0.42863274,2803
0.45090175,2804
0.4561677,2805
0.45543265,2806
0.46203557,2807
0.46032506,2808
0.4644203,2809
0.45140842,2810
0.49451426,2811
0.49956304,2812
0.52039963,2813
0.5398515,2814
0.5379003,2815
0.5284714,2816
0.5253586,2817
0.54580843,2818
0.5664521,2819
0.57540464,2820
0.5806621,2821
0.53313935,2822
0.56319743,2823
0.56516284,2824
0.5826892,2825
0.5776103,2826
0.56914,2827
0.56603724,2828
0.55682313,2829
0.5888021,2830
0.550478,2831
0.56872815,2832
0.5718114,2833
0.546958,2834
0.5355439,2835
0.5328182,2836
0.51699257,2837
0.49326792,2838
0.48698905,2839
0.47244087,2840
0.47350734,2841
0.5114021,2842
0.48521188,2843
0.48940864,2844
0.4960106,2845
0.5086091,2846
0.5027999,2847
0.51908916,2848
0.5172706,2849
0.5096827,2850
0.50431734,2851
0.48389438,2852
0.4951464,2853
0.5176894,2854
0.52507335,2855
0.5181746,2856
0.5468903,2857
0.53686154,2858
0.54207766,2859
0.5197047,2860
0.5141702,2861
0.47349018,2862
0.4798141,2863
0.46238124,2864
0.44612902,2865
0.44322735,2866
0.43531746,2867
0.41166732,2868
0.4260706,2869
0.41742945,2870
0.4304757,2871
0.50829583,2872
0.49446124,2873
0.4742673,2874
0.4450698,2875
0.44548404,2876
0.4188221,2877
0.431732,2878
0.43886682,2879
0.4489197,2880
0.46398783,2881
0.4659303,2882
0.4848349,2883
0.49003714,2884
0.5054488,2885
0.4837221,2886
0.472239,2887
0.50376093,2888
0.4967271,2889
0.5052852,2890
0.527078,2891
0.4624694,2892
0.5020377,2893
0.52260715,2894
0.5345621,2895
0.5501744,2896
0.55026513,2897
0.53305787,2898
0.51673865,2899
0.51530915,2900
0.534107,2901
0.5268117,2902
0.54156625,2903
0.5719741,2904
0.58367693,2905
0.56720173,2906
0.566225,2907
0.55018556,2908
0.55524033,2909
0.6068165,2910
0.582582,2911
0.57029146,2912
0.5572619,2913
0.57552445,2914
0.5497617,2915
0.53756624,2916
0.5602662,2917
0.57761985,2918
0.58724624,2919
0.6224199,2920
0.6227066,2921
0.6250351,2922
0.62978953,2923
0.5868945,2924
0.55694056,2925
0.5429771,2926
0.5444746,2927
0.5902097,2928
0.59760517,2929
0.61379105,2930
0.5774953,2931
0.5557201,2932
0.5807194,2933
0.5714121,2934
0.57692975,2935
0.536391,2936
0.5388998,2937
0.5412652,2938
0.51305187,2939
0.5103575,2940
0.5219926,2941
0.51172566,2942
0.4966599,2943
0.5110542,2944
0.5113825,2945
0.5134066,2946
0.5048979,2947
0.5250756,2948
0.53358215,2949
0.55384743,2950
0.5475048,2951
0.53471076,2952
0.5274159,2953
0.5274216,2954
0.5323874,2955
0.5328125,2956
0.53025144,2957
0.5354962,2958
0.54444754,2959
0.5726559,2960
0.5717218,2961
0.5581503,2962
0.54803693,2963
0.5468727,2964
0.557864,2965
0.5527096,2966
0.5612265,2967
0.56392014,2968
0.5240066,2969
0.4904333,2970
0.4898318,2971
0.50673795,2972
0.5364675,2973
0.55769724,2974
0.5289219,2975
0.51745725,2976
0.5000588,2977
0.5093446,2978
0.5057408,2979
0.47203705,2980
0.4834578,2981
0.5156407,2982
0.5053459,2983
0.49607974,2984
0.48947048,2985
0.48924324,2986
0.49322492,2987
0.46174386,2988
0.45152876,2989
0.45342913,2990
0.4253834,2991
0.43966338,2992
0.40516824,2993
0.36671427,2994
0.36722836,2995
0.35483342,2996
0.37703246,2997
0.38435093,2998
0.36836854,2999
0.35875326,3000
0.387055,3001
0.3841842,3002
0.4024414,3003
0.44167385,3004
0.44916338,3005
0.4667198,3006
0.47592476,3007
0.48024818,3008
0.49371913,3009
0.49948904,3010
0.5109794,3011
0.4888816,3012
0.5058864,3013
0.5068184,3014
0.53178656,3015
0.55588007,3016
0.540761,3017
0.53503245,3018
0.554059,3019
0.5689935,3020
0.53836244,3021
0.551924,3022
0.5683453,3023
0.54202735,3024
0.5052601,3025
0.49467593,3026
0.48626322,3027
0.5085986,3028
0.5132796,3029
0.5019561,3030
0.51419103,3031
0.5099185,3032
0.48543122,3033
0.4648881,3034
0.4641375,3035
0.44816723,3036
0.4458198,3037
0.45029807,3038
0.43744332,3039
0.43374512,3040
0.40380213,3041
0.41382864,3042
0.3846042,3043
0.3727192,3044
0.38280544,3045
0.3775015,3046
0.38256565,3047
0.37723985,3048
0.361151,3049
0.37322077,3050
0.34304148,3051
0.34535378,3052
0.3502584,3053
0.37734163,3054
0.38106546,3055
0.38972238,3056
0.4110911,3057
0.46049687,3058
0.48575553,3059
0.46638665,3060
0.50071025,3061
0.5173768,3062
0.54262143,3063
0.5683671,3064
0.60178506,3065
0.6037946,3066
0.5780478,3067
0.56772125,3068
0.5899428,3069
0.5676138,3070
0.5744699,3071
0.5996841,3072
0.5941761,3073
0.58275956,3074
0.5875873,3075
0.5969445,3076
0.56847167,3077
0.5347757,3078
0.52303886,3079
0.52384496,3080
0.5290629,3081
0.5425956,3082
0.52506876,3083
0.54956937,3084
0.5334315,3085
0.5562042,3086
0.5099331,3087
0.52427036,3088
0.50992215,3089
0.52275765,3090
0.50963986,3091
0.52445734,3092
0.5358521,3093
0.5809688,3094
0.6062602,3095
0.57705885,3096
0.5785684,3097
0.59666824,3098
0.546242,3099
0.5197745,3100
0.51040745,3101
0.56632924,3102
0.59033805,3103
0.5576277,3104
0.54614574,3105
0.56446224,3106
0.57249355,3107
0.58143765,3108
0.61257416,3109
0.66202617,3110
0.69750345,3111
0.6583016,3112
0.6244352,3113
0.594843,3114
0.5901189,3115
0.6130025,3116
0.6189208,3117
0.6421317,3118
0.64542997,3119
0.6821128,3120
0.6900998,3121
0.6576926,3122
0.63088506,3123
0.6275845,3124
0.625612,3125
0.6113313,3126
0.62866837,3127
0.630448,3128
0.6230388,3129
0.5571897,3130
0.5431425,3131
0.5455726,3132
0.54498446,3133
0.53938335,3134
0.6141842,3135
0.5875468,3136
0.6092811,3137
0.6133497,3138
0.6082035,3139
0.59091973,3140
0.5829993,3141
0.58400166,3142
0.61834127,3143
0.608448,3144
0.61830795,3145
0.6381887,3146
0.649708,3147
0.63457614,3148
0.6454491,3149
0.63286614,3150
0.6429589,3151
0.6321096,3152
0.59181744,3153
0.59106314,3154
0.5633978,3155
0.53982645,3156
0.5452968,3157
0.53835344,3158
0.5170007,3159
0.49238917,3160
0.50447005,3161
0.47420886,3162
0.45200443,3163
0.44673252,3164
0.43659538,3165
0.43782315,3166
0.4331262,3167
0.44902396,3168
0.4232033,3169
0.42455667,3170
0.41877452,3171
0.43073845,3172
0.43264344,3173
0.44975656,3174
0.44903442,3175
0.43875653,3176
0.468752,3177
0.48073834,3178
0.46845067,3179
0.47885537,3180
0.47050408,3181
0.45980197,3182
0.4517144,3183
0.44650328,3184
0.44753814,3185
0.43154767,3186
0.44538888,3187
0.4230856,3188
0.43027386,3189
0.4543229,3190
0.44960505,3191
0.45354286,3192
0.4501081,3193
0.4274921,3194
0.44479737,3195
0.47767985,3196
0.43196282,3197
0.4495353,3198
0.44153264,3199
0.41555342,3200
0.42669111,3201
0.44180638,3202
0.4386038,3203
0.44438055,3204
0.46270943,3205
0.48394126,3206
0.48154157,3207
0.46246886,3208
0.47808063,3209
0.47208256,3210
0.47935015,3211
0.48961356,3212
0.48389557,3213
0.45341635,3214
0.45004976,3215
0.47636658,3216
0.48437604,3217
0.4773931,3218
0.4741262,3219
0.46354216,3220
0.46722066,3221
0.43978637,3222
0.42909294,3223
0.44969264,3224
0.46190217,3225
0.50683284,3226
0.5133604,3227
0.51164687,3228
0.49312335,3229
0.52146506,3230
0.51482135,3231
0.49139875,3232
0.5232225,3233
0.52848643,3234
0.5450562,3235
0.5309105,3236
0.53223664,3237
0.5419067,3238
0.5549759,3239
0.5768062,3240
0.5807482,3241
0.5809609,3242
0.589867,3243
0.59955794,3244
0.57211363,3245
0.52382654,3246
0.5218774,3247
0.4941557,3248
0.4973962,3249
0.47306126,3250
0.49257097,3251
0.48747227,3252
0.47834033,3253
0.48348922,3254
0.48038056,3255
0.4692055,3256
0.4745828,3257
0.4746494,3258
0.48481768,3259
0.47765914,3260
0.45373404,3261
0.45992807,3262
0.48403564,3263
0.47048718,3264
0.45453307,3265
0.4565103,3266
0.44910082,3267
0.47082078,3268
0.46400547,3269
0.47399122,3270
0.476455,3271
0.51454395,3272
0.4945555,3273
0.51387256,3274
0.52693176,3275
0.51350194,3276
0.5339501,3277
0.5133661,3278
0.5022057,3279
0.4896079,3280
0.48862553,3281
0.49440822,3282
0.460633,3283
0.4565281,3284
0.468312,3285
0.45614022,3286
0.46116844,3287
0.46270463,3288
0.44681746,3289
0.46422485,3290
0.4608612,3291
0.41455966,3292
0.41329843,3293
0.3987246,3294
0.38195205,3295
0.40748435,3296
0.37407663,3297
0.39476308,3298
0.37643102,3299
0.36901554,3300
0.36530623,3301
0.36153746,3302
0.38363805,3303
0.4743403,3304
0.45951262,3305
0.46618122,3306
0.4590935,3307
0.48258528,3308
0.48257288,3309
0.46432582,3310
0.45867574,3311
0.48635995,3312
0.4923467,3313
0.4983142,3314
0.5131853,3315
0.5026153,3316
0.51626855,3317
0.5231691,3318
0.53170407,3319
0.5657732,3320
0.5592217,3321
0.5952935,3322
0.6108862,3323
0.5406164,3324
0.5246105,3325
0.5758812,3326
0.5999068,3327
0.5720461,3328
0.56587,3329
0.57181084,3330
0.5704084,3331
0.5477943,3332
0.5448489,3333
0.5452448,3334
0.53899735,3335
0.5589547,3336
0.5668155,3337
0.6014471,3338
0.5689022,3339
0.56607926,3340
0.57159513,3341
0.53114456,3342
0.5092743,3343
0.49518102,3344
0.526733,3345
0.49611852,3346
0.47905493,3347
0.50713396,3348
0.5033212,3349
0.50676286,3350
0.5172895,3351
0.54015094,3352
0.55185705,3353
0.55082667,3354
0.59643847,3355
0.5750062,3356
0.56661797,3357
0.5597256,3358
0.55995184,3359
0.5527801,3360
0.58427846,3361
0.58876663,3362
0.58219194,3363
0.60067976,3364
0.5712728,3365
0.56852084,3366
0.6124835,3367
0.5713854,3368
0.5411691,3369
0.55200505,3370
0.5479367,3371
0.538902,3372
0.5459727,3373
0.55619335,3374
0.54307204,3375
0.554274,3376
0.5637208,3377
0.549618,3378
0.5323937,3379
0.54491365,3380
0.5106169,3381
0.6369017,3382
0.653059,3383
0.6352228,3384
0.64164305,3385
0.63686305,3386
0.6407761,3387
0.65561205,3388
0.6877671,3389
0.6605955,3390
0.6361419,3391
0.65315545,3392
0.59942985,3393
0.59409225,3394
0.5476703,3395
0.52897376,3396
0.524094,3397
0.5389485,3398
0.5170614,3399
0.5450357,3400
0.5358065,3401
0.43327454,3402
0.44615114,3403
0.4530488,3404
0.43461826,3405
0.43923867,3406
0.4639532,3407
0.4624358,3408
0.46464068,3409
0.45438373,3410
0.457045,3411
0.47351593,3412
0.4654547,3413
0.4374515,3414
0.45053968,3415
0.45500392,3416
0.47252765,3417
0.45695466,3418
0.4622314,3419
0.45173505,3420
0.47093457,3421
0.47239032,3422
0.4345805,3423
0.44031617,3424
0.44078875,3425
0.45702463,3426
0.4222677,3427
0.42180586,3428
0.43615478,3429
0.43716142,3430
0.44333237,3431
0.42936888,3432
0.4299204,3433
0.47170663,3434
0.48370287,3435
0.4805356,3436
0.4442334,3437
0.48108712,3438
0.45109934,3439
0.43096662,3440
0.42330766,3441
0.45779333,3442
0.54366,3443
0.52754575,3444
0.53035533,3445
0.57332146,3446
0.60650027,3447
0.62761474,3448
0.62336046,3449
0.635149,3450
0.6286493,3451
0.62982285,3452
0.65398467,3453
0.64258116,3454
0.61591667,3455
0.62343496,3456
0.6345352,3457
0.62892574,3458
0.636784,3459
0.66498876,3460
0.641503,3461
0.62270606,3462
0.53914946,3463
0.5492595,3464
0.5371164,3465
0.42061538,3466
0.44436342,3467
0.43398142,3468
0.4595015,3469
0.45357013,3470
0.44939253,3471
0.4588522,3472
0.4595694,3473
0.46037182,3474
0.45391762,3475
0.4156123,3476
0.43224308,3477
0.40564758,3478
0.4150952,3479
0.43326616,3480
0.44140813,3481
0.4282646,3482
0.4342306,3483
0.43349606,3484
0.44265258,3485
0.45225054,3486
0.42186716,3487
0.44528,3488
0.43607235,3489
0.44566545,3490
0.50819486,3491
0.48787424,3492
0.48687115,3493
0.55635333,3494
0.52688676,3495
0.5254933,3496
0.54083025,3497
0.5277792,3498
0.51992196,3499
0.5169243,3500
0.5782209,3501
0.5857303,3502
0.59500045,3503
0.5947255,3504
0.59300756,3505
0.5979832,3506
0.62543267,3507
0.629328,3508
0.58600414,3509
0.60131115,3510
0.5594816,3511
0.56713426,3512
0.5629386,3513
0.53006434,3514
0.54707444,3515
0.549307,3516
0.53809345,3517
0.5473704,3518
0.522609,3519
0.5728354,3520
0.5310835,3521
0.5398851,3522
0.5138709,3523
0.5100152,3524
0.5240932,3525
0.5185699,3526
0.5174313,3527
0.50956047,3528
0.51700735,3529
0.46312952,3530
0.4758453,3531
0.46283928,3532
0.45810816,3533
0.44294232,3534
0.41178614,3535
0.44087377,3536
0.44469944,3537
0.43498316,3538
0.43920732,3539
0.36443096,3540
0.37942857,3541
0.3934416,3542
0.40268913,3543
0.4171221,3544
0.38745898,3545
0.39215916,3546
0.38786003,3547
0.4028435,3548
0.40577698,3549
0.4191238,3550
0.42401084,3551
0.41250443,3552
0.425996,3553
0.43185964,3554
0.4832761,3555
0.47120553,3556
0.47287306,3557
0.49156746,3558
0.5181638,3559
0.5288649,3560
0.5401473,3561
0.5310431,3562
0.5119664,3563
0.5080725,3564
0.50513697,3565
0.5765551,3566
0.6046758,3567
0.5930251,3568
0.5913068,3569
0.57410175,3570
0.5631714,3571
0.5707373,3572
0.59694064,3573
0.6042788,3574
0.55613637,3575
0.5644687,3576
0.5829606,3577
0.5903785,3578
0.5802697,3579
0.59357965,3580
0.57502675,3581
0.5895531,3582
0.6048382,3583
0.58707494,3584
0.6129367,3585
0.6087138,3586
0.5953245,3587
0.573791,3588
0.58371234,3589
0.5899571,3590
0.6127043,3591
0.5981537,3592
0.6191153,3593
0.63763875,3594
0.63755107,3595
0.64453703,3596
0.6277556,3597
0.58220375,3598
0.6050174,3599
0.58495647,3600
0.57779664,3601
0.57708097,3602
0.598072,3603
0.61838114,3604
0.6396646,3605
0.5814236,3606
0.5538382,3607
0.5620411,3608
0.5676545,3609
0.5846129,3610
0.53452235,3611
0.53915656,3612
0.5165185,3613
0.48647076,3614
0.49926165,3615
0.46681428,3616
0.44654793,3617
0.4437724,3618
0.4279228,3619
0.43979287,3620
0.44863546,3621
0.44674605,3622
0.40979964,3623
0.39869654,3624
0.3788539,3625
0.3725436,3626
0.37626636,3627
0.38454747,3628
0.40117317,3629
0.37284166,3630
0.3718209,3631
0.40860456,3632
0.4207176,3633
0.42220768,3634
0.43476507,3635
0.44337183,3636
0.44364977,3637
0.45242554,3638
0.44549492,3639
0.4674194,3640
0.480393,3641
0.49830988,3642
0.5079668,3643
0.51137155,3644
0.5466832,3645
0.5373781,3646
0.52068484,3647
0.5380195,3648
0.508431,3649
0.53481615,3650
0.54076415,3651
0.5159758,3652
0.7664535,3653
0.76725304,3654
0.7972306,3655
0.79871833,3656
0.7944863,3657
0.831621,3658
0.83599794,3659
0.8143605,3660
0.7810952,3661
0.80418265,3662
0.7612132,3663
0.77598906,3664
0.7793421,3665
0.7782448,3666
0.805128,3667
0.7906408,3668
0.7670096,3669
0.78128994,3670
0.80213666,3671
0.7875954,3672
0.5416831,3673
0.5258478,3674
0.5479834,3675
0.55670035,3676
0.55450547,3677
0.507409,3678
0.51040804,3679
0.49045357,3680
0.5216714,3681
0.55542254,3682
0.58871305,3683
0.58797336,3684
0.6032466,3685
0.6253408,3686
0.5999367,3687
0.5590916,3688
0.55325425,3689
0.5477153,3690
0.5329365,3691
0.51779103,3692
0.4936911,3693
0.4821876,3694
0.5133047,3695
0.5197045,3696
0.5204883,3697
0.5426933,3698
0.5568982,3699
0.5712474,3700
0.5459816,3701
0.5469499,3702
0.5085038,3703
0.5018199,3704
0.50338894,3705
0.5246392,3706
0.53262603,3707
0.5268885,3708
0.5208204,3709
0.55784017,3710
0.6077709,3711
0.5970689,3712
0.58604205,3713
0.6057605,3714
0.57825744,3715
0.58034915,3716
0.55326205,3717
0.53855515,3718
0.57130474,3719
0.5557327,3720
0.5502744,3721
0.5373565,3722
0.5415892,3723
0.53912985,3724
0.543883,3725
0.5385377,3726
0.5357373,3727
0.5433509,3728
0.5393961,3729
0.5653872,3730
0.49865046,3731
0.50737935,3732
0.5039507,3733
0.48636517,3734
0.49676266,3735
0.5636851,3736
0.5539321,3737
0.56743866,3738
0.54418224,3739
0.5655991,3740
0.54660183,3741
0.52014524,3742
0.52956,3743
0.548295,3744
0.52396476,3745
0.5560858,3746
0.58105606,3747
0.5714398,3748
0.57680786,3749
0.5563678,3750
0.55145943,3751
0.56720436,3752
0.56547326,3753
0.5537508,3754
0.5656578,3755
0.53336585,3756
0.5505625,3757
0.5744753,3758
0.56962717,3759
0.5379792,3760
0.5367786,3761
0.5509757,3762
0.5450984,3763
0.5682184,3764
0.57059985,3765
0.5198775,3766
0.4989893,3767
0.4991345,3768
0.4951655,3769
0.5138407,3770
0.5043938,3771
0.4879438,3772
0.48126906,3773
0.5051573,3774
0.50271076,3775
0.53150696,3776
0.5105851,3777
0.49265423,3778
0.51430255,3779
0.5155298,3780
0.5158952,3781
0.48395962,3782
0.49009895,3783
0.45630088,3784
0.4588353,3785
0.4136218,3786
0.43944716,3787
0.45080152,3788
0.47619122,3789
0.4710068,3790
0.4786564,3791
0.4916853,3792
0.4797543,3793
0.49265635,3794
0.470974,3795
0.46392787,3796
0.46907836,3797
0.4756794,3798
0.46085206,3799
0.45016688,3800
0.4567029,3801
0.477159,3802
0.4932041,3803
0.48713928,3804
0.49350297,3805
0.5207529,3806
0.514558,3807
0.51258427,3808
0.4700187,3809
0.46570802,3810
0.51267385,3811
0.5060466,3812
0.5163181,3813
0.51130956,3814
0.51437664,3815
0.5030059,3816
0.5004082,3817
0.4804745,3818
0.4774636,3819
0.4944524,3820
0.49475354,3821
0.5122272,3822
0.49695614,3823
0.4624499,3824
0.4705202,3825
0.43637347,3826
0.45147353,3827
0.50121784,3828
0.5282775,3829
0.5241305,3830
0.5048941,3831
0.48251474,3832
0.4902332,3833
0.4853513,3834
0.49570113,3835
0.4964923,3836
0.51339746,3837
0.5109788,3838
0.5040939,3839
0.49629316,3840
0.5277891,3841
0.5284546,3842
0.5320323,3843
0.5473275,3844
0.53261197,3845
0.5625041,3846
0.56143624,3847
0.5380918,3848
0.5169369,3849
0.5159519,3850
0.5250219,3851
0.5407111,3852
0.57631403,3853
0.5752887,3854
0.5803187,3855
0.5577133,3856
0.5775027,3857
0.5696608,3858
0.6055019,3859
0.62018836,3860
0.5834637,3861
0.5454779,3862
0.53044236,3863
0.5590964,3864
0.5699795,3865
0.5566131,3866
0.55359757,3867
0.5421268,3868
0.53782713,3869
0.534941,3870
0.5410194,3871
0.5338075,3872
0.4767312,3873
0.5143389,3874
0.5437015,3875
0.56103766,3876
0.56169575,3877
0.53482354,3878
0.5267772,3879
0.5246882,3880
0.53112185,3881
0.56717336,3882
0.547809,3883
0.54490036,3884
0.5324961,3885
0.53953505,3886
0.5151674,3887
0.5147666,3888
0.55183595,3889
0.5358482,3890
0.5578994,3891
0.54811543,3892
0.5577809,3893
0.53826547,3894
0.5083757,3895
0.5120657,3896
0.48614237,3897
0.51403636,3898
0.51299185,3899
0.50793403,3900
0.5433756,3901
0.52356565,3902
0.53439194,3903
0.50602114,3904
0.50323445,3905
0.5044568,3906
0.5078863,3907
0.48528957,3908
0.4681341,3909
0.4698812,3910
0.46191493,3911
0.49259984,3912
0.4580584,3913
0.4400041,3914
0.4402589,3915
0.45195645,3916
0.46287555,3917
0.44299522,3918
0.43237975,3919
0.4287391,3920
0.41943145,3921
0.42938676,3922
0.42609873,3923
0.44535986,3924
0.44041055,3925
0.5060479,3926
0.5059041,3927
0.5122319,3928
0.52888453,3929
0.54153466,3930
0.5362202,3931
0.501702,3932
0.5273869,3933
0.5264179,3934
0.53956425,3935
0.512385,3936
0.4995591,3937
0.5364468,3938
0.55642337,3939
0.56901056,3940
0.5701267,3941
0.57347256,3942
0.56356525,3943
0.5551401,3944
0.570294,3945
0.50753343,3946
0.5250942,3947
0.5645834,3948
0.6063868,3949
0.5926317,3950
0.6205981,3951
0.6286665,3952
0.63862985,3953
0.6413066,3954
0.6244099,3955
0.6107735,3956
0.6075154,3957
0.57006896,3958
0.55903375,3959
0.55072516,3960
0.53307205,3961
0.52478325,3962
0.50996554,3963
0.53607947,3964
0.5616769,3965
0.57574576,3966
0.5880375,3967
0.581497,3968
0.5113444,3969
0.5147063,3970
0.47855347,3971
0.47725594,3972
0.49295646,3973
0.47619066,3974
0.48222682,3975
0.49352366,3976
0.5454434,3977
0.5487832,3978
0.54470307,3979
0.5444638,3980
0.55344784,3981
0.5591517,3982
0.5855139,3983
0.54532534,3984
0.554076,3985
0.542319,3986
0.5655877,3987
0.5230226,3988
0.5091036,3989
0.51786715,3990
0.50952554,3991
0.5260129,3992
0.51596993,3993
0.50392926,3994
0.51088464,3995
0.514413,3996
0.46320704,3997
0.478717,3998
0.46110612,3999
0.47759357,4000
0.47686383,4001
0.4770193,4002
0.47341785,4003
0.49583697,4004
0.47691664,4005
0.47614074,4006
0.4630631,4007
0.4679156,4008
0.4621204,4009
0.46930724,4010
0.4667446,4011
0.43412432,4012
0.44342738,4013
0.45158926,4014
0.44773546,4015
0.4702334,4016
0.47457424,4017
0.45599082,4018
0.4518525,4019
0.46618077,4020
0.47273678,4021
0.47705254,4022
0.47992134,4023
0.4749512,4024
0.4915203,4025
0.49913457,4026
0.49914166,4027
0.5147564,4028
0.5395294,4029
0.5312412,4030
0.5154836,4031
0.5164104,4032
0.516506,4033
0.5669298,4034
0.5914278,4035
0.5607804,4036
0.5673182,4037
0.5619951,4038
0.5634255,4039
0.54819256,4040
0.56029034,4041
0.49997655,4042
0.52891463,4043
0.5232173,4044
0.53105754,4045
0.5361962,4046
0.5595019,4047
0.55403364,4048
0.55267066,4049
0.5531081,4050
0.603751,4051
0.6255211,4052
0.6052039,4053
0.78633696,4054
0.7799959,4055
0.76651263,4056
0.7727036,4057
0.7938794,4058
0.75277257,4059
0.778195,4060
0.7740066,4061
0.8325938,4062
0.82212037,4063
0.8040033,4064
0.7641594,4065
0.7305805,4066
0.7403664,4067
0.7484585,4068
0.77150583,4069
0.7949535,4070
0.76987827,4071
0.79132944,4072
0.821672,4073
0.56046325,4074
0.5650509,4075
0.55481994,4076
0.5243014,4077
0.5238152,4078
0.5172093,4079
0.5105871,4080
0.56151897,4081
0.51123154,4082
0.5056018,4083
0.5323852,4084
0.5279595,4085
0.52754754,4086
0.51210827,4087
0.5354192,4088
0.4787723,4089
0.46367466,4090
0.4733851,4091
0.48149258,4092
0.47347257,4093
0.48275408,4094
0.49001735,4095
0.49628335,4096
0.4995231,4097
0.50922847,4098
0.4942995,4099
0.50830406,4100
0.4768206,4101
0.48108324,4102
0.48486763,4103
0.45346615,4104
0.47060746,4105
0.46784523,4106
0.48546603,4107
0.50566894,4108
0.5095408,4109
0.48211217,4110
0.48504463,4111
0.44669992,4112
0.4246795,4113
0.44080165,4114
0.48774967,4115
0.48941782,4116
0.47312966,4117
0.44967237,4118
0.47308397,4119
0.5022388,4120
0.52642065,4121
0.51230323,4122
0.5121853,4123
0.5111038,4124
0.49490854,4125
0.50758797,4126
0.49696603,4127
0.4622089,4128
0.4610343,4129
0.45783487,4130
0.45311278,4131
0.4539059,4132
0.4475497,4133
0.4370547,4134
0.39843082,4135
0.3838825,4136
0.4158574,4137
0.446342,4138
0.44670707,4139
0.42690653,4140
0.4439574,4141
0.43198076,4142
0.4185013,4143
0.4259797,4144
0.4272132,4145
0.43388218,4146
0.4194923,4147
0.41748935,4148
0.41500938,4149
0.40581727,4150
0.41018096,4151
0.41261247,4152
0.44359073,4153
0.43010163,4154
0.44109794,4155
0.4420216,4156
0.42703268,4157
0.39321372,4158
0.36681432,4159
0.38967028,4160
0.38555324,4161
0.39841753,4162
0.41482496,4163
0.4256413,4164
0.42010567,4165
0.40253088,4166
0.40470192,4167
0.41540658,4168
0.43892744,4169
0.46041134,4170
0.45440167,4171
0.45495728,4172
0.4213631,4173
0.44642404,4174
0.44866946,4175
0.45199698,4176
0.45627168,4177
0.4594804,4178
0.44468153,4179
0.4433427,4180
0.44034484,4181
0.43845668,4182
0.47164336,4183
0.46612012,4184
0.50073296,4185
0.5004769,4186
0.5015458,4187
0.5164215,4188
0.52104676,4189
0.56492186,4190
0.55548245,4191
0.54563963,4192
0.54441047,4193
0.5122912,4194
0.50329643,4195
0.51714206,4196
0.505094,4197
0.5130108,4198
0.53310275,4199
0.5123801,4200
0.5411876,4201
0.53124434,4202
0.46705884,4203
0.46820235,4204
0.50717336,4205
0.5006458,4206
0.49813223,4207
0.48962894,4208
0.49795026,4209
0.44275117,4210
0.40906167,4211
0.3933829,4212
0.41225925,4213
0.45007166,4214
0.45257142,4215
0.445951,4216
0.43323505,4217
0.40575418,4218
0.43219805,4219
0.43952045,4220
0.42672563,4221
0.43328553,4222
0.45088354,4223
0.4568227,4224
0.46735287,4225
0.46626383,4226
0.49376217,4227
0.49556243,4228
0.49914134,4229
0.51430213,4230
0.5229032,4231
0.5251252,4232
0.53766835,4233
0.50623554,4234
0.5237436,4235
0.5439816,4236
0.54965234,4237
0.52509075,4238
0.5316139,4239
0.52285385,4240
1.0260327,4241
1.014437,4242
0.98986554,4243
1.0001966,4244
1.0035801,4245
0.9972256,4246
0.9956712,4247
0.9900524,4248
0.97592676,4249
0.9759056,4250
0.9778013,4251
0.96247053,4252
0.94896626,4253
0.97229177,4254
0.97404456,4255
0.968007,4256
0.99025667,4257
1.0075443,4258
1.0073688,4259
1.0292909,4260
0.5334004,4261
0.53828275,4262
0.54734296,4263
0.5350034,4264
0.50829476,4265
0.5261954,4266
0.55503035,4267
0.56424135,4268
0.56164867,4269
0.579464,4270
0.60543346,4271
0.6477073,4272
0.6577284,4273
0.631907,4274
0.64825416,4275
0.6237651,4276
0.60720164,4277
0.61282957,4278
0.6059504,4279
0.6240438,4280
0.66009825,4281
0.6441083,4282
0.58552533,4283
0.5793554,4284
0.5552838,4285
0.5792714,4286
0.5400068,4287
0.5150063,4288
0.5114674,4289
0.47660565,4290
0.4607756,4291
0.43947563,4292
0.45194045,4293
0.44570172,4294
0.43827945,4295
0.47722447,4296
0.4993059,4297
0.50097257,4298
0.51946723,4299
0.50655085,4300
0.4554283,4301
0.464823,4302
0.49841782,4303
0.49385878,4304
0.502209,4305
0.48068333,4306
0.5094948,4307
0.52033395,4308
0.5259308,4309
0.5251092,4310
0.50744706,4311
0.49934992,4312
0.48373044,4313
0.5498662,4314
0.5434709,4315
0.49507138,4316
0.48355752,4317
0.47004524,4318
0.44348153,4319
0.43680027,4320
0.4479667,4321
0.4535177,4322
0.4290795,4323
0.43114525,4324
0.43981564,4325
0.425739,4326
0.4170208,4327
0.42768964,4328
0.45963806,4329
0.4646983,4330
0.5077432,4331
0.5118766,4332
0.5507684,4333
0.5009902,4334
0.50842696,4335
0.5014391,4336
0.5058255,4337
0.50432277,4338
0.5468175,4339
0.5517396,4340
0.5449532,4341
0.5106329,4342
0.50409365,4343
0.50544834,4344
0.49662337,4345
0.49354428,4346
0.47557738,4347
0.46925667,4348
0.44533268,4349
0.44911194,4350
0.41007328,4351
0.40039644,4352
0.3871643,4353
0.38613874,4354
0.39433795,4355
0.38475505,4356
0.36831713,4357
0.40082937,4358
0.37581038,4359
0.3809921,4360
0.40867108,4361
0.40281853,4362
0.42416278,4363
0.42606267,4364
0.42581618,4365
0.46996534,4366
0.47912955,4367
0.4755757,4368
0.4974349,4369
0.49514866,4370
0.49472377,4371
0.52322155,4372
0.5240328,4373
0.49045742,4374
0.4807863,4375
0.49169284,4376
0.46905458,4377
0.46462017,4378
0.4837905,4379
0.48401254,4380
0.45450816,4381
0.47681496,4382
0.44129077,4383
0.43876016,4384
0.48927084,4385
0.47921216,4386
0.4631526,4387
0.44965804,4388
0.44094333,4389
0.4461456,4390
0.45102417,4391
0.45581552,4392
0.4482698,4393
0.46274433,4394
0.4779403,4395
0.47022486,4396
0.4800558,4397
0.461812,4398
0.45708525,4399
0.46258348,4400
0.45092547,4401
0.44425604,4402
0.43886012,4403
0.47477734,4404
0.43961233,4405
0.42964312,4406
0.4676846,4407
0.46805292,4408
0.47821692,4409
0.48269844,4410
0.52560365,4411
0.5311822,4412
0.5481604,4413
0.54901385,4414
0.54560906,4415
0.5237552,4416
0.5395271,4417
0.5502936,4418
0.5390897,4419
0.5267325,4420
0.5174803,4421
0.54848665,4422
0.55231565,4423
0.52831894,4424
0.57486206,4425
0.57912886,4426
0.55209357,4427
0.56183463,4428
0.5606541,4429
0.54099816,4430
0.48111078,4431
0.50062,4432
0.48401377,4433
0.5310671,4434
0.5276842,4435
0.5398763,4436
0.53325653,4437
0.548872,4438
0.56558025,4439
0.5673521,4440
0.58811635,4441
0.5676475,4442
0.58975255,4443
0.60105824,4444
0.5653999,4445
0.5737465,4446
0.5639002,4447
0.56013334,4448
0.55646473,4449
0.5648272,4450
0.5849474,4451
0.55447865,4452
0.6071093,4453
0.5877071,4454
0.6086649,4455
0.5708786,4456
0.57826686,4457
0.55381364,4458
0.58045536,4459
0.60722715,4460
0.60384583,4461
0.60662997,4462
0.5509659,4463
0.58492666,4464
0.5993007,4465
0.6021663,4466
0.60302824,4467
0.59867764,4468
0.5911786,4469
0.59226364,4470
0.56853324,4471
0.5675625,4472
0.53711957,4473
0.51632196,4474
0.5223047,4475
0.5320189,4476
0.5147454,4477
0.5079394,4478
0.44054547,4479
0.4265413,4480
0.42615715,4481
0.42318565,4482
0.42808244,4483
0.417953,4484
0.4013299,4485
0.37746146,4486
0.38101575,4487
0.39860564,4488
0.39913827,4489
0.40498117,4490
0.41727835,4491
0.42285788,4492
0.4242809,4493
0.43590897,4494
0.4210646,4495
0.41063353,4496
0.40923357,4497
0.41792655,4498
0.40861812,4499
0.41466397,4500
0.4087562,4501
0.45665345,4502
0.48349923,4503
0.43961102,4504
0.44688475,4505
0.4778384,4506
0.48771006,4507
0.4905982,4508
0.47479147,4509
0.521058,4510
0.5403229,4511
0.5373526,4512
0.5396423,4513
0.5411608,4514
0.54298687,4515
0.50585353,4516
0.49965194,4517
0.5113619,4518
0.51625484,4519
0.5027035,4520
0.5153081,4521
0.46492532,4522
0.463188,4523
0.45929322,4524
0.48538172,4525
0.46106237,4526
0.4251351,4527
0.448812,4528
0.49939284,4529
0.47438216,4530
0.4604511,4531
0.45272148,4532
0.45814854,4533
0.4488677,4534
0.46930525,4535
0.4676816,4536
0.47370702,4537
0.49102145,4538
0.5044908,4539
0.5319115,4540
0.51210386,4541
0.5037648,4542
0.5137226,4543
0.51217353,4544
0.5115028,4545
0.5051128,4546
0.53061426,4547
0.50679016,4548
0.48594606,4549
0.4753876,4550
0.47183755,4551
0.4811233,4552
0.4630175,4553
0.4646195,4554
0.46848372,4555
0.47977322,4556
0.48551393,4557
0.4976478,4558
0.47057712,4559
0.45853812,4560
0.4606113,4561
0.47293222,4562
0.4755076,4563
0.4638733,4564
0.45587254,4565
0.47390538,4566
0.4944573,4567
0.4622934,4568
0.47593498,4569
0.4648902,4570
0.46948263,4571
0.4629603,4572
0.47176504,4573
0.47720706,4574
0.4834461,4575
0.4967263,4576
0.4926668,4577
0.48410788,4578
0.5004925,4579
0.48691398,4580
0.4775675,4581
0.48980442,4582
0.52404594,4583
0.5436861,4584
0.54079527,4585
0.5200482,4586
0.501912,4587
0.533727,4588
0.5006461,4589
0.5041071,4590
0.48490268,4591
0.48587072,4592
0.48726127,4593
0.4863853,4594
0.4819918,4595
0.4713976,4596
0.4862534,4597
0.4928564,4598
0.5030243,4599
0.5167184,4600
0.52251476,4601
0.50749415,4602
0.4901982,4603
0.46419016,4604
0.46484932,4605
0.47433445,4606
0.4893324,4607
0.52109474,4608
0.49171993,4609
0.4901564,4610
0.5069696,4611
0.4963072,4612
0.49070323,4613
0.5093198,4614
0.51503325,4615
0.51782846,4616
0.5429265,4617
0.49679548,4618
0.5080589,4619
0.49298397,4620
0.49785972,4621
0.4903632,4622
0.4779425,4623
0.4684999,4624
0.4782163,4625
0.48699066,4626
0.48494115,4627
0.44410068,4628
0.45069745,4629
0.4404281,4630
0.43686965,4631
0.4215455,4632
0.43002084,4633
0.4249302,4634
0.42255545,4635
0.40902334,4636
0.38575378,4637
0.39153367,4638
0.37628558,4639
0.4091224,4640
0.39360857,4641
0.3919983,4642
0.37873358,4643
0.36877382,4644
0.33747452,4645
0.31438044,4646
0.3387404,4647
0.37123802,4648
0.37800032,4649
0.36994272,4650
0.39818338,4651
0.39152488,4652
0.3998092,4653
0.4174782,4654
0.43560895,4655
0.44927058,4656
0.44001573,4657
0.43289098,4658
0.4442157,4659
0.43524545,4660
0.45203352,4661
0.5090666,4662
0.5205471,4663
0.53151894,4664
0.5447059,4665
0.5716395,4666
0.568459,4667
0.58658373,4668
0.5726613,4669
0.58463,4670
0.5665635,4671
0.5685764,4672
0.54374766,4673
0.5446527,4674
0.5440765,4675
0.5395801,4676
0.55874926,4677
0.5919393,4678
0.62492204,4679
0.61447895,4680
0.6394557,4681
0.6153605,4682
0.62481254,4683
0.60830843,4684
0.5806902,4685
0.5507828,4686
0.566295,4687
0.52421933,4688
0.52007693,4689
0.52526337,4690
0.50796413,4691
0.5239632,4692
0.52985597,4693
0.53013164,4694
0.5188987,4695
0.5310377,4696
0.53923774,4697
0.5219633,4698
0.47791696,4699
0.4938588,4700
0.48650202,4701
0.47123462,4702
0.4492303,4703
0.48519906,4704
0.5190299,4705
0.5215974,4706
0.5075275,4707
0.50222266,4708
0.5060421,4709
0.51948315,4710
0.51568645,4711
0.56645,4712
0.58839184,4713
0.6167416,4714
0.6362419,4715
0.62411374,4716
0.57296985,4717
0.60175383,4718
0.61697865,4719
0.6050033,4720
0.61818254,4721
0.6324962,4722
0.668524,4723
0.6294978,4724
0.62953997,4725
0.61513543,4726
0.64555275,4727
0.6764342,4728
0.64930326,4729
0.6513423,4730
0.6510405,4731
0.6305477,4732
0.5873227,4733
0.54937315,4734
0.5406215,4735
0.52573985,4736
0.5368939,4737
0.50503224,4738
0.489115,4739
0.4516918,4740
0.47398585,4741
0.49955252,4742
0.5002849,4743
0.4892654,4744
0.48670086,4745
0.495493,4746
0.44691578,4747
0.4436024,4748
0.5079184,4749
0.4722352,4750
0.50421214,4751
0.5186899,4752
0.5363608,4753
0.5328866,4754
0.53854525,4755
0.55081296,4756
0.5827047,4757
0.6199778,4758
0.641478,4759
0.6602508,4760
0.61268777,4761
0.5987824,4762
0.6347569,4763
0.6521313,4764
0.64553607,4765
0.6315053,4766
0.6396544,4767
0.63903207,4768
0.591384,4769
0.56900895,4770
0.5637331,4771
0.5534203,4772
0.5316965,4773
0.53693974,4774
0.54158497,4775
0.581455,4776
0.55250245,4777
0.5141651,4778
0.52147895,4779
0.53961414,4780
0.5285368,4781
0.56176627,4782
0.5294835,4783
0.5628897,4784
0.55964655,4785
0.5775873,4786
0.6061476,4787
0.6221269,4788
0.61007196,4789
0.63373655,4790
0.6566642,4791
0.62945783,4792
0.6384906,4793
0.6555394,4794
0.6387778,4795
0.61004573,4796
0.65467715,4797
0.69698226,4798
0.6792603,4799
0.6878364,4800
0.6705599,4801
0.57917404,4802
0.58685446,4803
0.62022233,4804
0.6296717,4805
0.59892637,4806
0.5471848,4807
0.54087955,4808
0.52879405,4809
0.5637,4810
0.5381146,4811
0.5624474,4812
0.5779027,4813
0.5623903,4814
0.5834989,4815
0.5774021,4816
0.5718265,4817
0.49666584,4818
0.4996937,4819
0.5067983,4820
0.5126583,4821
0.5177654,4822
0.50705165,4823
0.519426,4824
0.52164173,4825
0.5288962,4826
0.52162063,4827
0.5320917,4828
0.5553429,4829
0.5195476,4830
0.5336526,4831
0.5059751,4832
0.49355552,4833
0.5031939,4834
0.50632876,4835
0.49727774,4836
0.49822178,4837
0.49584186,4838
0.5346985,4839
0.49681458,4840
0.49135822,4841
0.4988269,4842
0.52251333,4843
0.5121818,4844
0.48212996,4845
0.45599425,4846
0.44081324,4847
0.4667705,4848
0.46808162,4849
0.49045563,4850
0.48067844,4851
0.46343607,4852
0.46555412,4853
0.4660615,4854
0.4469028,4855
0.4770932,4856
0.4614031,4857
0.4813678,4858
0.4448633,4859
0.4474572,4860
0.44566843,4861
0.44393402,4862
0.43747354,4863
0.43253994,4864
0.39718336,4865
0.40639913,4866
0.40532336,4867
0.41454995,4868
0.41423222,4869
0.41826478,4870
0.42366558,4871
0.42550558,4872
0.4621292,4873
0.48373204,4874
0.48451903,4875
0.4807802,4876
0.4987212,4877
0.49310246,4878
0.5177022,4879
0.53221834,4880
0.5571707,4881
0.5389223,4882
0.5459857,4883
0.5554925,4884
0.5478728,4885
0.5509938,4886
0.56971955,4887
0.57526374,4888
0.5687932,4889
0.5760229,4890
0.57454264,4891
0.5650191,4892
0.5434455,4893
0.50131625,4894
0.49434003,4895
0.49747974,4896
0.51045144,4897
0.5216019,4898
0.52255017,4899
0.52063215,4900
0.50434387,4901
0.4900491,4902
0.50960815,4903
0.5226648,4904
0.5526199,4905
0.5673264,4906
0.5778152,4907
0.5524804,4908
0.56785375,4909
0.55936456,4910
0.57431805,4911
0.57835203,4912
0.59514105,4913
0.6315407,4914
0.5969086,4915
0.5996941,4916
0.6063288,4917
0.6102061,4918
0.59229803,4919
0.5807013,4920
0.6007578,4921
0.6319503,4922
0.6322644,4923
0.637645,4924
0.6136245,4925
0.6315,4926
0.6048023,4927
0.5843257,4928
0.5560316,4929
0.5760524,4930
0.5874292,4931
0.6514646,4932
0.67077464,4933
0.6804161,4934
0.6811191,4935
0.69252586,4936
0.6518838,4937
0.6742735,4938
0.66032225,4939
0.66421324,4940
0.67641926,4941
0.67352587,4942
0.64091223,4943
0.6241847,4944
0.65373605,4945
0.6514399,4946
0.6510259,4947
0.6584299,4948
0.65362865,4949
0.6583277,4950
0.6537962,4951
0.5768649,4952
0.53888977,4953
0.52483505,4954
0.528085,4955
0.5154712,4956
0.5590253,4957
0.54857254,4958
0.5423604,4959
0.5507128,4960
0.5076498,4961
0.5218822,4962
0.54138875,4963
0.54689455,4964
0.52983385,4965
0.51663446,4966
0.5313895,4967
0.52116054,4968
0.50970596,4969
0.5155572,4970
0.48779008,4971
0.49759957,4972
0.48473027,4973
0.48285797,4974
0.479772,4975
0.47796395,4976
0.46410155,4977
0.4710702,4978
0.4678439,4979
0.48509106,4980
0.49833503,4981
0.47704598,4982
0.42549887,4983
0.44972962,4984
0.45572352,4985
0.45299208,4986
0.46165457,4987
0.42830363,4988
0.42626265,4989
0.44013694,4990
0.45318452,4991
0.43581858,4992
0.4496009,4993
0.46369046,4994
0.47455853,4995
0.5042137,4996
0.5065146,4997
0.5127676,4998
0.5237742,4999
0.5111954,5000
0.50757,5001
0.5213832,5002
0.5201637,5003
0.50353104,5004
0.50911397,5005
0.51064473,5006
0.51630527,5007
0.52814066,5008
0.5593832,5009
0.58635455,5010
0.58681804,5011
0.5965774,5012
0.5769015,5013
0.5350411,5014
0.56735283,5015
0.50894576,5016
0.49000284,5017
0.46429002,5018
0.46158692,5019
0.45159712,5020
0.46521693,5021
0.46874112,5022
0.44712603,5023
0.48500934,5024
0.4858629,5025
0.48814696,5026
0.46807295,5027
0.46856782,5028
0.4680217,5029
0.4404899,5030
0.49148324,5031
0.48603866,5032
0.48872602,5033
0.48695922,5034
0.47384447,5035
0.4745034,5036
0.47993416,5037
0.49280643,5038
0.5141836,5039
0.5187609,5040
0.5325091,5041
0.5657395,5042
0.55217284,5043
0.55345404,5044
0.6013577,5045
0.60379905,5046
0.61128414,5047
0.60992634,5048
0.6150759,5049
0.6145327,5050
0.5916148,5051
0.57712126,5052
0.5707747,5053
0.56553406,5054
0.5593199,5055
0.63692194,5056
0.64801246,5057
0.63254744,5058
0.61297005,5059
0.60660976,5060
0.57395244,5061
0.55446315,5062
0.6067948,5063
0.5831176,5064
0.54270446,5065
0.55821157,5066
0.5694638,5067
0.58158815,5068
0.53606147,5069
0.55265105,5070
0.5192496,5071
0.5437642,5072
0.58737653,5073
0.5775436,5074
0.57512206,5075
0.52502704,5076
0.5146678,5077
0.5175587,5078
0.5039995,5079
0.5106711,5080
0.55213153,5081
0.56177855,5082
0.5329458,5083
0.4805308,5084
0.4609132,5085
0.46247053,5086
0.46249118,5087
0.49641165,5088
0.53603894,5089
0.5766882,5090
0.5901666,5091
0.55774415,5092
0.5528308,5093
0.55777687,5094
0.56119084,5095
0.58412486,5096
0.59312993,5097
0.5488368,5098
0.53532946,5099
0.58920866,5100
0.5909712,5101
0.59563565,5102
0.5856559,5103
0.60247743,5104
0.6433281,5105
0.6620265,5106
0.67672324,5107
0.6627137,5108
0.685646,5109
0.6289206,5110
0.6081761,5111
0.59132475,5112
0.58612597,5113
0.5813119,5114
0.5931277,5115
0.57155794,5116
0.5678584,5117
0.5814395,5118
0.57700825,5119
0.543726,5120
0.533833,5121
0.5437257,5122
0.5614081,5123
0.55390656,5124
0.48286194,5125
0.47189313,5126
0.4670153,5127
0.45113042,5128
0.41989926,5129
0.40939173,5130
0.40519387,5131
0.42815995,5132
0.4257612,5133
0.4117831,5134
0.40395004,5135
0.37587634,5136
0.35660338,5137
0.35272568,5138
0.34740534,5139
0.35425442,5140
0.35014012,5141
0.3647913,5142
0.3884022,5143
0.4145459,5144
0.39975247,5145
0.3833289,5146
0.40591264,5147
0.40344706,5148
0.44583,5149
0.43780187,5150
0.46625397,5151
0.44394958,5152
0.45097965,5153
0.44311503,5154
0.47228107,5155
0.49801713,5156
0.49245706,5157
0.5138226,5158
0.5058578,5159
0.51731116,5160
0.4851532,5161
0.47040772,5162
0.43961614,5163
0.4267694,5164
0.4407388,5165
0.46980134,5166
0.4483722,5167
0.45494124,5168
0.43381748,5169
0.44827121,5170
0.42773935,5171
0.45814157,5172
0.44581228,5173
0.44288427,5174
0.44551715,5175
0.45968977,5176
0.45104408,5177
0.45068255,5178
0.45232657,5179
0.4850317,5180
0.50571585,5181
0.51565254,5182
0.5120337,5183
0.5058144,5184
0.5052132,5185
0.52820504,5186
0.5357988,5187
0.5496965,5188
0.5373729,5189
0.5303888,5190
0.54553896,5191
0.5189851,5192
0.5381456,5193
0.53878194,5194
0.5418465,5195
0.55184996,5196
0.55692255,5197
0.5609444,5198
0.5494566,5199
0.53703773,5200
0.5354655,5201
0.56865865,5202
0.58312625,5203
0.5911678,5204
0.6190261,5205
0.5803115,5206
0.5732312,5207
0.56356955,5208
0.61892277,5209
0.64355797,5210
0.63255703,5211
0.6307474,5212
0.60797834,5213
0.61866045,5214
0.58141595,5215
0.57167584,5216
0.5516359,5217
0.53957635,5218
0.53559923,5219
0.54473525,5220
0.546629,5221
0.50345564,5222
0.5114896,5223
0.5043981,5224
0.49308655,5225
0.49577105,5226
0.5074034,5227
0.4983597,5228
0.43108502,5229
0.4384179,5230
0.45742476,5231
0.4642998,5232
0.47519052,5233
0.46874726,5234
0.48325238,5235
0.46378872,5236
0.48033974,5237
0.49465808,5238
0.50162196,5239
0.52438885,5240
0.54491353,5241
0.5136269,5242
0.50641376,5243
0.5122261,5244
0.5053693,5245
0.4724806,5246
0.48376086,5247
0.4825687,5248
0.4731774,5249
0.4360702,5250
0.3920789,5251
0.39073342,5252
0.36431032,5253
0.36714104,5254
0.37710252,5255
0.3952809,5256
0.46173087,5257
0.47343606,5258
0.4900657,5259
0.46723834,5260
0.47675458,5261
0.48347047,5262
0.47947982,5263
0.5165421,5264
0.50063884,5265
0.5023088,5266
0.4820036,5267
0.49437824,5268
0.5081105,5269
0.50142056,5270
0.5171787,5271
0.5436641,5272
0.52196175,5273
0.5388338,5274
0.51702666,5275
0.5282212,5276
0.4530715,5277
0.452352,5278
0.4581196,5279
0.48412555,5280
0.5121242,5281
0.5173894,5282
0.5173918,5283
0.49305364,5284
0.5249706,5285
0.5395408,5286
0.56875986,5287
0.5776769,5288
0.5832459,5289
0.58915895,5290
0.5954255,5291
0.6528329,5292
0.67529166,5293
0.6629578,5294
0.6823907,5295
0.67220205,5296
0.65969396,5297
0.70248014,5298
0.7298015,5299
0.65038943,5300
0.6168915,5301
0.62073135,5302
0.61446357,5303
0.6197026,5304
0.5890488,5305
0.5642585,5306
0.5757707,5307
0.56782216,5308
0.5806402,5309
0.5738505,5310
0.58311343,5311
0.54098415,5312
0.5294495,5313
0.5567557,5314
0.55926895,5315
0.52117425,5316
0.5280588,5317
0.5620082,5318
0.54701644,5319
0.5538274,5320
0.5761724,5321
0.5689795,5322
0.5866482,5323
0.5902544,5324
0.5885982,5325
0.59807384,5326
0.59901065,5327
0.64429784,5328
0.6113664,5329
0.61275643,5330
0.59701544,5331
0.5481339,5332
0.56922644,5333
0.5400197,5334
0.52726156,5335
0.5138848,5336
0.48587275,5337
0.45278612,5338
0.42314196,5339
0.43998292,5340
0.4307968,5341
0.43598017,5342
0.43181986,5343
0.43629664,5344
0.43707106,5345
0.43527654,5346
0.42368647,5347
0.38518965,5348
0.38999918,5349
0.40239376,5350
0.43450326,5351
0.42471042,5352
0.3871471,5353
0.39826572,5354
0.411974,5355
0.41777262,5356
0.4207771,5357
0.4160273,5358
0.419182,5359
0.42001614,5360
0.40978053,5361
0.4047347,5362
0.41629612,5363
0.40853235,5364
0.42191815,5365
0.42706648,5366
0.44739634,5367
0.45225665,5368
0.43568385,5369
0.44154775,5370
0.41136718,5371
0.42434937,5372
0.44020298,5373
0.44866565,5374
0.4358616,5375
0.4263835,5376
0.42820328,5377
0.43181962,5378
0.44642326,5379
0.42824405,5380
0.42665893,5381
0.43216124,5382
0.41145256,5383
0.4109623,5384
0.4001586,5385
0.42926946,5386
0.39898768,5387
0.39637992,5388
0.39760885,5389
0.4153748,5390
0.39751917,5391
0.3934103,5392
0.45843723,5393
0.44574952,5394
0.47003898,5395
0.5001763,5396
0.51704884,5397
0.51400375,5398
0.5084492,5399
0.5182884,5400
0.52267414,5401
0.52194434,5402
0.5107592,5403
0.516229,5404
0.52342206,5405
0.5134057,5406
0.51843435,5407
0.5125765,5408
0.5171279,5409
0.5427803,5410
0.52678144,5411
0.53600645,5412
0.5296299,5413
0.5555166,5414
0.544828,5415
0.5191504,5416
0.52433085,5417
0.50445294,5418
0.51187253,5419
0.5223811,5420
0.5227154,5421
0.5290728,5422
0.54780424,5423
0.552787,5424
0.53781766,5425
0.5347807,5426
0.5366906,5427
0.50702655,5428
0.5030657,5429
0.4790611,5430
0.48224565,5431
0.5048013,5432
0.50894415,5433
0.51598966,5434
0.50601536,5435
0.470879,5436
0.4815869,5437
0.51602054,5438
0.49961156,5439
0.49226663,5440
0.53431094,5441
0.51919043,5442
0.5177853,5443
0.5466945,5444
0.5166413,5445
0.5018699,5446
0.49720755,5447
0.51895994,5448
0.51227605,5449
0.5110765,5450
0.5377698,5451
0.5581916,5452
0.5358527,5453
0.53408736,5454
0.53700465,5455
0.55133504,5456
0.51208556,5457
0.5160558,5458
0.5280068,5459
0.53421414,5460
0.49810615,5461
0.52080333,5462
0.5211683,5463
0.48763645,5464
0.49184504,5465
0.5119555,5466
0.5012175,5467
0.51623964,5468
0.5355307,5469
0.5930338,5470
0.5566867,5471
0.5830673,5472
0.5570345,5473
0.5956283,5474
0.63553095,5475
0.599215,5476
0.61447144,5477
0.595471,5478
0.6277184,5479
0.601035,5480
0.5952382,5481
0.57081026,5482
0.56518525,5483
0.5864757,5484
0.612988,5485
0.5889899,5486
0.5938095,5487
0.588238,5488
0.56838965,5489
0.5986092,5490
0.5989254,5491
0.59931743,5492
0.625157,5493
0.59289396,5494
0.5468743,5495
0.5810458,5496
0.6227206,5497
0.6085878,5498
0.59129184,5499
0.59734654,5500
0.61659735,5501
0.597504,5502
0.60261655,5503
0.61414087,5504
0.608295,5505
0.6366356,5506
0.6690916,5507
0.62232727,5508
0.6203154,5509
0.57775384,5510
0.5936235,5511
0.5999394,5512
0.5814695,5513
0.564349,5514
0.5733045,5515
0.5701352,5516
0.5457083,5517
0.5634297,5518
0.5723294,5519
0.5687076,5520
0.5797682,5521
0.60737574,5522
0.61654514,5523
0.59528375,5524
0.5902946,5525
0.57382923,5526
0.55124056,5527
0.5578153,5528
0.5508556,5529
0.55156827,5530
0.55787826,5531
0.5340007,5532
0.5187112,5533
0.52386004,5534
0.5154536,5535
0.4846269,5536
0.48346496,5537
0.44207764,5538
0.41605386,5539
0.41212246,5540
0.36953744,5541
0.36482412,5542
0.3651961,5543
0.37973022,5544
0.40566054,5545
0.39784512,5546
0.3847252,5547
0.3928684,5548
0.41676688,5549
0.4257864,5550
0.43018717,5551
0.45242345,5552
0.43502206,5553
0.44895452,5554
0.46942732,5555
0.461195,5556
0.44897765,5557
0.48465025,5558
0.511007,5559
0.51351357,5560
0.51462877,5561
0.5335091,5562
0.53393304,5563
0.4961864,5564
0.47741875,5565
0.46290842,5566
0.5032719,5567
0.48424688,5568
0.45225665,5569
0.44561484,5570
0.45403102,5571
0.439668,5572
0.43964046,5573
0.43154675,5574
0.41019818,5575
0.407455,5576
0.42193744,5577
0.4193045,5578
0.40296316,5579
0.43675008,5580
0.44164896,5581
0.47852385,5582
0.4757372,5583
0.4967912,5584
0.500446,5585
0.77344227,5586
0.7282781,5587
0.7356779,5588
0.7250132,5589
0.7430992,5590
0.7681032,5591
0.7735759,5592
0.8114223,5593
0.81072325,5594
0.8144462,5595
0.8099507,5596
0.78596276,5597
0.7544153,5598
0.74097615,5599
0.735692,5600
0.7514073,5601
0.7082981,5602
0.76045704,5603
0.7612097,5604
0.78630406,5605
0.52223,5606
0.53689456,5607
0.5459225,5608
0.56721723,5609
0.5593222,5610
0.5405563,5611
0.5375212,5612
0.51433164,5613
0.5072227,5614
0.49901494,5615
0.49307075,5616
0.5155815,5617
0.49026063,5618
0.49189505,5619
0.5138799,5620
0.46451175,5621
0.47227496,5622
0.43082544,5623
0.42276952,5624
0.43368688,5625
0.44326913,5626
0.43553793,5627
0.4645977,5628
0.45101982,5629
0.46839312,5630
0.44797406,5631
0.48226327,5632
0.50915456,5633
0.53638226,5634
0.5208633,5635
0.53145677,5636
0.53936267,5637
0.57886153,5638
0.58497226,5639
0.58611596,5640
0.6045095,5641
0.60443443,5642
0.6269295,5643
0.6465289,5644
0.61653024,5645
0.58665997,5646
0.6158724,5647
0.59244764,5648
0.60149115,5649
0.557896,5650
0.57981604,5651
0.6294824,5652
0.58771,5653
0.5588115,5654
0.56408197,5655
0.5748782,5656
0.5444485,5657
0.5360125,5658
0.5036836,5659
0.47948268,5660
0.48471114,5661
0.4573455,5662
0.47713548,5663
0.48509103,5664
0.47610655,5665
0.49944013,5666
0.4626689,5667
0.46114668,5668
0.4345098,5669
0.46350417,5670
0.4822007,5671
0.52575016,5672
0.51111645,5673
0.5549542,5674
0.5510816,5675
0.5724506,5676
0.6118138,5677
0.63031,5678
0.64014375,5679
0.6645226,5680
0.68044823,5681
0.69871026,5682
0.7334655,5683
0.7166776,5684
0.72323275,5685
0.6949367,5686
0.6824583,5687
0.6927184,5688
0.7252069,5689
0.7093614,5690
0.67562276,5691
0.6999796,5692
0.7000425,5693
0.692765,5694
0.71197337,5695
0.6739399,5696
0.68214136,5697
0.75514877,5698
0.78058356,5699
0.7812483,5700
0.72373176,5701
0.7329179,5702
0.7297298,5703
0.75973403,5704
0.7924413,5705
0.79917306,5706
0.8115798,5707
0.77875787,5708
0.7861858,5709
0.7855573,5710
0.77771145,5711
0.7565597,5712
0.7200556,5713
0.69486886,5714
0.7004208,5715
0.7025644,5716
0.65785265,5717
0.5883009,5718
0.5827367,5719
0.55153805,5720
0.5642798,5721
0.5262749,5722
0.51686835,5723
0.48232365,5724
0.4881642,5725
0.48142543,5726
0.46614605,5727
0.49710572,5728
0.5363924,5729
0.5381414,5730
0.5624406,5731
0.5905871,5732
0.5877768,5733
0.58493805,5734
0.5859902,5735
0.60024494,5736
0.5896548,5737
0.534575,5738
0.5447892,5739
0.5492441,5740
0.5241008,5741
0.5719975,5742
0.59362626,5743
0.5957107,5744
0.56248736,5745
0.5642046,5746
0.5672654,5747
0.5478792,5748
0.50096637,5749
0.52598876,5750
0.48565722,5751
0.44973734,5752
0.47605616,5753
0.5021281,5754
0.47687387,5755
0.4994875,5756
0.5096329,5757
0.51330703,5758
0.51979816,5759
0.52347386,5760
0.54966694,5761
0.50609356,5762
0.5083729,5763
0.4927042,5764
0.49154672,5765
0.5083077,5766
0.5126712,5767
0.5495776,5768
0.5845389,5769
0.4954746,5770
0.5112352,5771
0.53038216,5772
0.4713174,5773
0.4529649,5774
0.42712733,5775
0.41621503,5776
0.4610236,5777
0.44147173,5778
0.43268973,5779
0.42196637,5780
0.39461213,5781
0.3937586,5782
0.3907785,5783
0.4108101,5784
0.4146449,5785
0.42159835,5786
0.39863804,5787
0.42471665,5788
0.44620624,5789
0.44249916,5790
0.4548884,5791
0.4441034,5792
0.46863282,5793
0.48790324,5794
0.48552886,5795
0.5182695,5796
0.49808726,5797
0.4924796,5798
0.51897,5799
0.526663,5800
0.5454537,5801
0.5458355,5802
0.56655765,5803
0.53820705,5804
0.52331454,5805
0.51418,5806
0.5150003,5807
0.5050441,5808
0.47901472,5809
0.5002369,5810
0.49094814,5811
0.50938904,5812
0.52305835,5813
0.51267153,5814
0.5122597,5815
0.4909438,5816
0.47907814,5817
0.4890261,5818
0.46329397,5819
0.47652125,5820
0.5012993,5821
0.5079861,5822
0.50530756,5823
0.5118676,5824
0.514639,5825
0.51880676,5826
0.56290895,5827
0.5190565,5828
0.537358,5829
0.5131129,5830
0.51892793,5831
0.5043186,5832
0.5205538,5833
0.49687177,5834
0.47876945,5835
0.46334594,5836
0.47337297,5837
0.52941597,5838
0.5252341,5839
0.50844854,5840
0.50537735,5841
0.50355405,5842
0.49907488,5843
0.48746613,5844
0.50108767,5845
0.49123728,5846
0.45678937,5847
0.45874703,5848
0.44316155,5849
0.4714557,5850
0.4622942,5851
0.43602675,5852
0.4571994,5853
0.47186515,5854
0.45078972,5855
0.45386046,5856
0.49919084,5857
0.47177988,5858
0.47178093,5859
0.4745928,5860
0.4474394,5861
0.44735065,5862
0.4693985,5863
0.48197266,5864
0.46659616,5865
0.4738471,5866
0.48029858,5867
0.49383798,5868
0.4713066,5869
0.45104772,5870
0.45189565,5871
0.45635098,5872
0.44701153,5873
0.46034765,5874
0.47181755,5875
0.46884233,5876
0.4633857,5877
0.41329083,5878
0.47522172,5879
0.475789,5880
0.50411785,5881
0.5153811,5882
0.51234347,5883
0.5129726,5884
0.53466576,5885
0.53692865,5886
0.52802366,5887
0.5293662,5888
0.54655004,5889
0.56394356,5890
0.554755,5891
0.5395353,5892
0.5371544,5893
0.5334213,5894
0.54014724,5895
0.5178886,5896
0.49836436,5897
0.5068631,5898
0.45763442,5899
0.45353433,5900
0.419599,5901
0.41231215,5902
0.44975024,5903
0.44038382,5904
0.42209736,5905
0.4427496,5906
0.45731834,5907
0.42018306,5908
0.39536718,5909
0.39030436,5910
0.40368792,5911
0.41295192,5912
0.43901488,5913
0.4311363,5914
0.44010237,5915
0.44805157,5916
0.46270752,5917
0.4548045,5918
0.45178732,5919
0.46357954,5920
0.50520056,5921
0.5071145,5922
0.45781517,5923
0.46381813,5924
0.47140154,5925
0.47824454,5926
0.47044376,5927
0.47020724,5928
0.48384848,5929
0.51297504,5930
0.52939385,5931
0.522191,5932
0.48393425,5933
0.5015254,5934
0.49778476,5935
0.49855992,5936
0.48656565,5937
0.5208878,5938
0.53520876,5939
0.5480956,5940
0.55645204,5941
0.49347726,5942
0.5952264,5943
0.591485,5944
0.5863682,5945
0.56867117,5946
0.5364433,5947
0.5520988,5948
0.5340561,5949
0.5063236,5950
0.491699,5951
0.49505493,5952
0.521984,5953
0.51211894,5954
0.519243,5955
0.5255897,5956
0.52638435,5957
0.5229167,5958
0.51448995,5959
0.5388493,5960
0.5309425,5961
0.54378855,5962
0.46019152,5963
0.44817126,5964
0.46245283,5965
0.4557564,5966
0.46415493,5967
0.4705467,5968
0.46309623,5969
0.4538338,5970
0.46566838,5971
0.44486877,5972
0.42527345,5973
0.4762059,5974
0.46728477,5975
0.49341187,5976
0.46397352,5977
0.44975442,5978
0.4613432,5979
0.44784704,5980
0.44255435,5981
0.4609995,5982
0.46773028,5983
0.50014985,5984
0.49040747,5985
0.5242442,5986
0.5096989,5987
0.50449026,5988
0.51620543,5989
0.53115875,5990
0.5500778,5991
0.5285256,5992
0.5301846,5993
0.4688005,5994
0.47902545,5995
0.47629926,5996
0.49889448,5997
0.51315475,5998
0.49471,5999
0.4798032,6000
0.50069904,6001
0.5159068,6002
0.54068714,6003
0.5195495,6004
0.54508305,6005
0.5520896,6006
0.5572535,6007
0.55631816,6008
0.5592644,6009
0.5647476,6010
0.5489494,6011
0.5516196,6012
0.60115784,6013
0.59215844,6014
0.567004,6015
0.5456618,6016
0.56145054,6017
0.5257586,6018
0.5402091,6019
0.5331886,6020
0.50934935,6021
0.49643582,6022
0.51202106,6023
0.5119333,6024
0.47481096,6025
0.4868148,6026
0.47968352,6027
0.4922635,6028
0.5017974,6029
0.4648516,6030
0.43802047,6031
0.445598,6032
0.42626423,6033
0.42445165,6034
0.47184074,6035
0.4768362,6036
0.46362445,6037
0.46221766,6038
0.47052786,6039
0.48074183,6040
0.47958946,6041
0.45410872,6042
0.46619558,6043
0.4569011,6044
0.44708273,6045
0.43621498,6046
0.43206474,6047
0.42035183,6048
0.41946733,6049
0.4561145,6050
0.45621622,6051
0.45182273,6052
0.4769793,6053
0.47833958,6054
0.45687002,6055
0.4918192,6056
0.50339216,6057
0.51999384,6058
0.49547756,6059
0.52069545,6060
0.52691126,6061
0.5354763,6062
0.5124056,6063
0.5066643,6064
0.52570057,6065
0.53483486,6066
0.558307,6067
0.56748277,6068
0.5752098,6069
0.5428099,6070
0.5464936,6071
0.6022565,6072
0.5785538,6073
0.56845325,6074
0.53441095,6075
0.5124956,6076
0.5235028,6077
0.5049436,6078
0.56039536,6079
0.54909396,6080
0.548649,6081
0.5112268,6082
0.48161733,6083
0.50688595,6084
0.49091178,6085
0.500236,6086
0.49266165,6087
0.48066258,6088
0.49430886,6089
0.52619827,6090
0.552199,6091
0.4871894,6092
0.494861,6093
0.50773174,6094
0.51594234,6095
0.5183122,6096
0.48710248,6097
0.49635944,6098
0.51225454,6099
0.5135735,6100
0.5474161,6101
0.56155187,6102
0.55264795,6103
0.5694217,6104
0.6266188,6105
0.6158197,6106
0.6338515,6107
0.6206282,6108
0.62498206,6109
0.58185697,6110
0.5527099,6111
0.5472668,6112
0.53929573,6113
0.5145287,6114
0.52187824,6115
0.5836473,6116
0.55311275,6117
0.5691612,6118
0.56436944,6119
0.5734038,6120
0.55710876,6121
0.5359342,6122
0.57483065,6123
0.55542344,6124
0.46927613,6125
0.46284032,6126
0.45608696,6127
0.45906028,6128
0.4500693,6129
0.45275614,6130
0.46718723,6131
0.51661783,6132
0.5336486,6133
0.5345347,6134
0.5422676,6135
0.4769108,6136
0.48042083,6137
0.4752733,6138
0.458261,6139
0.47579223,6140
0.46302128,6141
0.4895129,6142
0.4489652,6143
0.45106193,6144
0.42669734,6145
0.4763564,6146
0.44758832,6147
0.45711076,6148
0.4727041,6149
0.49011576,6150
0.47042096,6151
0.4555679,6152
0.44136885,6153
0.45076773,6154
0.44116873,6155
0.45394,6156
0.4640812,6157
0.46789742,6158
0.47520953,6159
0.47049686,6160
0.49661717,6161
0.50120735,6162
0.5046339,6163
0.50219166,6164
0.52691394,6165
0.4767163,6166
0.4809634,6167
0.4799555,6168
0.481961,6169
0.47337776,6170
0.4739521,6171
0.48980853,6172
0.5222112,6173
0.5025223,6174
0.5282631,6175
0.53251195,6176
0.54314774,6177
0.53677374,6178
0.54347813,6179
0.58501303,6180
0.5913627,6181
0.5927469,6182
0.56938165,6183
0.5718256,6184
0.5696699,6185
0.5573022,6186
0.58069456,6187
0.5913823,6188
0.54815716,6189
0.5506049,6190
0.55637646,6191
0.5235097,6192
0.4821411,6193
0.49224252,6194
0.49301797,6195
0.48171723,6196
0.49758863,6197
0.47702843,6198
0.4591766,6199
0.4142405,6200
0.3731373,6201
0.37866214,6202
0.3689728,6203
0.40939757,6204
0.4345659,6205
0.447031,6206
0.46355888,6207
0.46717948,6208
0.46107322,6209
0.45291364,6210
0.44939244,6211
0.4396951,6212
0.46506774,6213
0.48902246,6214
0.47409946,6215
0.47134647,6216
0.4574013,6217
0.46245724,6218
0.48436776,6219
0.48247352,6220
0.5059792,6221
0.5071843,6222
0.5247216,6223
0.5081821,6224
0.5012053,6225
0.5180575,6226
0.54089713,6227
0.54937065,6228
0.5718037,6229
0.60249925,6230
0.6233137,6231
0.6250722,6232
0.6005243,6233
0.5670735,6234
0.604943,6235
0.6222427,6236
0.65863883,6237
0.6662394,6238
0.6566125,6239
0.7117699,6240
0.74708027,6241
0.7552415,6242
0.73581797,6243
0.72469604,6244
0.6909947,6245
0.69504654,6246
0.70747674,6247
0.6611874,6248
0.658455,6249
0.6223012,6250
0.6262089,6251
0.60223496,6252
0.5761919,6253
0.57224584,6254
0.5474586,6255
0.5857195,6256
0.5506528,6257
0.5467094,6258
0.5252506,6259
0.4873019,6260
0.45186964,6261
0.47115672,6262
0.4599293,6263
0.4351968,6264
0.4369794,6265
0.44083765,6266
0.4406384,6267
0.46123046,6268
0.5214872,6269
0.52618045,6270
0.5372478,6271
0.57090527,6272
0.59454525,6273
0.6307326,6274
0.6097822,6275
0.5776587,6276
0.59053874,6277
0.5841988,6278
0.59827244,6279
0.6045631,6280
0.6015076,6281
0.5847815,6282
0.5881685,6283
0.58076763,6284
0.5991684,6285
0.5739921,6286
0.5847108,6287
0.57821107,6288
0.51494855,6289
0.54597676,6290
0.53527606,6291
0.4853944,6292
0.44488195,6293
0.45254165,6294
0.44652465,6295
0.46226305,6296
0.46775603,6297
0.48448923,6298
0.4476601,6299
0.49782112,6300
0.5035588,6301
0.5101166,6302
0.50451595,6303
0.5235933,6304
0.54208654,6305
0.53306794,6306
0.51293755,6307
0.520142,6308
0.51428694,6309
0.48440766,6310
0.49824646,6311
0.4938583,6312
0.49958104,6313
0.47448155,6314
0.5026022,6315
0.49331662,6316
0.46514782,6317
0.47968698,6318
0.48249465,6319
0.44061324,6320
0.41513637,6321
0.45282313,6322
0.4535999,6323
0.4575061,6324
0.43751884,6325
0.44707912,6326
0.45265904,6327
0.4547672,6328
0.5012005,6329
0.5121706,6330
0.5145245,6331
0.50470346,6332
0.49006248,6333
0.50033283,6334
0.49286407,6335
0.51626754,6336
0.5270729,6337
0.52974045,6338
0.558988,6339
0.5749366,6340
0.5979201,6341
0.53962135,6342
0.5385691,6343
0.5407129,6344
0.5460292,6345
0.54089975,6346
0.53757256,6347
0.52708745,6348
0.51217836,6349
0.52110225,6350
0.48468584,6351
0.53724134,6352
0.5625571,6353
0.5544109,6354
0.55802274,6355
0.58825004,6356
0.5873422,6357
0.5850666,6358
0.5496215,6359
0.57107925,6360
0.56991225,6361
0.5741987,6362
0.55953926,6363
0.5800572,6364
0.57401603,6365
0.57123524,6366
0.55087084,6367
0.54996103,6368
0.55634433,6369
0.583534,6370
0.56674725,6371
0.5355923,6372
0.5125504,6373
0.48586065,6374
0.48880073,6375
0.525683,6376
0.55649024,6377
0.548405,6378
0.5455192,6379
0.55342335,6380
0.55015475,6381
0.5363068,6382
0.56224823,6383
0.5667614,6384
0.62688583,6385
0.6292717,6386
0.6520889,6387
0.64645255,6388
0.6568236,6389
0.6907784,6390
0.70704424,6391
0.7174352,6392
0.6971066,6393
0.6842124,6394
0.6796268,6395
0.6434874,6396
0.6234912,6397
0.6519706,6398
0.60596305,6399
0.60771686,6400
0.60555357,6401
0.5871867,6402
1.0515788,6403
1.0809236,6404
1.0975989,6405
1.1174399,6406
1.0978844,6407
1.0965192,6408
1.0670366,6409
1.0077103,6410
1.0060011,6411
1.004483,6412
1.0400904,6413
1.0882286,6414
1.1021284,6415
1.1006866,6416
1.0739443,6417
1.0303164,6418
1.0412983,6419
1.0312046,6420
1.0252515,6421
1.0418575,6422
0.4951123,6423
0.48755854,6424
0.4727962,6425
0.4545254,6426
0.44300768,6427
0.45417896,6428
0.48162416,6429
0.46094745,6430
0.45806292,6431
0.45528138,6432
0.42319998,6433
0.39781424,6434
0.38512936,6435
0.39947754,6436
0.42572138,6437
0.42799133,6438
0.39338475,6439
0.40585676,6440
0.41357362,6441
0.4123086,6442
0.4039285,6443
0.40332207,6444
0.41474003,6445
0.39638472,6446
0.40022045,6447
0.38664734,6448
0.40302333,6449
0.40701014,6450
0.41183236,6451
0.4217629,6452
0.42211917,6453
0.42174464,6454
0.40359437,6455
0.3912902,6456
0.37805367,6457
0.38229915,6458
0.42723066,6459
0.44770184,6460
0.4318896,6461
0.4627186,6462
0.48205352,6463
0.5104051,6464
0.5010806,6465
0.5160907,6466
0.5038613,6467
0.5551468,6468
0.55225664,6469
0.5341074,6470
0.53281194,6471
0.5175609,6472
0.52985615,6473
0.5200517,6474
0.540282,6475
0.54946065,6476
0.5297805,6477
0.5336104,6478
0.47987044,6479
0.45744556,6480
0.5041048,6481
0.48964718,6482
0.49155414,6483
0.5154212,6484
0.5341112,6485
0.53135854,6486
0.526583,6487
0.50521064,6488
0.50853544,6489
0.4888896,6490
0.50518197,6491
0.49752536,6492
0.51873547,6493
0.51287484,6494
0.48022652,6495
0.5284821,6496
0.5541699,6497
0.5903575,6498
0.6318221,6499
0.6323996,6500
0.57532936,6501
0.53378963,6502
0.5159093,6503
0.49114048,6504
0.45288634,6505
0.45142248,6506
0.4598385,6507
0.4517082,6508
0.42410296,6509
0.41773233,6510
0.4105061,6511
0.4265655,6512
0.40749255,6513
0.44240323,6514
0.442581,6515
0.39854166,6516
0.36322296,6517
0.32795238,6518
0.2898224,6519
0.3119827,6520
0.3196775,6521
0.31861123,6522
0.32144666,6523
0.3413436,6524
0.34766898,6525
0.39199254,6526
0.4050334,6527
0.3919413,6528
0.41995406,6529
0.4332102,6530
0.4276093,6531
0.4408215,6532
0.45970792,6533
0.46993303,6534
0.4772239,6535
0.48152342,6536
0.5032171,6537
0.48469478,6538
0.48618126,6539
0.48434985,6540
0.5282696,6541
0.53166574,6542
0.5345191,6543
0.56935287,6544
0.5975331,6545
0.585497,6546
0.5691067,6547
0.61499983,6548
0.6145238,6549
0.6478869,6550
0.6315193,6551
0.6633289,6552
0.622611,6553
0.59484774,6554
0.6230669,6555
0.61843264,6556
0.6165713,6557
0.6212575,6558
0.6575427,6559
0.6496002,6560
0.60082656,6561
0.5873766,6562
0.62988216,6563
0.5540575,6564
0.53897035,6565
0.50225544,6566
0.5266049,6567
0.52338225,6568
0.48867515,6569
0.47904065,6570
0.485177,6571
0.47602645,6572
0.48379326,6573
0.51376224,6574
0.50362647,6575
0.49561906,6576
0.4660049,6577
0.4911278,6578
0.48857963,6579
0.51078266,6580
0.49202162,6581
0.49381688,6582
0.4774489,6583
0.50473773,6584
0.50785124,6585
0.49684614,6586
0.46359062,6587
0.4546079,6588
0.45253715,6589
0.43779728,6590
0.42662257,6591
0.45849743,6592
0.44966435,6593
0.42637718,6594
0.44708875,6595
0.44725478,6596
0.4698551,6597
0.46483478,6598
0.4203607,6599
0.39318246,6600
0.3887007,6601
0.38391978,6602
0.41785327,6603
0.41218528,6604
0.41033792,6605
0.38869476,6606
0.40280396,6607
0.42605394,6608
0.4295612,6609
0.4538723,6610
0.4235961,6611
0.40255326,6612
0.40510222,6613
0.39709508,6614
0.4550524,6615
0.48375532,6616
0.48235682,6617
0.47844425,6618
0.4821238,6619
0.50422454,6620
0.5062064,6621
0.50497735,6622
0.46133327,6623
0.46254116,6624
0.46989185,6625
0.47919145,6626
0.49322423,6627
0.52736807,6628
0.5490754,6629
0.51397824,6630
0.5136061,6631
0.504818,6632
0.56875,6633
0.57572836,6634
0.5163669,6635
0.50577575,6636
0.49786294,6637
0.49244118,6638
0.5281739,6639
0.5608373,6640
0.57810885,6641
0.58272165,6642
0.60674447,6643
0.5810941,6644
0.60101426,6645
0.583313,6646
0.58787847,6647
0.5603276,6648
0.55479103,6649
0.54112065,6650
0.5214725,6651
0.5238184,6652
0.48260403,6653
0.46732473,6654
0.46105826,6655
0.44621682,6656
0.4644349,6657
0.4765581,6658
0.4525347,6659
0.40693665,6660
0.3941702,6661
0.39518878,6662
0.4010934,6663
0.43818426,6664
0.41152617,6665
0.40907305,6666
0.38600132,6667
0.38976145,6668
0.38393584,6669
0.38898584,6670
0.4343014,6671
0.46414354,6672
0.49653214,6673
0.5290567,6674
0.5342231,6675
0.582547,6676
0.57035524,6677
0.52430576,6678
0.51555717,6679
0.5485563,6680
0.5370845,6681
0.53268856,6682
0.5157588,6683
0.5094287,6684
0.53244245,6685
0.53688395,6686
0.55643815,6687
0.5627653,6688
0.5751744,6689
0.57066447,6690
0.52937084,6691
0.5385064,6692
0.5080637,6693
0.46555105,6694
0.47076896,6695
0.48002154,6696
0.48270795,6697
0.49575618,6698
0.5332108,6699
0.509281,6700
0.50658065,6701
0.5135732,6702
0.5182945,6703
0.4969097,6704
0.49145472,6705
0.47240967,6706
0.48089343,6707
0.49684587,6708
0.50791126,6709
0.52110153,6710
0.54105246,6711
0.54136634,6712
0.5358729,6713
0.5245499,6714
0.56711787,6715
0.5462008,6716
0.53006697,6717
0.5549947,6718
0.5861741,6719
0.6032753,6720
0.57508975,6721
0.5780121,6722
0.56711864,6723
0.5563258,6724
0.5700668,6725
0.5732379,6726
0.56568575,6727
0.53534186,6728
0.55800915,6729
0.56536114,6730
0.77314174,6731
0.78192455,6732
0.8053336,6733
0.83494985,6734
0.8567767,6735
0.8515876,6736
0.86695933,6737
0.83870256,6738
0.79090333,6739
0.7933065,6740
0.7900502,6741
0.7913799,6742
0.7899196,6743
0.8136529,6744
0.8033225,6745
0.8555856,6746
0.8736921,6747
0.8819324,6748
0.8830674,6749
0.8701603,6750
0.6418122,6751
0.6320279,6752
0.56623304,6753
0.5824439,6754
0.5291926,6755
0.5230559,6756
0.5251352,6757
0.49668816,6758
0.50910485,6759
0.4995902,6760
0.50163877,6761
0.5020419,6762
0.5204149,6763
0.5311955,6764
0.54751116,6765
0.49632028,6766
0.50654155,6767
0.53299123,6768
0.5175883,6769
0.53147864,6770
0.5144587,6771
0.4935845,6772
0.52442724,6773
0.510434,6774
0.5123383,6775
0.5464545,6776
0.5313451,6777
0.5492715,6778
0.5721892,6779
0.5924035,6780
0.5936087,6781
0.58472437,6782
0.5893118,6783
0.5507516,6784
0.5550972,6785
0.55129737,6786
0.53738654,6787
0.5141375,6788
0.52116406,6789
0.49724427,6790
0.5211125,6791
0.5489212,6792
0.51217705,6793
0.5380353,6794
0.5382068,6795
0.5444877,6796
0.53609693,6797
0.5052369,6798
0.47408086,6799
0.46804065,6800
0.4633752,6801
0.46459252,6802
0.43943393,6803
0.44761518,6804
0.45271632,6805
0.4505549,6806
0.4537956,6807
0.41549438,6808
0.45041665,6809
0.4615345,6810
0.46274087,6811
0.4349656,6812
0.48676443,6813
0.45866674,6814
0.46968952,6815
0.4411609,6816
0.45569855,6817
0.44655204,6818
0.45762908,6819
0.4873825,6820
0.49132463,6821
0.48050725,6822
0.48273,6823
0.5089814,6824
0.52960134,6825
0.5410896,6826
0.52161074,6827
0.57737225,6828
0.50828755,6829
0.47526646,6830
0.5339971,6831
0.53306,6832
0.5550847,6833
0.57156545,6834
0.53032374,6835
0.53125596,6836
0.5107747,6837
0.5141266,6838
0.53788525,6839
0.50169474,6840
0.525624,6841
0.5555399,6842
0.57841283,6843
0.58479637,6844
0.5854351,6845
0.5415082,6846
0.5734947,6847
0.54511946,6848
0.58200437,6849
0.6303378,6850
0.5925185,6851
0.5701587,6852
0.57429725,6853
0.55049944,6854
0.5702481,6855
0.58221066,6856
0.5873667,6857
0.6169631,6858
0.59401166,6859
0.6012925,6860
0.5828472,6861
0.59541523,6862
0.6173686,6863
0.5908026,6864
0.6198433,6865
0.6886197,6866
0.627466,6867
0.64772797,6868
0.6003541,6869
0.58930504,6870
0.61474085,6871
0.6305047,6872
0.6211836,6873
0.7087586,6874
0.6920899,6875
0.6937575,6876
0.644744,6877
0.6087552,6878
0.56071115,6879
0.53739953,6880
0.5354617,6881
0.557157,6882
0.53855366,6883
0.5511642,6884
0.5635737,6885
0.49205914,6886
0.504681,6887
0.49272496,6888
0.4789311,6889
0.48402205,6890
0.46617153,6891
0.46777776,6892
0.44049045,6893
0.42809737,6894
0.43252066,6895
0.46478686,6896
0.4692541,6897
0.524471,6898
0.5468299,6899
0.54257935,6900
0.5788535,6901
0.549209,6902
0.5773294,6903
0.56434983,6904
0.61215055,6905
0.6072297,6906
0.5882857,6907
0.5870287,6908
0.5823333,6909
0.6318191,6910
0.61979145,6911
0.6379853,6912
0.65009606,6913
0.6453079,6914
0.6568686,6915
0.5972473,6916
0.597725,6917
0.55133486,6918
0.5309576,6919
0.54522455,6920
0.517386,6921
0.5575193,6922
0.5516282,6923
0.57147634,6924
0.5141305,6925
0.4677479,6926
0.4836261,6927
0.49953264,6928
0.5091359,6929
0.45500803,6930
0.46815455,6931
0.43574965,6932
0.43794823,6933
0.43600518,6934
0.43133745,6935
0.44452468,6936
0.4479722,6937
0.4330227,6938
0.4712558,6939
0.46724907,6940
0.48506007,6941
0.4674741,6942
0.4676815,6943
0.45486227,6944
0.46503487,6945
0.5049363,6946
0.49238473,6947
0.48274118,6948
0.5202827,6949
0.518841,6950
0.50639874,6951
0.49800903,6952
0.5414843,6953
0.5005596,6954
0.4627844,6955
0.5454961,6956
0.5437821,6957
0.5521795,6958
0.50309557,6959
0.52080864,6960
0.5085329,6961
0.51066715,6962
0.4918249,6963
0.45581043,6964
0.477404,6965
0.4708173,6966
0.47284424,6967
0.5107548,6968
0.4959784,6969
0.5369533,6970
0.5432167,6971
0.57956403,6972
0.5953589,6973
0.6307772,6974
0.60334563,6975
0.54732925,6976
0.5657125,6977
0.56019,6978
0.5753404,6979
0.57191896,6980
0.569483,6981
0.5719836,6982
0.6395941,6983
0.6283944,6984
0.5943555,6985
0.5592806,6986
0.56314254,6987
0.5356356,6988
0.5457341,6989
0.5309219,6990
0.53066975,6991
0.50615394,6992
0.48114246,6993
0.49352255,6994
0.56049305,6995
0.5454284,6996
0.5256954,6997
0.5880538,6998
0.5975928,6999
0.61413044,7000
0.6229918,7001
0.65266335,7002
0.61406827,7003
0.6592643,7004
0.6605948,7005
0.6538329,7006
0.67263,7007
0.67909527,7008
0.667401,7009
0.658409,7010
0.6211641,7011
0.63868785,7012
0.63988334,7013
0.5992347,7014
0.595356,7015
0.6136116,7016
0.6085364,7017
0.5999744,7018
0.58937734,7019
0.5664977,7020
0.5698056,7021
0.57443786,7022
0.5773015,7023
0.52226543,7024
0.5588631,7025
0.57215244,7026
0.54632473,7027
0.5473401,7028
0.615024,7029
0.5987517,7030
0.61782783,7031
0.62563103,7032
0.65210116,7033
0.6698403,7034
0.6759813,7035
0.6472984,7036
0.6530277,7037
0.63879114,7038
0.6265468,7039
0.58776325,7040
0.5713539,7041
0.5552059,7042
0.5710629,7043
0.5600892,7044
0.53417605,7045
0.54278606,7046
0.5606851,7047
0.57782316,7048
0.49980223,7049
0.52521735,7050
0.48376474,7051
0.47205228,7052
0.4432867,7053
0.49246922,7054
0.49860215,7055
0.49427417,7056
0.47843963,7057
0.4686448,7058
0.48463553,7059
0.48411176,7060
0.49111843,7061
0.5164816,7062
0.5548398,7063
0.5444689,7064
0.542833,7065
0.55676323,7066
0.5627163,7067
0.57194674,7068
0.578365,7069
0.56738544,7070
0.5891309,7071
0.59743005,7072
0.643097,7073
0.60400105,7074
0.5848442,7075
0.60773784,7076
0.6117544,7077
0.6227751,7078
0.6266565,7079
0.63979805,7080
0.6554729,7081
0.6787532,7082
0.6512239,7083
0.69503534,7084
0.69183433,7085
0.7036462,7086
0.7302647,7087
0.6930184,7088
0.6862765,7089
0.6856596,7090
0.6510974,7091
0.65039015,7092
0.6572094,7093
0.6880226,7094
0.6451105,7095
0.64520127,7096
0.6379972,7097
0.6330698,7098
0.6270065,7099
0.5842391,7100
0.5641783,7101
0.5645321,7102
0.5262189,7103
0.54168415,7104
0.54289365,7105
0.5691948,7106
0.54400015,7107
0.5333074,7108
0.5272836,7109
0.5562642,7110
0.57194704,7111
0.5721654,7112
0.5409084,7113
0.46589366,7114
0.47095144,7115
0.4915587,7116
0.47439083,7117
0.47230414,7118
0.49248984,7119
0.4888417,7120
0.49026546,7121
0.49803725,7122
0.541591,7123
0.5292053,7124
0.527695,7125
0.5304565,7126
0.49583644,7127
0.52314234,7128
0.5339973,7129
0.49118158,7130
0.51055557,7131
0.5006828,7132
0.50711954,7133
0.50567895,7134
0.54966813,7135
0.505489,7136
0.51699865,7137
0.52529883,7138
0.50021046,7139
0.52894455,7140
0.5398337,7141
0.55469465,7142
0.5094757,7143
0.5167591,7144
0.5008799,7145
0.47130573,7146
0.47475123,7147
0.4673247,7148
0.4734642,7149
0.5196849,7150
0.48868665,7151
0.48128018,7152
0.46264222,7153
0.47856724,7154
0.47273105,7155
0.5545855,7156
0.55069566,7157
0.53787327,7158
0.54967993,7159
0.54449743,7160
0.53538495,7161
0.5218578,7162
0.5532462,7163
0.5609398,7164
0.5755916,7165
0.58128285,7166
0.5986672,7167
0.57957727,7168
0.5928755,7169
0.5748845,7170
0.58565176,7171
0.6112346,7172
0.61764586,7173
0.6079045,7174
0.55732095,7175
0.47731152,7176
0.46856773,7177
0.47388363,7178
0.4709568,7179
0.47291374,7180
0.47832385,7181
0.49598676,7182
0.4711882,7183
0.45613727,7184
0.4638578,7185
0.47120622,7186
0.45693678,7187
0.46930853,7188
0.46537614,7189
0.4456397,7190
0.45703787,7191
0.43634662,7192
0.43361896,7193
0.42777532,7194
0.43978798,7195
0.48506722,7196
0.48595774,7197
0.46986333,7198
0.46766785,7199
0.4564972,7200
0.45472386,7201
0.43445984,7202
0.42257208,7203
0.4282572,7204
0.4356111,7205
0.4666523,7206
0.4474494,7207
0.43132254,7208
0.43622187,7209
0.47632223,7210
0.52318597,7211
0.5333764,7212
0.53652316,7213
0.5414077,7214
0.537818,7215
0.4992505,7216
0.4980755,7217
0.5201218,7218
0.5178201,7219
0.50315046,7220
0.5079998,7221
0.5159463,7222
0.5119684,7223
0.52322453,7224
0.5298221,7225
0.52270806,7226
0.49237284,7227
0.54570776,7228
0.5527235,7229
0.51138777,7230
0.50981474,7231
0.551281,7232
0.5858332,7233
0.5627284,7234
0.5901027,7235
0.59827524,7236
0.62826824,7237
0.610451,7238
0.60323393,7239
0.5986257,7240
0.6086563,7241
0.5952714,7242
0.6298666,7243
0.69996053,7244
0.663529,7245
0.65730715,7246
0.6811985,7247
0.646341,7248
0.65984917,7249
0.66931045,7250
0.6600788,7251
0.6522485,7252
0.64047223,7253
0.6729878,7254
0.64674336,7255
0.6658591,7256
0.64693063,7257
0.63899595,7258
0.63841414,7259
0.65184146,7260
0.61477476,7261
0.6205197,7262
0.6236245,7263
0.5919099,7264
0.5854253,7265
0.5585798,7266
0.548996,7267
0.5739265,7268
0.537999,7269
0.5595999,7270
0.5347895,7271
0.5298077,7272
0.51550996,7273
0.52539,7274
0.53293294,7275
0.52094066,7276
0.5324714,7277
0.53459823,7278
0.53227407,7279
0.52153444,7280
0.5241582,7281
0.5156449,7282
0.4924485,7283
0.46487543,7284
0.47067922,7285
0.47869584,7286
0.47566366,7287
0.46136048,7288
0.46457624,7289
0.46893567,7290
0.4527151,7291
0.47487736,7292
0.47402602,7293
0.439249,7294
0.42580062,7295
0.41536176,7296
0.42241317,7297
0.4566879,7298
0.51151824,7299
0.5166242,7300
0.53699505,7301
0.5374198,7302
0.5488565,7303
0.55587924,7304
0.56496954,7305
0.56167907,7306
0.5567815,7307
0.5768585,7308
0.5875107,7309
0.5665525,7310
0.5753706,7311
0.6006336,7312
0.6353863,7313
0.6471437,7314
0.6700495,7315
0.6712552,7316
0.65905154,7317
0.61057067,7318
0.58333874,7319
0.5683496,7320
0.60625565,7321
0.60948724,7322
0.60516715,7323
0.6190053,7324
0.6131645,7325
0.6420425,7326
0.6606652,7327
0.6875054,7328
0.6572115,7329
0.6766095,7330
0.7090012,7331
0.650959,7332
0.5964274,7333
0.5937714,7334
0.58485126,7335
0.591583,7336
0.55814916,7337
0.556319,7338
0.5634174,7339
0.56164944,7340
0.55045974,7341
0.59618604,7342
0.5976332,7343
0.55909574,7344
0.5257749,7345
0.541779,7346
0.5259947,7347
0.5359469,7348
0.5360477,7349
0.528658,7350
0.5148278,7351
0.54356617,7352
0.52881515,7353
0.5151277,7354
0.52480227,7355
0.5436772,7356
0.5888566,7357
0.59847546,7358
0.59351957,7359
0.61575484,7360
0.6261508,7361
0.5684975,7362
0.5839051,7363
0.6334875,7364
0.62230635,7365
0.624075,7366
0.639955,7367
0.61214215,7368
0.5785081,7369
0.60879856,7370
0.632864,7371
0.62100536,7372
0.64296114,7373
0.65903467,7374
0.6434066,7375
0.6324505,7376
0.5756134,7377
0.56465584,7378
0.5743022,7379
0.55290425,7380
0.5385441,7381
0.5550692,7382
0.5547265,7383
0.47329164,7384
0.53117865,7385
0.53169173,7386
0.5125676,7387
0.48259795,7388
0.48958173,7389
0.4817675,7390
0.4501334,7391
0.42361102,7392
0.43439943,7393
0.43048906,7394
0.46481863,7395
0.46416068,7396
0.44492516,7397
0.44022417,7398
0.43486375,7399
0.44396973,7400
0.45209157,7401
0.43213698,7402
0.4495377,7403
0.49065936,7404
0.44135052,7405
0.4567882,7406
0.43378606,7407
0.41801718,7408
0.44275892,7409
0.4387584,7410
0.47368792,7411
0.47396588,7412
0.47527316,7413
0.45987862,7414
0.4444445,7415
0.44728604,7416
0.46753526,7417
0.4715499,7418
0.48649427,7419
0.44953394,7420
0.43255433,7421
0.43629053,7422
0.45863938,7423
0.45670274,7424
0.48702365,7425
0.49791792,7426
0.5048163,7427
0.5175662,7428
0.49865374,7429
0.5041417,7430
0.4899312,7431
0.5001069,7432
0.53073704,7433
0.54173106,7434
0.5565326,7435
0.56428343,7436
0.5547946,7437
0.58753073,7438
0.58586746,7439
0.5977336,7440
0.6271201,7441
0.6412007,7442
0.5932988,7443
0.6112017,7444
0.5913001,7445
0.6002648,7446
0.6327233,7447
0.64244443,7448
0.6322718,7449
0.6341122,7450
0.61856985,7451
0.6537411,7452
0.6008081,7453
0.6191046,7454
0.59773636,7455
0.6094837,7456
0.6154109,7457
0.58550143,7458
0.5475952,7459
0.5713185,7460
0.5591853,7461
0.6102143,7462
0.63637143,7463
0.62281877,7464
0.6312552,7465
0.64749026,7466
0.6252152,7467
0.6334372,7468
0.68774575,7469
0.6438659,7470
0.675128,7471
0.6571233,7472
0.6683632,7473
0.6349073,7474
0.66587263,7475
0.62801707,7476
0.63461816,7477
0.6527164,7478
0.6649387,7479
0.64657074,7480
0.64252704,7481
0.59439,7482
0.5982708,7483
0.6165285,7484
0.5859226,7485
0.5645313,7486
0.608973,7487
0.5916864,7488
0.5698295,7489
0.5536566,7490
0.55411875,7491
0.5300234,7492
0.4996299,7493
0.5112614,7494
0.54652005,7495
0.5651209,7496
0.5623524,7497
0.56003773,7498
0.5364416,7499
0.5687418,7500
0.56167626,7501
0.5434762,7502
0.53402925,7503
0.51766914,7504
0.49852425,7505
0.49955833,7506
0.4675377,7507
0.47898912,7508
0.46098742,7509
0.46863735,7510
0.472159,7511
0.46418762,7512
0.47575945,7513
0.47529742,7514
0.47859702,7515
0.4693906,7516
0.46104056,7517
0.4682717,7518
0.4466088,7519
0.4076641,7520
0.4078774,7521
0.41316193,7522
0.42571154,7523
0.45224366,7524
0.46874526,7525
0.45912352,7526
0.45648596,7527
0.43952563,7528
0.47535515,7529
0.48136744,7530
0.48973104,7531
0.5070405,7532
0.523398,7533
0.52028626,7534
0.5228281,7535
0.4979586,7536
0.474961,7537
0.48165658,7538
0.49872357,7539
0.51539403,7540
0.49899352,7541
0.5130174,7542
0.51427656,7543
0.5318804,7544
0.57469654,7545
0.55635023,7546
0.55907804,7547
0.56092966,7548
0.52544403,7549
0.474896,7550
0.4904555,7551
0.5068814,7552
0.49715027,7553
0.52328616,7554
0.49923378,7555
0.51533,7556
0.5356839,7557
0.52425206,7558
0.55434066,7559
0.5886969,7560
0.5961425,7561
0.570164,7562
0.5390498,7563
0.5241573,7564
0.49907663,7565
0.4748344,7566
0.45811236,7567
0.45615262,7568
0.47541565,7569
0.5420882,7570
0.54064417,7571
0.49559,7572
0.5003366,7573
0.49311996,7574
0.5007716,7575
0.47915012,7576
0.46028703,7577
0.46433026,7578
0.43383282,7579
0.4472904,7580
0.4269335,7581
0.46226814,7582
0.4820811,7583
0.49193308,7584
0.48578417,7585
0.48789567,7586
0.48891658,7587
0.49500144,7588
0.5025358,7589
0.46622017,7590
0.4812887,7591
0.48729467,7592
0.4865448,7593
0.46788147,7594
0.4644519,7595
0.45823738,7596
0.44273576,7597
0.4390789,7598
0.6841967,7599
0.6397417,7600
0.6289732,7601
0.6037911,7602
0.6095496,7603
0.6536211,7604
0.654863,7605
0.6373886,7606
0.65595174,7607
0.6588447,7608
0.6749581,7609
0.6644257,7610
0.66817874,7611
0.6534712,7612
0.6674393,7613
0.68319154,7614
0.66580266,7615
0.67789644,7616
0.6912906,7617
0.702915,7618
0.44642627,7619
0.47012678,7620
0.45441145,7621
0.5398081,7622
0.502588,7623
0.47531286,7624
0.49203247,7625
0.48818064,7626
0.47150573,7627
0.48752898,7628
0.48088768,7629
0.50019103,7630
0.48486364,7631
0.50854564,7632
0.53541976,7633
0.5472514,7634
0.5947379,7635
0.59667057,7636
0.6111602,7637
0.6152128,7638
0.613904,7639
0.6209888,7640
0.62524605,7641
0.5827503,7642
0.59618884,7643
0.5692184,7644
0.55435485,7645
0.562465,7646
0.56413704,7647
0.5554713,7648
0.6041004,7649
0.58597475,7650
0.5948333,7651
0.5632436,7652
0.56121737,7653
0.51175565,7654
0.47305864,7655
0.49964404,7656
0.4713275,7657
0.46891436,7658
0.4591919,7659
0.46140212,7660
0.4571283,7661
0.4313133,7662
0.4352381,7663
0.4571855,7664
0.449568,7665
0.46682373,7666
0.45211503,7667
0.45296797,7668
0.41970804,7669
0.41879582,7670
0.4119892,7671
0.45553854,7672
0.45503312,7673
0.48535532,7674
0.5199238,7675
0.5142309,7676
0.5302237,7677
0.52071285,7678
0.54931796,7679
0.56547767,7680
0.5900956,7681
0.6041932,7682
0.602319,7683
0.5933758,7684
0.5898209,7685
0.58609,7686
0.58636904,7687
0.58849436,7688
0.6209395,7689
0.5828883,7690
0.5857391,7691
0.5562126,7692
0.5379282,7693
0.52272904,7694
0.48795357,7695
0.5162195,7696
0.49363998,7697
0.5010345,7698
0.4936432,7699
0.46351928,7700
0.42469525,7701
0.40212467,7702
0.39910802,7703
0.40218872,7704
0.3892661,7705
0.38491404,7706
0.3843406,7707
0.381716,7708
0.39432386,7709
0.3870506,7710
0.4097822,7711
0.4077247,7712
0.36208156,7713
0.3765644,7714
0.37858608,7715
0.3678615,7716
0.38813064,7717
0.41736695,7718
0.44243813,7719
0.44510898,7720
0.5121323,7721
0.5395561,7722
0.55512446,7723
0.54748315,7724
0.5691447,7725
0.581094,7726
0.5658982,7727
0.5654463,7728
0.5764657,7729
0.60163695,7730
0.60039806,7731
0.6003151,7732
0.60632384,7733
0.59786415,7734
0.6014851,7735
0.60798097,7736
0.5826442,7737
0.5777409,7738
0.5384605,7739
0.527223,7740
0.48449054,7741
0.46601743,7742
0.4399935,7743
0.46254194,7744
0.50182164,7745
0.48600677,7746
0.4825551,7747
0.47991273,7748
0.48017734,7749
0.4530645,7750
0.46394545,7751
0.43671057,7752
0.42828146,7753
0.4614075,7754
0.4560172,7755
0.45141768,7756
0.4591572,7757
0.45188037,7758
0.45702457,7759
0.46007416,7760
0.47011933,7761
0.46841273,7762
0.48267004,7763
0.4718075,7764
0.44214374,7765
0.4234217,7766
0.42511985,7767
0.42750132,7768
0.4300674,7769
0.43310007,7770
0.40966165,7771
0.41622522,7772
0.41668162,7773
0.40055397,7774
0.40637878,7775
0.3994977,7776
0.37503168,7777
0.39180067,7778
0.3958599,7779
0.40200815,7780
0.39988944,7781
0.39411703,7782
0.39321494,7783
0.4419019,7784
0.4187399,7785
0.43918282,7786
0.46199697,7787
0.49149448,7788
0.51721686,7789
0.5197492,7790
0.5160354,7791
0.516692,7792
0.58691084,7793
0.5974795,7794
0.66091114,7795
0.6552612,7796
0.6194374,7797
0.62909853,7798
0.6339533,7799
0.640738,7800
0.636357,7801
0.63987446,7802
0.6451261,7803
0.59812003,7804
0.6044112,7805
0.63140166,7806
0.6225707,7807
0.57293934,7808
0.5394783,7809
0.5198898,7810
0.5178126,7811
0.5156062,7812
0.47131696,7813
0.48615074,7814
0.3895715,7815
0.40569237,7816
0.4075115,7817
0.44782576,7818
0.49695155,7819
0.48549518,7820
0.49299905,7821
0.5082981,7822
0.4985287,7823
0.51246816,7824
0.51371723,7825
0.5526786,7826
0.57739556,7827
0.59220636,7828
0.60247403,7829
0.64098537,7830
0.6386137,7831
0.6714285,7832
0.6662699,7833
0.7427233,7834
0.76648515,7835
0.752148,7836
0.76771945,7837
0.74238247,7838
0.67098963,7839
0.66368574,7840
0.6528034,7841
0.6217659,7842
0.629608,7843
0.5672008,7844
0.57964957,7845
0.5038093,7846
0.5322677,7847
0.5456711,7848
0.58966947,7849
0.54796445,7850
0.575426,7851
0.53244305,7852
0.55142593,7853
0.46329892,7854
0.4728016,7855
0.47695547,7856
0.4848386,7857
0.4702137,7858
0.47887582,7859
0.4722176,7860
0.45622036,7861
0.4770074,7862
0.47681916,7863
0.4878491,7864
0.49345198,7865
0.5018842,7866
0.44366014,7867
0.45437446,7868
0.42875278,7869
0.41754594,7870
0.42194638,7871
0.4293165,7872
0.4223756,7873
0.42622593,7874
0.3806237,7875
0.37274075,7876
0.38406336,7877
0.39642596,7878
0.45428148,7879
0.43761057,7880
0.45466635,7881
0.45701957,7882
0.46474192,7883
0.48278883,7884
0.5063799,7885
0.49735743,7886
0.50806445,7887
0.5097457,7888
0.5104335,7889
0.48846763,7890
0.5510179,7891
0.59436977,7892
0.58259547,7893
0.60076153,7894
0.64176947,7895
0.6524039,7896
0.68141234,7897
0.6877029,7898
0.6209096,7899
0.6242857,7900
0.6356239,7901
0.66385627,7902
0.67298096,7903
0.6571086,7904
0.6483087,7905
0.6698913,7906
0.66289204,7907
0.6593841,7908
0.64938736,7909
0.64419866,7910
0.59822774,7911
0.5745834,7912
0.57424134,7913
0.57314706,7914
0.5268528,7915
0.53765994,7916
0.53684974,7917
0.5006262,7918
0.47804862,7919
0.48415288,7920
0.4963066,7921
0.5126231,7922
0.5029646,7923
0.493111,7924
0.47537675,7925
0.48524797,7926
0.48613864,7927
0.48499116,7928
0.5133647,7929
0.5222202,7930
0.50040406,7931
0.4979391,7932
0.4832981,7933
0.46670023,7934
0.47196066,7935
0.49046704,7936
0.5013918,7937
0.5392247,7938
0.5686916,7939
0.5841343,7940
0.5683707,7941
0.6093236,7942
0.6175167,7943
0.61795104,7944
0.5920868,7945
0.62246776,7946
0.61695087,7947
0.5976001,7948
0.6041755,7949
0.6088055,7950
0.59783584,7951
0.6275947,7952
0.6326704,7953
0.6324401,7954
0.62432754,7955
0.5948991,7956
0.5736949,7957
0.5403565,7958
0.5174616,7959
0.5135948,7960
0.5322221,7961
0.4732564,7962
0.4519381,7963
0.5013591,7964
0.55128026,7965
0.5102831,7966
0.47624755,7967
0.482853,7968
0.49327156,7969
0.49589285,7970
0.5058252,7971
0.5043423,7972
0.48984858,7973
0.51219827,7974
0.5634118,7975
0.5658858,7976
0.5793505,7977
0.5795266,7978
0.6242904,7979
0.61522424,7980
0.5973346,7981
0.5755723,7982
0.5807013,7983
0.5521073,7984
0.5000059,7985
0.46762285,7986
0.48743618,7987
0.49702856,7988
0.4513332,7989
0.45004097,7990
0.4588936,7991
0.41773835,7992
0.46408918,7993
0.4881985,7994
0.47991246,7995
0.45888048,7996
0.4663976,7997
0.4882533,7998
0.46376577,7999
0.4758472,8000
0.47616994,8001
0.47902605,8002
0.48452064,8003
0.49682364,8004
0.49454227,8005
0.5098554,8006
0.50617355,8007
0.51830494,8008
0.52157825,8009
0.5327832,8010
0.5510169,8011
0.5753527,8012
0.5620772,8013
0.5924671,8014
0.56568503,8015
0.5539723,8016
0.5526492,8017
0.5362788,8018
0.5497426,8019
0.53697896,8020
0.5865681,8021
0.56409353,8022
0.54273325,8023
0.5381881,8024
0.5449089,8025
0.5308923,8026
0.503478,8027
0.49947736,8028
0.5063911,8029
0.5006545,8030
0.49428624,8031
0.46624878,8032
0.41392142,8033
0.41460937,8034
0.44046736,8035
0.4235092,8036
0.40722102,8037
0.38525364,8038
0.37575868,8039
0.38732937,8040
0.37717032,8041
0.37425083,8042
0.38404006,8043
0.3678179,8044
0.37842572,8045
0.40093568,8046
0.43404898,8047
0.44404614,8048
0.44541782,8049
0.45444876,8050
0.45749855,8051
0.46212795,8052
0.46876112,8053
0.46282923,8054
0.48622113,8055
0.47463953,8056
0.48846462,8057
0.4916353,8058
0.5073117,8059
0.4884423,8060
0.50614077,8061
0.5250669,8062
0.5669554,8063
0.5776441,8064
0.5721701,8065
0.5704095,8066
0.55371124,8067
0.58373344,8068
0.573183,8069
0.5929503,8070
0.58819485,8071
0.56707436,8072
0.5814273,8073
0.5921862,8074
0.5980536,8075
0.5862887,8076
0.54438066,8077
0.5331516,8078
0.5623569,8079
0.55551094,8080
0.60615677,8081
0.604657,8082
0.56655186,8083
0.5605171,8084
0.53604215,8085
0.5577856,8086
0.5642232,8087
0.5278788,8088
0.5217334,8089
0.48180863,8090
0.52866733,8091
0.501403,8092
0.49806044,8093
0.52967274,8094
0.5452619,8095
0.54609305,8096
0.52202326,8097
0.54493266,8098
0.51964617,8099
0.52142686,8100
0.49452654,8101
0.50221235,8102
0.5074875,8103
0.48821682,8104
0.46805146,8105
0.43118504,8106
0.4546488,8107
0.5004622,8108
0.51384306,8109
0.5241094,8110
0.5131535,8111
0.5095845,8112
0.5413723,8113
0.52729774,8114
0.5357355,8115
0.5393363,8116
0.5681501,8117
0.5609759,8118
0.55294627,8119
0.55453485,8120
0.5706554,8121
0.56210333,8122
0.58193296,8123
0.578752,8124
0.5875837,8125
0.5822026,8126
0.58148575,8127
0.546429,8128
0.55920756,8129
0.58196396,8130
0.5451705,8131
0.546304,8132
0.49980897,8133
0.49814495,8134
0.50416684,8135
0.5438946,8136
0.50489616,8137
0.509036,8138
0.46498346,8139
0.4714344,8140
0.48940024,8141
0.4947128,8142
0.49810082,8143
0.5229873,8144
0.5147357,8145
0.48163867,8146
0.48558843,8147
0.462667,8148
0.47232556,8149
0.45254683,8150
0.4597718,8151
0.48640072,8152
0.49019545,8153
0.50138974,8154
0.4917887,8155
0.43582353,8156
0.44846332,8157
0.45264134,8158
0.49967203,8159
0.5064816,8160
0.4909035,8161
0.52512515,8162
0.5334493,8163
0.5045691,8164
0.5269728,8165
0.53596926,8166
0.51010126,8167
0.5049083,8168
0.5020313,8169
0.5203957,8170
0.51540315,8171
0.49296573,8172
0.495528,8173
0.45402703,8174
0.4491516,8175
0.49523568,8176
0.47945985,8177
0.48469865,8178
0.46781263,8179
0.4741959,8180
0.47941166,8181
0.45779222,8182
0.4904198,8183
0.504542,8184
0.5005099,8185
0.54687476,8186
0.5538352,8187
0.56191033,8188
0.54611117,8189
0.52243054,8190
0.5055731,8191
0.53820807,8192
0.56193274,8193
0.6348579,8194
0.63161504,8195
0.6567841,8196
0.6777641,8197
0.6568785,8198
0.6793776,8199
0.6726037,8200
0.6860001,8201
0.6951311,8202
0.6887821,8203
0.64723814,8204
0.641164,8205
0.62804943,8206
0.63441885,8207
0.6373279,8208
0.6607361,8209
0.69785374,8210
0.7588949,8211
0.7289842,8212
0.67319125,8213
0.6135853,8214
0.5991261,8215
0.5774209,8216
0.58762676,8217
0.6239584,8218
0.6044341,8219
0.5808053,8220
0.5760916,8221
0.5947055,8222
0.60604066,8223
0.60129595,8224
0.60450053,8225
0.5960179,8226
0.5848326,8227
0.60619044,8228
0.6298031,8229
0.6516202,8230
0.522364,8231
0.573084,8232
0.61041075,8233
0.5963779,8234
0.603047,8235
0.616143,8236
0.5903495,8237
0.5669586,8238
0.588848,8239
0.65670884,8240
0.6187906,8241
0.58616775,8242
0.5696672,8243
0.5795817,8244
0.5443488,8245
0.5460097,8246
0.5266559,8247
0.5262897,8248
0.52353984,8249
0.52275056,8250
0.5309394,8251
0.45985913,8252
0.4762834,8253
0.45669016,8254
0.50589573,8255
0.477169,8256
0.46101305,8257
0.46349308,8258
0.45356402,8259
0.38660994,8260
0.4042203,8261
0.4000402,8262
0.39964354,8263
0.42598742,8264
0.44020468,8265
0.47138345,8266
0.4899359,8267
0.4598915,8268
0.4605495,8269
0.49021283,8270
0.4782018,8271
0.4769962,8272
0.4399421,8273
0.465161,8274
0.42978328,8275
0.45373783,8276
0.48877093,8277
0.48938692,8278
0.50558716,8279
0.511744,8280
0.5250029,8281
0.528085,8282
0.511239,8283
0.477339,8284
0.46910733,8285
0.4320329,8286
0.44606856,8287
0.46234715,8288
0.4545568,8289
0.43177092,8290
0.42913592,8291
0.47429186,8292
0.49133518,8293
0.46961853,8294
0.47269627,8295
0.45438698,8296
0.47373086,8297
0.48804015,8298
0.4833925,8299
0.4848905,8300
0.46645308,8301
0.4629881,8302
0.46300325,8303
0.4687131,8304
0.5090251,8305
0.5243031,8306
0.52759546,8307
0.53398895,8308
0.5570355,8309
0.57622105,8310
0.5933766,8311
0.569831,8312
0.54463494,8313
0.51835895,8314
0.51334333,8315
0.5258939,8316
0.53231394,8317
0.5090237,8318
0.48353815,8319
0.48459795,8320
0.49016383,8321
0.47621647,8322
0.4860057,8323
0.5086483,8324
0.5110848,8325
0.53346854,8326
0.53256756,8327
0.51262707,8328
0.4726342,8329
0.47161308,8330
0.4774184,8331
0.48099935,8332
0.493238,8333
0.51013404,8334
0.5416734,8335
0.5699641,8336
0.54527694,8337
0.57154757,8338
0.56522864,8339
0.58893895,8340
0.59801155,8341
0.6180948,8342
0.6223161,8343
0.587287,8344
0.55377024,8345
0.5493249,8346
0.55416226,8347
0.568786,8348
0.582302,8349
0.6213318,8350
0.59228915,8351
0.5868008,8352
0.5720677,8353
0.578128,8354
0.59245765,8355
0.5759238,8356
0.5831543,8357
0.5393835,8358
0.5398503,8359
0.55640286,8360
0.5436172,8361
0.5238956,8362
0.5533882,8363
0.57852566,8364
0.6111724,8365
0.5974006,8366
0.58482164,8367
0.5845284,8368
0.6098716,8369
0.6260137,8370
0.5948052,8371
0.5835313,8372
0.59865284,8373
0.5802288,8374
0.5739923,8375
0.56625783,8376
0.53005207,8377
0.5523393,8378
0.55183256,8379
0.54407316,8380
0.5595278,8381
0.5750363,8382
0.56889147,8383
0.54968625,8384
0.53497946,8385
0.52838236,8386
0.5290658,8387
0.51323336,8388
0.48425284,8389
0.48010576,8390
0.520161,8391
0.55244654,8392
0.49925017,8393
0.57067305,8394
0.57211024,8395
0.57273513,8396
0.5634913,8397
0.5826347,8398
0.5586817,8399
0.54856473,8400
0.5343793,8401
0.545147,8402
0.56497574,8403
0.57653433,8404
0.53480864,8405
0.53224987,8406
0.52352685,8407
0.52784365,8408
0.5329119,8409
0.5587234,8410
0.54960364,8411
0.52196366,8412
0.5103145,8413
0.48595503,8414
0.49177262,8415
0.51137996,8416
0.5294928,8417
0.5352533,8418
0.5661211,8419
0.5721339,8420
0.56375253,8421
0.55040973,8422
0.52069855,8423
0.50871587,8424
0.52235276,8425
0.51754206,8426
0.52567935,8427
0.5489918,8428
0.55428296,8429
0.51144296,8430
0.50484556,8431
0.53730667,8432
0.5616788,8433
0.5368447,8434
0.5267212,8435
0.507976,8436
0.48736057,8437
0.48463884,8438
0.44774243,8439
0.4647732,8440
0.47508502,8441
0.49493095,8442
0.5023244,8443
0.48778844,8444
0.50711715,8445
0.5044159,8446
0.5039149,8447
0.4923993,8448
0.514631,8449
0.5080764,8450
0.53041905,8451
0.53162974,8452
0.51934373,8453
0.5246385,8454
0.52999425,8455
0.52696854,8456
0.54264396,8457
0.56393486,8458
0.5615482,8459
0.56440794,8460
0.577328,8461
0.5900895,8462
0.66481113,8463
0.6689111,8464
0.60592985,8465
0.651726,8466
0.6529258,8467
0.653156,8468
0.60994726,8469
0.6224467,8470
0.62643236,8471
0.62747765,8472
0.6042702,8473
0.59674233,8474
0.6031831,8475
0.59594005,8476
0.5848854,8477
0.56093186,8478
0.5265605,8479
0.5304801,8480
0.5290056,8481
0.5461888,8482
0.4653428,8483
0.44051492,8484
0.44990155,8485
0.40852678,8486
0.39218265,8487
0.39735416,8488
0.38417137,8489
0.3871521,8490
0.376757,8491
0.39042297,8492
0.37520713,8493
0.39171168,8494
0.40665546,8495
0.40457678,8496
0.4184443,8497
0.43366367,8498
0.4392949,8499
0.44657513,8500
0.440212,8501
0.4419281,8502
0.46116927,8503
0.45891804,8504
0.4854192,8505
0.50570065,8506
0.50313854,8507
0.5122084,8508
0.5390845,8509
0.5074974,8510
0.4942703,8511
0.5129177,8512
0.5379664,8513
0.5489087,8514
0.53100944,8515
0.54149014,8516
0.54872674,8517
0.53923017,8518
0.51642054,8519
0.5021766,8520
0.5042114,8521
0.50187224,8522
0.49900383,8523
0.5023103,8524
0.5328836,8525
0.5308923,8526
0.56499,8527
0.5665862,8528
0.56570715,8529
0.5614569,8530
0.58586836,8531
0.60672563,8532
0.61256194,8533
0.5912485,8534
0.64435065,8535
0.67099357,8536
0.6649646,8537
0.6552013,8538
0.6513994,8539
0.65257126,8540
0.6548547,8541
0.63032484,8542
0.6044582,8543
0.58058524,8544
0.55798167,8545
0.5585793,8546
0.548154,8547
0.5342396,8548
0.50581586,8549
0.5020207,8550
0.48446384,8551
0.44239867,8552
0.42674753,8553
0.4413534,8554
0.4255536,8555
0.38349143,8556
0.3903606,8557
0.3978428,8558
0.40321267,8559
0.39176884,8560
0.4044148,8561
0.41811246,8562
0.43271476,8563
0.39467058,8564
0.40333453,8565
0.42867008,8566
0.41222426,8567
0.41111857,8568
0.4282803,8569
0.45890695,8570
0.44642413,8571
0.5089778,8572
0.5180921,8573
0.4856139,8574
0.5046057,8575
0.49864185,8576
0.513316,8577
0.51105094,8578
0.48045105,8579
0.49062037,8580
0.48369366,8581
0.48556435,8582
0.48379448,8583
0.48460895,8584
0.46315965,8585
0.4341065,8586
0.4194806,8587
0.42631778,8588
0.4214373,8589
0.40374944,8590
0.40364733,8591
0.3650709,8592
0.35190722,8593
0.34871662,8594
0.3368895,8595
0.33420452,8596
0.32381383,8597
0.3140557,8598
0.31360784,8599
0.315768,8600
0.32929176,8601
0.33125326,8602
0.32966584,8603
0.32139966,8604
0.32946238,8605
0.3322719,8606
0.36346763,8607
0.3874523,8608
0.3877701,8609
0.3962097,8610
0.42203665,8611
0.44109756,8612
0.48115015,8613
0.49453536,8614
0.4690948,8615
0.5302009,8616
0.5255368,8617
0.53088665,8618
0.54515,8619
0.5581737,8620
0.56057376,8621
0.5804882,8622
0.57476246,8623
0.6275167,8624
0.6535043,8625
0.6537078,8626
0.6076421,8627
0.5976211,8628
0.5881087,8629
0.5803042,8630
0.57050556,8631
0.57735336,8632
0.6055944,8633
0.5994745,8634
0.60385376,8635
0.56857926,8636
0.55713266,8637
0.569964,8638
0.54565734,8639
0.5617425,8640
0.5882656,8641
0.59077054,8642
0.5917296,8643
0.5625586,8644
0.5343338,8645
0.52305955,8646
0.52075344,8647
0.5283797,8648
0.5059594,8649
0.5259254,8650
0.5201344,8651
0.48120186,8652
0.47280535,8653
0.44695285,8654
0.4409887,8655
0.40597197,8656
0.4349985,8657
0.41943857,8658
0.4311397,8659
0.45334297,8660
0.46172208,8661
0.4787034,8662
0.47665352,8663
0.46199453,8664
0.45353112,8665
0.4646671,8666
0.45528033,8667
0.47547102,8668
0.49196312,8669
0.48790532,8670
0.4942746,8671
0.4975355,8672
0.49816716,8673
0.5165806,8674
0.5403399,8675
0.5649965,8676
0.5693484,8677
0.6076312,8678
0.60936755,8679
0.5788222,8680
0.5482574,8681
0.5099294,8682
0.51243323,8683
0.5442948,8684
0.5634576,8685
0.5825825,8686
0.59137475,8687
0.5885946,8688
0.6052311,8689
0.6037468,8690
0.6062565,8691
0.65588224,8692
0.70206815,8693
0.6517778,8694
0.61113554,8695
0.5667515,8696
0.5683627,8697
0.5223311,8698
0.5213176,8699
0.50935304,8700
0.53440106,8701
0.5260205,8702
0.5345857,8703
0.48419905,8704
0.47320992,8705
0.47976592,8706
0.48058292,8707
0.48826554,8708
0.49572772,8709
0.43846086,8710
0.49290526,8711
0.4846256,8712
0.45317897,8713
0.45362005,8714
0.4634019,8715
0.456428,8716
0.45892388,8717
0.4861268,8718
0.50198895,8719
0.5080842,8720
0.48774812,8721
0.4863106,8722
0.4978493,8723
0.50688696,8724
0.50407094,8725
0.50690067,8726
0.5473428,8727
0.54918766,8728
0.5525209,8729
0.5420333,8730
0.5046601,8731
0.4954482,8732
0.5046658,8733
0.4827507,8734
0.48579276,8735
0.49216205,8736
0.4949523,8737
0.4818721,8738
0.47440866,8739
0.4661873,8740
0.47545737,8741
0.47586712,8742
0.46934855,8743
0.48953786,8744
0.48227975,8745
0.49516487,8746
0.4400803,8747
0.47036374,8748
0.45946634,8749
0.44850242,8750
0.45097956,8751
0.48131615,8752
0.50858563,8753
0.5186276,8754
0.52125996,8755
0.5123986,8756
0.49093568,8757
0.5312415,8758
0.5332451,8759
0.50153166,8760
0.48010486,8761
0.5024774,8762
0.4876192,8763
0.48881355,8764
0.48131108,8765
0.4618273,8766
0.4689075,8767
0.46989533,8768
0.4948321,8769
0.5156244,8770
0.51520896,8771
0.49356148,8772
0.5061554,8773
0.5123893,8774
0.50914073,8775
0.49594325,8776
0.50518954,8777
0.44761726,8778
0.44595563,8779
0.47056362,8780
0.4657543,8781
0.4251466,8782
0.4928166,8783
0.48891985,8784
0.49000943,8785
0.54494417,8786
0.5387844,8787
0.54646003,8788
0.5524527,8789
0.5504288,8790
0.55768317,8791
0.5524856,8792
0.5574834,8793
0.55792135,8794
0.59299856,8795
0.63019,8796
0.6386642,8797
0.6522832,8798
0.6722443,8799
0.68257135,8800
0.7431317,8801
0.7571167,8802
0.70513254,8803
0.7134552,8804
0.7077243,8805
0.684031,8806
0.70361936,8807
0.6955578,8808
0.63741344,8809
0.5964604,8810
0.602947,8811
0.62654674,8812
0.60102814,8813
0.58044714,8814
0.58975893,8815
0.58471924,8816
0.5954516,8817
0.5845927,8818
0.56058186,8819
0.5824822,8820
0.5367234,8821
0.5100649,8822
0.5212388,8823
0.5158705,8824
0.49747878,8825
0.46124634,8826
0.4591374,8827
0.48286492,8828
0.52701837,8829
0.5778419,8830
0.550339,8831
0.53847957,8832
0.55885905,8833
0.5537227,8834
0.50942,8835
0.49344182,8836
0.5018738,8837
0.5195505,8838
0.55031204,8839
0.5743631,8840
0.5485024,8841
0.56022847,8842
0.5665148,8843
0.56484926,8844
0.5697717,8845
0.57926565,8846
0.5843573,8847
0.5509841,8848
0.5573536,8849
0.5151415,8850
0.5422782,8851
0.5232087,8852
0.52677107,8853
0.5164588,8854
0.5323537,8855
0.54513377,8856
0.50607604,8857
0.48681226,8858
0.4656862,8859
0.4400124,8860
0.434883,8861
0.44330373,8862
0.4487758,8863
0.43584764,8864
0.45603952,8865
0.4520017,8866
0.45840296,8867
0.4592461,8868
0.49029106,8869
0.5049994,8870
0.4988392,8871
0.5088836,8872
0.5154818,8873
0.5235588,8874
0.5240329,8875
0.5380722,8876
0.56169915,8877
0.5751491,8878
0.5689263,8879
0.5607125,8880
0.59529173,8881
0.6049029,8882
0.650153,8883
0.6706924,8884
0.63809615,8885
0.61594874,8886
0.57735384,8887
0.583332,8888
0.5294413,8889
0.51896,8890
0.53367877,8891
0.517458,8892
0.5135936,8893
0.50729233,8894
0.47750965,8895
0.49448827,8896
0.5001784,8897
0.4857054,8898
0.49232644,8899
0.49122345,8900
0.4444627,8901
0.4405929,8902
0.41206944,8903
0.3917149,8904
0.40324748,8905
0.399042,8906
0.42429975,8907
0.43704844,8908
0.42494863,8909
0.54299676,8910
0.53635836,8911
0.553037,8912
0.54110986,8913
0.53686416,8914
0.5563154,8915
0.5566325,8916
0.5290929,8917
0.55657464,8918
0.56247085,8919
0.573709,8920
0.5828433,8921
0.6005727,8922
0.5980153,8923
0.60789716,8924
0.62034506,8925
0.6449496,8926
0.64080364,8927
0.6275305,8928
0.6248757,8929
0.5235645,8930
0.52064395,8931
0.5233444,8932
0.54326457,8933
0.5418241,8934
0.52359736,8935
0.50386983,8936
0.48755956,8937
0.46751967,8938
0.49598873,8939
0.483957,8940
0.5136516,8941
0.5164604,8942
0.5140604,8943
0.5043397,8944
0.47874957,8945
0.47169134,8946
0.47365412,8947
0.46817213,8948
0.46925715,8949
0.4744453,8950
0.4662053,8951
0.45743495,8952
0.43103454,8953
0.431724,8954
0.41518697,8955
0.42983764,8956
0.40990674,8957
0.41546217,8958
0.3948236,8959
0.3904964,8960
0.3980243,8961
0.39095476,8962
0.39496642,8963
0.40959707,8964
0.41929477,8965
0.40849417,8966
0.39326042,8967
0.41543972,8968
0.42454022,8969
0.43724307,8970
0.45679474,8971
0.47000897,8972
0.47659123,8973
0.48240662,8974
0.4823032,8975
0.47620893,8976
0.49011177,8977
0.48251435,8978
0.45947325,8979
0.45490983,8980
0.44191074,8981
0.42607108,8982
0.46380153,8983
0.5221331,8984
0.5168596,8985
0.52829343,8986
0.54188573,8987
0.55068654,8988
0.5205093,8989
0.5317841,8990
0.5449559,8991
0.5331832,8992
0.5459797,8993
0.5517729,8994
0.5925621,8995
0.6178174,8996
0.6054067,8997
0.62045294,8998
0.64655477,8999
0.6136235,9000
0.6298342,9001
0.6827861,9002
0.6468693,9003
0.6785715,9004
0.6689541,9005
0.6461913,9006
0.64571047,9007
0.6993629,9008
0.71461004,9009
0.70193225,9010
0.6705934,9011
0.6831776,9012
0.64962614,9013
0.6137836,9014
0.57393384,9015
0.5876183,9016
0.56225073,9017
0.5305799,9018
0.532883,9019
0.52048004,9020
0.5688771,9021
0.5248248,9022
0.5202002,9023
0.50467205,9024
0.4874329,9025
0.5155534,9026
0.5415316,9027
0.47509584,9028
0.463445,9029
0.46835938,9030
0.4893223,9031
0.4721582,9032
0.45463777,9033
0.45380044,9034
0.4795758,9035
0.457653,9036
0.46551925,9037
0.46129954,9038
0.42227802,9039
0.4330986,9040
0.4347603,9041
0.4170119,9042
0.44444492,9043
0.43429917,9044
0.4590881,9045
0.4333783,9046
0.41019493,9047
0.43130895,9048
0.42988297,9049
0.4256103,9050
0.3863861,9051
0.4110012,9052
0.41438696,9053
0.4287294,9054
0.4263282,9055
0.42126775,9056
0.4276806,9057
0.4326884,9058
0.42852616,9059
0.41394016,9060
0.40992635,9061
0.4501748,9062
0.44257978,9063
0.44394374,9064
0.43508592,9065
0.4196184,9066
0.43074062,9067
0.47235152,9068
0.46912923,9069
0.48446926,9070
0.4671367,9071
0.4995701,9072
0.5153345,9073
0.50126374,9074
0.49193254,9075
0.5058906,9076
0.5196251,9077
0.55166173,9078
0.57853043,9079
0.5765876,9080
0.56286854,9081
0.54710895,9082
0.54083633,9083
0.5481326,9084
0.54478854,9085
0.52780527,9086
0.51267874,9087
0.4902662,9088
0.50623196,9089
0.53409845,9090
0.55011874,9091
0.53263986,9092
0.5254777,9093
0.51226795,9094
0.5119363,9095
0.5083789,9096
0.52813894,9097
0.5183559,9098
0.4672925,9099
0.5213856,9100
0.5313065,9101
0.5376913,9102
0.53862804,9103
0.5405044,9104
0.5437504,9105
0.5314378,9106
0.6292421,9107
0.6157539,9108
0.6314933,9109
0.6051515,9110
0.61724263,9111
0.63376063,9112
0.6495253,9113
0.63853055,9114
0.6247628,9115
0.6167131,9116
0.61862546,9117
0.6104577,9118
0.6095392,9119
0.547832,9120
0.5502595,9121
0.55643654,9122
0.5725522,9123
0.5661196,9124
0.58212256,9125
0.58743197,9126
0.4921593,9127
0.47500157,9128
0.4574313,9129
0.4485482,9130
0.46618944,9131
0.42296353,9132
0.41865698,9133
0.4282757,9134
0.4694096,9135
0.50211537,9136
0.50428504,9137
0.5098823,9138
0.52142537,9139
0.5151995,9140
0.5502475,9141
0.56648993,9142
0.58498067,9143
0.6020606,9144
0.5587389,9145
0.58770907,9146
0.5864586,9147
0.5680078,9148
0.6011063,9149
0.6197925,9150
0.60191816,9151
0.6019444,9152
0.5872764,9153
0.5843115,9154
0.53885657,9155
0.5269328,9156
0.5404253,9157
0.57642,9158
0.55736303,9159
0.5556896,9160
0.5237694,9161
0.59527564,9162
0.5352143,9163
0.57146126,9164
0.554828,9165
0.55662817,9166
0.5727415,9167
0.5796349,9168
0.5169588,9169
0.5611636,9170
0.58051306,9171
0.6011117,9172
0.6363257,9173
0.5704997,9174
0.5479345,9175
0.5500776,9176
0.5800009,9177
0.5571161,9178
0.5991524,9179
0.5964625,9180
0.5856279,9181
0.5094816,9182
0.5296067,9183
0.5422132,9184
0.56261796,9185
0.5476909,9186
0.53487307,9187
0.5386676,9188
0.5498538,9189
0.50532854,9190
0.49409398,9191
0.49060333,9192
0.47487047,9193
0.46146494,9194
0.48637334,9195
0.47644287,9196
0.4599148,9197
0.45206752,9198
0.4365845,9199
0.46214622,9200
0.4982719,9201
0.48862728,9202
0.46541256,9203
0.4848599,9204
0.51337576,9205
0.5434462,9206
0.51803553,9207
0.5452794,9208
0.5396706,9209
0.5466662,9210
0.57158667,9211
0.61897,9212
0.56592226,9213
0.5475864,9214
0.5355203,9215
0.5115696,9216
0.52571577,9217
0.52897584,9218
0.53049266,9219
0.51085997,9220
0.50475657,9221
0.52085644,9222
0.5215612,9223
0.4664654,9224
0.4486457,9225
0.4222798,9226
0.43465167,9227
0.44233292,9228
0.46010005,9229
0.45802164,9230
0.49731296,9231
0.47142318,9232
0.49620715,9233
0.49714303,9234
0.5224933,9235
0.5168721,9236
0.5319833,9237
0.5327698,9238
0.53510624,9239
0.56894237,9240
0.5644538,9241
0.5648176,9242
0.55467546,9243
0.5862248,9244
0.5789385,9245
0.5816356,9246
0.5505905,9247
0.55049545,9248
0.5487429,9249
0.5765519,9250
0.5078483,9251
0.5030924,9252
0.46664032,9253
0.4907012,9254
0.48673984,9255
0.49882168,9256
0.48248953,9257
0.4841318,9258
0.46999592,9259
0.4509644,9260
0.4454844,9261
0.4455239,9262
0.46159634,9263
0.46370527,9264
0.4509768,9265
0.44384193,9266
0.45727527,9267
0.43912128,9268
0.43409625,9269
0.43966898,9270
0.43458953,9271
0.45234165,9272
0.47959077,9273
0.4798939,9274
0.5022449,9275
0.50239927,9276
0.5468195,9277
0.5538867,9278
2.1081047,9279
2.122387,9280
2.1573224,9281
2.1598568,9282
2.1479816,9283
2.1798685,9284
2.1838222,9285
2.1791625,9286
2.185051,9287
2.1638622,9288
2.1789956,9289
2.2339144,9290
2.2335427,9291
2.2220929,9292
2.251526,9293
2.2747443,9294
2.238011,9295
2.2029526,9296
2.1605668,9297
2.1618018,9298
0.5489584,9299
0.5428395,9300
0.56639946,9301
0.5676106,9302
0.568519,9303
0.5426562,9304
0.5476024,9305
0.5699926,9306
0.5599394,9307
0.6069353,9308
0.6161208,9309
0.51477456,9310
0.51387995,9311
0.4774693,9312
0.48499587,9313
0.4608129,9314
0.4701701,9315
0.4828028,9316
0.48040563,9317
0.47958198,9318
0.5263523,9319
0.51823467,9320
0.48578334,9321
0.5012804,9322
0.52281433,9323
0.53856194,9324
0.55139536,9325
0.5116345,9326
0.5233675,9327
0.47048217,9328
0.47781694,9329
0.4784951,9330
0.49346575,9331
0.48354623,9332
0.5022944,9333
0.52195776,9334
0.50266564,9335
0.5036966,9336
0.4813787,9337
0.5052856,9338
0.4992299,9339
0.50763565,9340
0.5143454,9341
0.5139013,9342
0.48661816,9343
0.48045558,9344
0.5235308,9345
0.5384357,9346
0.5330131,9347
0.5281962,9348
0.56127024,9349
0.5319914,9350
0.5300681,9351
0.5303466,9352
0.5099462,9353
0.5042449,9354
0.5077829,9355
0.49116164,9356
0.48081753,9357
0.47077158,9358
0.4724231,9359
0.48071137,9360
0.4976542,9361
0.50545186,9362
0.5142685,9363
0.53579754,9364
0.46903378,9365
0.5271594,9366
0.5282655,9367
0.5459682,9368
0.51643145,9369
0.5273036,9370
0.54116505,9371
0.5570275,9372
0.55474854,9373
0.55138165,9374
0.556239,9375
0.53999555,9376
0.5304035,9377
0.5201881,9378
0.53012526,9379
0.49264264,9380
0.44872877,9381
0.4232251,9382
0.4235172,9383
0.42140642,9384
0.43424058,9385
0.38309762,9386
0.38363189,9387
0.38005123,9388
0.39815918,9389
0.39242858,9390
0.39667654,9391
0.39106533,9392
0.39690804,9393
0.3825031,9394
0.50301546,9395
0.5068685,9396
0.5539893,9397
0.62815803,9398
0.6037194,9399
0.6022045,9400
0.6638413,9401
0.6590928,9402
0.6751416,9403
0.63489735,9404
0.6498437,9405
0.65726125,9406
0.65605676,9407
0.63418055,9408
0.6283281,9409
0.6062647,9410
0.5940067,9411
0.58138186,9412
0.5823583,9413
0.6016054,9414
0.49369264,9415
0.4920026,9416
0.48172522,9417
0.431664,9418
0.42398936,9419
0.4807579,9420
0.47683874,9421
0.46922827,9422
0.46162832,9423
0.4687046,9424
0.49334535,9425
0.4875917,9426
0.49484462,9427
0.5088302,9428
0.50464815,9429
0.50039065,9430
0.497795,9431
0.5024056,9432
0.5303816,9433
0.500145,9434
0.536053,9435
0.5390668,9436
0.53494257,9437
0.5624591,9438
0.5595069,9439
0.49298814,9440
0.50064045,9441
0.4884338,9442
0.48480204,9443
0.48520777,9444
0.50791425,9445
0.51000756,9446
0.5116317,9447
0.55117524,9448
0.5319207,9449
0.5416056,9450
0.5678123,9451
0.56112087,9452
0.5353604,9453
0.5314757,9454
0.48644203,9455
0.4919199,9456
0.5002834,9457
0.49440014,9458
0.5057931,9459
0.52829456,9460
0.57149017,9461
0.5633322,9462
0.5523664,9463
0.54391146,9464
0.5315473,9465
0.53706056,9466
0.5388866,9467
0.55902517,9468
0.55478114,9469
0.55627215,9470
0.55916196,9471
0.5463587,9472
0.54608417,9473
0.56369925,9474
0.60773784,9475
0.6130608,9476
0.59970075,9477
0.62098515,9478
0.63631415,9479
0.60027957,9480
0.5653384,9481
0.56359214,9482
0.55520344,9483
0.5389849,9484
0.56434137,9485
0.55601525,9486
0.5163565,9487
0.4847337,9488
0.4847302,9489
0.44100323,9490
0.45590222,9491
0.45919552,9492
0.46920067,9493
0.4828446,9494
0.4470363,9495
0.4421655,9496
0.46520028,9497
0.48033765,9498
0.4174728,9499
0.40201512,9500
0.42509574,9501
0.43045902,9502
0.4150869,9503
0.42952332,9504
0.41574803,9505
0.43953058,9506
0.45460004,9507
0.437678,9508
0.4963315,9509
0.49188337,9510
0.4774314,9511
0.49765512,9512
0.46477705,9513
0.46199062,9514
0.46579137,9515
0.46767604,9516
0.4707169,9517
0.46243626,9518
0.4715411,9519
0.46195042,9520
0.4828028,9521
0.4969051,9522
0.4601151,9523
0.41589147,9524
0.4131787,9525
0.52060086,9526
0.52497524,9527
0.529041,9528
0.5126516,9529
0.5207233,9530
0.5465987,9531
0.5219375,9532
0.54403096,9533
0.5423893,9534
0.53805363,9535
0.5546474,9536
0.58411664,9537
0.5970367,9538
0.64419746,9539
0.6475009,9540
0.625131,9541
0.6117691,9542
0.6429233,9543
0.6564353,9544
0.6732883,9545
0.56733525,9546
0.5423908,9547
0.55122125,9548
0.547662,9549
0.6643038,9550
0.6297393,9551
0.64147925,9552
0.6121486,9553
0.6552295,9554
0.6550508,9555
0.63698554,9556
0.62847084,9557
0.68928164,9558
0.68308365,9559
0.639181,9560
0.6493521,9561
0.65689313,9562
0.6311195,9563
0.64715475,9564
0.63329726,9565
0.64639723,9566
0.62405485,9567
0.6417802,9568
0.63201416,9569
0.5025767,9570
0.53267205,9571
0.5199035,9572
0.55065066,9573
0.5317989,9574
0.5358503,9575
0.5067419,9576
0.5239915,9577
0.4679199,9578
0.46278214,9579
0.48230383,9580
0.4937194,9581
0.51239616,9582
0.49015293,9583
0.47762495,9584
0.46975777,9585
0.46391374,9586
0.49069685,9587
0.47743383,9588
0.4788099,9589
0.50036794,9590
0.50311303,9591
0.5042545,9592
0.47251195,9593
0.47405988,9594
0.4898795,9595
0.49196646,9596
0.45857382,9597
0.5147748,9598
0.5215216,9599
0.5120423,9600
0.5467473,9601
0.5237659,9602
0.5331636,9603
0.5493029,9604
0.5596357,9605
0.5475092,9606
0.52517587,9607
0.5291491,9608
0.5467105,9609
0.5719437,9610
0.5696602,9611
0.564574,9612
0.5709813,9613
0.5699783,9614
0.52294695,9615
0.52933836,9616
0.5329805,9617
0.51254654,9618
0.513043,9619
0.49036774,9620
0.45116106,9621
0.47849718,9622
0.49381462,9623
0.5059697,9624
0.50454557,9625
0.51317334,9626
0.5346111,9627
0.513531,9628
0.5164595,9629
0.46501228,9630
0.44416448,9631
0.47425807,9632
0.4837085,9633
0.48110455,9634
0.4659311,9635
0.4442865,9636
0.45122612,9637
0.4324742,9638
0.44698238,9639
0.44788066,9640
0.4609702,9641
0.46902388,9642
0.43256554,9643
0.43579468,9644
0.4162934,9645
0.39155078,9646
0.36766112,9647
0.3979467,9648
0.37796447,9649
0.40598187,9650
0.4211097,9651
0.41555896,9652
0.41054627,9653
0.4214917,9654
0.43653268,9655
0.44452336,9656
0.433008,9657
0.4442346,9658
0.46364257,9659
0.48232174,9660
0.47405735,9661
0.4733039,9662
0.4821638,9663
0.48811132,9664
0.50712824,9665
0.5442137,9666
0.5702405,9667
0.5582573,9668
0.5812599,9669
0.5539633,9670
0.5756764,9671
0.5777743,9672
0.56069684,9673
0.56723434,9674
0.55032,9675
0.5498045,9676
0.545691,9677
0.58933085,9678
0.554929,9679
0.5487068,9680
0.544719,9681
0.5385944,9682
0.5578173,9683
0.55385655,9684
0.545285,9685
0.576299,9686
0.54094803,9687
0.55716926,9688
0.5619834,9689
0.57952875,9690
0.5870737,9691
0.5937592,9692
0.59464526,9693
0.58172786,9694
0.6093681,9695
0.62386787,9696
0.63706976,9697
0.5968724,9698
0.61688817,9699
0.6146907,9700
0.5972951,9701
0.5723305,9702
0.56516296,9703
0.5672319,9704
0.5450734,9705
0.5008979,9706
0.5282462,9707
0.51085865,9708
0.48800576,9709
0.45109624,9710
0.42741194,9711
0.44230756,9712
0.45040405,9713
0.45557335,9714
0.4409939,9715
0.44570488,9716
0.45310193,9717
0.460908,9718
0.41980675,9719
0.46219656,9720
0.467555,9721
0.46246848,9722
0.480941,9723
0.48118138,9724
0.4880585,9725
0.46343806,9726
0.44294152,9727
0.47129834,9728
0.44600016,9729
0.48465598,9730
0.4922586,9731
0.48964217,9732
0.5003414,9733
0.5276726,9734
0.5257035,9735
0.5219038,9736
0.5187339,9737
0.5134544,9738
0.5303222,9739
0.48867267,9740
0.49214974,9741
0.4798019,9742
0.4861268,9743
0.48711115,9744
0.45949715,9745
0.45545527,9746
0.47425693,9747
0.46588475,9748
0.46299478,9749
0.4253846,9750
0.44132438,9751
0.42882276,9752
0.46406496,9753
0.42586988,9754
0.4284424,9755
0.42436042,9756
0.42539272,9757
0.45581707,9758
0.44167545,9759
0.4336677,9760
0.43331486,9761
0.4926634,9762
0.46090555,9763
0.47554725,9764
0.47962427,9765
0.5040038,9766
0.5243257,9767
0.53256506,9768
0.54442596,9769
0.5398114,9770
0.53547174,9771
0.5427193,9772
0.5070283,9773
0.5245896,9774
0.5463131,9775
0.5486901,9776
0.5402495,9777
0.52934283,9778
0.5482033,9779
0.55019104,9780
0.544755,9781
0.47057155,9782
0.47224078,9783
0.46742624,9784
0.46749988,9785
0.4529064,9786
0.45658052,9787
0.44264287,9788
0.43913975,9789
0.43665448,9790
0.41595677,9791
0.4232641,9792
0.40330258,9793
0.40689796,9794
0.37646115,9795
0.3662976,9796
0.37433288,9797
0.37220538,9798
0.35671335,9799
0.37592313,9800
0.36935273,9801
0.3423431,9802
0.36027932,9803
0.36322722,9804
0.3656314,9805
0.36431953,9806
0.36398283,9807
0.39403054,9808
0.38893068,9809
0.41582265,9810
0.4391338,9811
0.42836514,9812
0.45335135,9813
0.42355195,9814
0.4503508,9815
0.4762809,9816
0.50207627,9817
0.5058386,9818
0.49783704,9819
0.48203266,9820
0.49652168,9821
0.5132239,9822
0.51574796,9823
0.49390543,9824
0.48590586,9825
0.47420123,9826
0.4962532,9827
0.4641147,9828
0.5060812,9829
0.49031115,9830
0.4659912,9831
0.5040102,9832
0.5003934,9833
0.5051866,9834
0.4863419,9835
0.49472576,9836
0.47758257,9837
0.47977346,9838
0.49004495,9839
0.48586273,9840
0.47865033,9841
0.4835859,9842
0.5069058,9843
0.5234431,9844
0.5201898,9845
0.5216359,9846
0.5056019,9847
0.5208578,9848
0.48589465,9849
0.4560547,9850
0.48086905,9851
0.43465906,9852
0.4622882,9853
0.46757618,9854
0.47005484,9855
0.47476548,9856
0.47527862,9857
0.43843254,9858
0.45310605,9859
0.49528685,9860
0.50835603,9861
0.5155749,9862
0.47343773,9863
0.4639934,9864
0.4670094,9865
0.46721506,9866
0.4738524,9867
0.45872915,9868
0.4772357,9869
0.48852775,9870
0.4884298,9871
0.480393,9872
0.43675354,9873
0.43887836,9874
0.43914193,9875
0.4161201,9876
0.41472232,9877
0.41710275,9878
0.42675006,9879
0.3976108,9880
0.43882358,9881
0.436062,9882
0.45436716,9883
0.46898338,9884
0.4729355,9885
0.4799749,9886
0.48520446,9887
0.4886974,9888
0.47570226,9889
0.4698934,9890
0.45481977,9891
0.4594075,9892
0.45845345,9893
0.47844726,9894
0.48304504,9895
0.50875026,9896
0.51662195,9897
0.5581171,9898
0.5501675,9899
0.5829769,9900
0.52420276,9901
0.51473457,9902
0.5251235,9903
0.54104143,9904
0.5491697,9905
0.53387946,9906
0.55849093,9907
0.56041217,9908
0.5786671,9909
0.55848336,9910
0.56268513,9911
0.56880444,9912
0.57677585,9913
0.5736618,9914
0.5542154,9915
0.5524826,9916
0.556687,9917
0.5148621,9918
0.51884025,9919
0.51989585,9920
0.544443,9921
0.55048007,9922
0.5208146,9923
0.50168955,9924
0.49983293,9925
0.5003449,9926
0.48716256,9927
0.4748736,9928
0.48178694,9929
0.49699423,9930
0.5081098,9931
0.48922685,9932
0.48345843,9933
0.47131178,9934
0.46644986,9935
0.45321637,9936
0.4303518,9937
0.42439932,9938
0.42092246,9939
0.391088,9940
0.37244418,9941
0.3446531,9942
0.33188394,9943
0.33992887,9944
0.3583814,9945
0.3609924,9946
0.3480992,9947
0.3457552,9948
0.36710763,9949
0.3528114,9950
0.3485666,9951
0.36559567,9952
0.39494193,9953
0.4191415,9954
0.42563704,9955
0.4238336,9956
0.42755878,9957
0.45020992,9958
0.44572353,9959
0.45761946,9960
0.46726432,9961
0.4596201,9962
0.48050418,9963
0.46813548,9964
0.45968655,9965
0.44498575,9966
0.4552635,9967
0.44931304,9968
0.42826042,9969
0.43535033,9970
0.45368335,9971
0.44644278,9972
0.4227952,9973
0.4102689,9974
0.41090918,9975
0.4093058,9976
0.40637106,9977
0.3798865,9978
0.37259766,9979
0.38207808,9980
0.38361484,9981
0.41680136,9982
0.40146166,9983
0.4142181,9984
0.39908013,9985
0.41407222,9986
0.38906363,9987
0.38799462,9988
0.36643022,9989
0.361299,9990
0.38807225,9991
0.3885728,9992
0.4009136,9993
0.39249128,9994
0.42665353,9995
0.44287747,9996
0.39759222,9997
0.38237426,9998
0.38283378,9999
0.38792306,10000
0.38756534,10001
0.37402117,10002
0.35701263,10003
0.36858132,10004
0.38471645,10005
0.36564788,10006
0.3980774,10007
0.4064386,10008
0.41433167,10009
0.4246868,10010
0.3957597,10011
0.4328956,10012
0.39652783,10013
0.40768197,10014
0.42072174,10015
0.46981993,10016
0.4911234,10017
0.49416956,10018
0.49703518,10019
0.49761474,10020
0.50299865,10021
0.5041268,10022
0.5065374,10023
0.51499337,10024
0.5215489,10025
0.4993058,10026
0.48413715,10027
0.5213282,10028
0.53978443,10029
0.5347652,10030
0.5454639,10031
0.55750865,10032
0.6056927,10033
0.59832233,10034
0.5708075,10035
0.54234856,10036
0.52115834,10037
0.5299037,10038
0.51796377,10039
0.53587973,10040
0.52776515,10041
0.54258704,10042
0.63005936,10043
0.6273897,10044
0.65328735,10045
0.6533273,10046
0.62840086,10047
0.60847807,10048
0.63324124,10049
0.60795546,10050
0.6120556,10051
0.62524706,10052
0.57705045,10053
0.60754114,10054
0.57282865,10055
0.57537353,10056
0.5741079,10057
0.5699177,10058
0.5905034,10059
0.57854205,10060
0.58844805,10061
0.57836103,10062
0.49856275,10063
0.51035714,10064
0.4618116,10065
0.46494868,10066
0.47964677,10067
0.5127689,10068
0.49495152,10069
0.50215954,10070
0.4991552,10071
0.49685547,10072
0.47063914,10073
0.4659068,10074
0.49808183,10075
0.47917342,10076
0.49501854,10077
0.49151027,10078
0.48990747,10079
0.47339386,10080
0.49014142,10081
0.47658154,10082
0.46885464,10083
0.46090347,10084
0.48173413,10085
0.4984939,10086
0.4904054,10087
0.48435494,10088
0.5023124,10089
0.48080152,10090
0.49424124,10091
0.48246086,10092
0.530591,10093
0.56616944,10094
0.5727561,10095
0.5869747,10096
0.56017524,10097
0.5510627,10098
0.5665758,10099
0.55342597,10100
0.5350675,10101
0.564766,10102
0.59212565,10103
0.6123604,10104
0.61420953,10105
0.58676076,10106
0.58914477,10107
0.5902641,10108
0.54415154,10109
0.6052999,10110
0.5649727,10111
0.5777877,10112
0.5500782,10113
0.49036255,10114
0.49853507,10115
0.49468043,10116
0.51270586,10117
0.55637807,10118
0.5749017,10119
0.56197983,10120
0.5664567,10121
0.5235566,10122
0.50350356,10123
0.4800851,10124
0.47759113,10125
0.4958743,10126
0.49060434,10127
0.4547202,10128
0.46062207,10129
0.45653892,10130
0.45417482,10131
0.45099556,10132
0.46047172,10133
0.46347854,10134
0.44492456,10135
0.45283604,10136
0.45928955,10137
0.4404276,10138
0.44725695,10139
0.45089898,10140
0.46828055,10141
0.4678778,10142
0.46402776,10143
0.462611,10144
0.47087124,10145
0.50698537,10146
0.4967457,10147
0.5314434,10148
0.55128473,10149
0.5084603,10150
0.50278544,10151
0.5483647,10152
0.57603484,10153
0.56062937,10154
0.57547116,10155
0.58551246,10156
0.57829034,10157
0.5409838,10158
0.553208,10159
0.5699407,10160
0.56798184,10161
0.57210755,10162
0.5923657,10163
0.6106537,10164
0.59678835,10165
0.55814236,10166
0.5738414,10167
0.54531443,10168
0.54589206,10169
0.55575496,10170
0.6209404,10171
0.57062703,10172
0.55998224,10173
0.53735524,10174
0.53241163,10175
0.5066362,10176
0.50409967,10177
0.51601875,10178
0.50108576,10179
0.53799546,10180
0.5373138,10181
0.5277095,10182
0.4938875,10183
0.50945526,10184
0.49308804,10185
0.49520394,10186
0.49666905,10187
0.49197048,10188
0.49357823,10189
0.47617936,10190
0.41384917,10191
0.3998993,10192
0.4088458,10193
0.4129518,10194
0.40610638,10195
0.3933058,10196
0.3855875,10197
0.40670747,10198
0.3675673,10199
0.35458007,10200
0.3434619,10201
0.3442143,10202
0.36864808,10203
0.3254011,10204
0.3325467,10205
0.3492108,10206
0.33620313,10207
0.36272004,10208
0.3576044,10209
0.37130433,10210
0.36962458,10211
0.3902226,10212
0.4269545,10213
0.43994066,10214
0.46413216,10215
0.4703925,10216
0.48068416,10217
0.46376988,10218
0.47811067,10219
0.490072,10220
0.48669735,10221
0.48263317,10222
0.48313642,10223
0.52229774,10224
0.51776004,10225
0.50445443,10226
0.52085567,10227
0.5261455,10228
0.5154799,10229
0.493332,10230
0.48756802,10231
0.5111772,10232
0.51675946,10233
0.5291014,10234
0.51344615,10235
0.51879746,10236
0.50505954,10237
0.49026743,10238
0.4535935,10239
0.4771634,10240
0.48753104,10241
0.49236023,10242
0.4807048,10243
0.44284284,10244
0.44666177,10245
0.50989413,10246
0.50919807,10247
0.51218843,10248
0.53488624,10249
0.5395711,10250
0.5722425,10251
0.54637766,10252
0.5068242,10253
0.55050766,10254
0.5522348,10255
0.5718225,10256
0.5619981,10257
0.5694448,10258
0.62163955,10259
0.594224,10260
0.6014363,10261
0.61121273,10262
0.649675,10263
0.65651095,10264
0.6084079,10265
0.6021888,10266
0.6227402,10267
0.6125573,10268
0.607938,10269
0.60237193,10270
0.5733097,10271
0.5617255,10272
0.58288336,10273
0.54056704,10274
0.5477655,10275
0.54323345,10276
0.57787216,10277
0.5695746,10278
0.5350781,10279
0.5304956,10280
0.5153259,10281
0.50213206,10282
0.47440034,10283
0.4874992,10284
0.5069545,10285
0.4698262,10286
0.48129246,10287
0.44764024,10288
0.46444684,10289
0.48767108,10290
0.49958378,10291
0.4741889,10292
0.4780199,10293
0.50341386,10294
0.49018946,10295
0.49488455,10296
0.48128426,10297
0.47669965,10298
0.51068884,10299
0.49997157,10300
0.5462969,10301
0.5487787,10302
0.5309047,10303
0.5457574,10304
0.526671,10305
0.5480511,10306
0.5289358,10307
0.51919216,10308
0.4824789,10309
0.4677647,10310
0.47183523,10311
0.475953,10312
0.46397352,10313
0.45258605,10314
0.45526415,10315
0.4854107,10316
0.4439529,10317
0.46258518,10318
0.41809392,10319
0.45221144,10320
0.40964958,10321
0.40531275,10322
0.4918435,10323
0.47920248,10324
0.46862218,10325
0.48298854,10326
0.48332626,10327
0.593239,10328
0.618417,10329
0.65476364,10330
0.6385746,10331
0.6407671,10332
0.6620593,10333
0.6951667,10334
0.657266,10335
0.669167,10336
0.71280193,10337
0.6952273,10338
0.68505037,10339
0.6704869,10340
0.66628987,10341
0.6981338,10342
0.5886488,10343
0.5831793,10344
0.58745545,10345
0.60390174,10346
0.6156828,10347
0.50606644,10348
0.5249811,10349
0.56692064,10350
0.55754125,10351
0.53997725,10352
0.572014,10353
0.57701063,10354
0.5750432,10355
0.5901352,10356
0.5577463,10357
0.57340306,10358
0.56342685,10359
0.8544351,10360
0.8912173,10361
0.850288,10362
0.8305134,10363
0.8558419,10364
0.8688742,10365
0.8524984,10366
0.8390983,10367
0.8418432,10368
0.8335408,10369
0.7916393,10370
0.78142035,10371
0.7979003,10372
0.7671112,10373
0.7664411,10374
0.74261814,10375
0.7148229,10376
0.69893587,10377
0.70682573,10378
0.7369533,10379
0.43964326,10380
0.43459913,10381
0.44837695,10382
0.45522147,10383
0.4466954,10384
0.44109824,10385
0.4621667,10386
0.49204615,10387
0.49963003,10388
0.49306947,10389
0.4977662,10390
0.51309204,10391
0.47905836,10392
0.4886867,10393
0.4948379,10394
0.5237851,10395
0.53483903,10396
0.5558134,10397
0.56317335,10398
0.56219447,10399
0.54009503,10400
0.56758904,10401
0.5704946,10402
0.5438256,10403
0.53397566,10404
0.552763,10405
0.53437454,10406
0.5357099,10407
0.53494316,10408
0.5395614,10409
0.5691859,10410
0.55090874,10411
0.55707943,10412
0.52803516,10413
0.54189503,10414
0.53010523,10415
0.49574167,10416
0.51112926,10417
0.51647407,10418
0.47854626,10419
0.4943801,10420
0.4427186,10421
0.4456951,10422
0.47210383,10423
0.46237296,10424
0.4523698,10425
0.47119525,10426
0.4473637,10427
0.4499996,10428
0.4539758,10429
0.45814446,10430
0.45267484,10431
0.49317425,10432
0.47280937,10433
0.46220613,10434
0.4630741,10435
0.45166183,10436
0.45071268,10437
0.44284746,10438
0.46248615,10439
0.43950135,10440
0.45160532,10441
0.4731909,10442
0.43923157,10443
0.45114806,10444
0.43621242,10445
0.4287209,10446
0.41575027,10447
0.39744747,10448
0.41182294,10449
0.41492012,10450
0.41723087,10451
0.39583513,10452
0.404443,10453
0.39902705,10454
0.4132939,10455
0.41941887,10456
0.4089428,10457
0.41914716,10458
0.39173284,10459
0.36805508,10460
0.35045218,10461
0.36985317,10462
0.369499,10463
0.4173666,10464
0.4169873,10465
0.41627005,10466
0.42691493,10467
0.4315937,10468
0.44273585,10469
0.43629777,10470
0.44836226,10471
0.45989472,10472
0.45822886,10473
0.46301183,10474
0.46944022,10475
0.47227904,10476
0.4710567,10477
0.46336645,10478
0.46281195,10479
0.49129978,10480
0.49444404,10481
0.48920834,10482
0.5139801,10483
0.43289295,10484
0.46502808,10485
0.4846943,10486
0.49292305,10487
0.4958124,10488
0.48967093,10489
0.5113464,10490
0.50227636,10491
0.50071603,10492
0.49049735,10493
0.45456675,10494
0.46167076,10495
0.45622677,10496
0.46009085,10497
0.47652212,10498
0.47196874,10499
0.47819293,10500
0.49959773,10501
0.49919304,10502
0.52517545,10503
0.54061866,10504
0.5063157,10505
0.49386644,10506
0.48248726,10507
0.4728433,10508
0.4805266,10509
0.47545782,10510
0.5087832,10511
0.4937567,10512
0.488143,10513
0.50217056,10514
0.52749115,10515
0.53305435,10516
0.54052114,10517
0.49359694,10518
0.50408375,10519
0.48676923,10520
0.5004192,10521
0.49610147,10522
0.48183185,10523
0.48345488,10524
0.5063386,10525
0.5421048,10526
0.55837893,10527
0.5526344,10528
0.5474478,10529
0.53911287,10530
0.52441,10531
0.52296823,10532
0.5422758,10533
0.533179,10534
0.47901362,10535
0.48501787,10536
0.4808716,10537
0.49339923,10538
0.48984888,10539
0.4968886,10540
0.4933017,10541
0.501201,10542
0.5068753,10543
0.511413,10544
0.4879836,10545
0.48823097,10546
0.5032161,10547
0.5044575,10548
0.51836467,10549
0.5310277,10550
0.50937635,10551
0.5206433,10552
0.49608094,10553
0.5085669,10554
0.5076925,10555
0.5113774,10556
0.5068763,10557
0.50562954,10558
0.48879385,10559
0.5209582,10560
0.50518984,10561
0.5403848,10562
0.56564045,10563
0.57376397,10564
0.5839757,10565
0.5753521,10566
0.5413058,10567
0.56808966,10568
0.5631614,10569
0.58133125,10570
0.5456646,10571
0.5431423,10572
0.5433682,10573
0.5359308,10574
0.53366584,10575
0.52200985,10576
0.5387441,10577
0.5510825,10578
0.5411462,10579
0.55655736,10580
0.55943674,10581
0.53506166,10582
0.5172944,10583
0.51056737,10584
0.54521966,10585
0.5823312,10586
0.5565143,10587
0.53945607,10588
0.5633018,10589
0.57523227,10590
0.5965361,10591
0.586664,10592
0.5749849,10593
0.566793,10594
0.5873589,10595
0.6322068,10596
0.65029436,10597
0.6130289,10598
0.5932793,10599
0.5795149,10600
0.5863812,10601
0.5719126,10602
0.58564913,10603
0.5857734,10604
0.55413353,10605
0.5117019,10606
0.5248341,10607
0.5475038,10608
0.5325244,10609
0.5434819,10610
0.525071,10611
0.53343225,10612
0.5598141,10613
0.5769633,10614
0.5502487,10615
0.5116754,10616
0.5480289,10617
0.5839397,10618
0.5786673,10619
0.5891867,10620
0.5888436,10621
0.6182226,10622
0.5779438,10623
0.5627188,10624
0.55350244,10625
0.5592701,10626
0.5370629,10627
0.49116847,10628
0.49922848,10629
0.46498618,10630
0.4600049,10631
0.47226354,10632
0.4605283,10633
0.47087896,10634
0.4566269,10635
0.46948242,10636
0.42995265,10637
0.4039256,10638
0.36981222,10639
0.37333247,10640
0.3809171,10641
0.38182616,10642
0.4038502,10643
0.41267836,10644
0.41236055,10645
0.41883183,10646
0.43790033,10647
0.4243907,10648
0.45051366,10649
0.44782022,10650
0.43539003,10651
0.4457108,10652
0.4495502,10653
0.4504521,10654
0.46285796,10655
0.47398594,10656
0.48421848,10657
0.4778098,10658
0.48048615,10659
0.47384465,10660
0.5177267,10661
0.50848186,10662
0.4951958,10663
0.54170007,10664
0.5618456,10665
0.5733068,10666
0.5198471,10667
0.5151763,10668
0.53130364,10669
0.5246124,10670
0.54772663,10671
0.5437535,10672
0.53739136,10673
0.51330554,10674
1.0222393,10675
1.0103478,10676
1.0231345,10677
1.0510155,10678
1.0517462,10679
1.0510292,10680
0.97827166,10681
1.0166231,10682
1.0055082,10683
0.92587054,10684
0.92434955,10685
0.9234698,10686
0.943995,10687
0.95229495,10688
0.93787754,10689
0.92966133,10690
0.95308506,10691
0.9548675,10692
0.9823849,10693
0.9723479,10694
0.46041143,10695
0.4985145,10696
0.46113476,10697
0.457692,10698
0.51523906,10699
0.49451917,10700
0.4999985,10701
0.5087904,10702
0.5245539,10703
0.54412264,10704
0.5443078,10705
0.5335885,10706
0.5534194,10707
0.54848766,10708
0.54861164,10709
0.5498241,10710
0.52102005,10711
0.5164132,10712
0.49660558,10713
0.50926834,10714
0.5189646,10715
0.48467866,10716
0.48372158,10717
0.47166434,10718
0.4326109,10719
0.44051096,10720
0.4422699,10721
0.44187534,10722
0.4087309,10723
0.40517187,10724
0.37842798,10725
0.3846318,10726
0.4454117,10727
0.41225964,10728
0.43629736,10729
0.44275856,10730
0.44435808,10731
0.4280942,10732
0.40893582,10733
0.41863242,10734
0.43190038,10735
0.43761763,10736
0.45449305,10737
0.4538883,10738
0.46122092,10739
0.47130346,10740
0.5051411,10741
0.49252328,10742
0.5205488,10743
0.504237,10744
0.5210654,10745
0.5136633,10746
0.50222677,10747
0.48924333,10748
0.49858642,10749
0.5050157,10750
0.50809634,10751
0.50837797,10752
0.48802158,10753
0.4754714,10754
0.48980856,10755
0.4779058,10756
0.49436906,10757
0.4909473,10758
0.49172503,10759
0.48430473,10760
0.5289418,10761
0.56419396,10762
0.55969656,10763
0.57095736,10764
0.6052207,10765
0.60832304,10766
0.59385383,10767
0.6052192,10768
0.6212034,10769
0.6619684,10770
0.64248013,10771
0.64605767,10772
0.6584443,10773
0.66855055,10774
0.66959536,10775
0.6397154,10776
0.6015488,10777
0.586101,10778
0.5908763,10779
0.6067797,10780
0.5319516,10781
0.50263345,10782
0.47996095,10783
0.4904906,10784
0.45835525,10785
0.44203377,10786
0.40929514,10787
0.4159991,10788
0.42705348,10789
0.43059316,10790
0.4408711,10791
0.45138845,10792
0.43292046,10793
0.47187516,10794
0.4741841,10795
0.49238858,10796
0.49858633,10797
0.55956,10798
0.5243377,10799
0.5185437,10800
0.50621706,10801
0.5037781,10802
0.50972027,10803
0.5020646,10804
0.5093453,10805
0.5115971,10806
0.5168335,10807
0.5143096,10808
0.5381146,10809
0.54402316,10810
0.5661532,10811
0.57216996,10812
0.5708885,10813
0.5446155,10814
0.5316267,10815
0.50736886,10816
0.53609765,10817
0.53634596,10818
0.5381115,10819
0.5210647,10820
0.5383141,10821
0.517386,10822
0.51371187,10823
0.5144623,10824
0.52138376,10825
0.5108858,10826
0.51601255,10827
0.5204958,10828
0.5402386,10829
0.50352037,10830
0.47182295,10831
0.46426186,10832
0.48248345,10833
0.47575226,10834
0.46611458,10835
0.4681866,10836
0.47520185,10837
0.47749037,10838
0.48362777,10839
0.4688325,10840
0.49250475,10841
0.47759104,10842
0.47251514,10843
0.46692297,10844
0.4616294,10845
0.45886326,10846
0.4554582,10847
0.47200438,10848
0.44448766,10849
0.44392547,10850
0.49560896,10851
0.4887084,10852
0.47535175,10853
0.46874228,10854
0.48901525,10855
0.47331974,10856
0.46663037,10857
0.4791285,10858
0.47588474,10859
0.5402805,10860
0.5162252,10861
0.53232247,10862
0.54435754,10863
0.54886055,10864
0.55908895,10865
0.58390003,10866
0.61645,10867
0.6315839,10868
0.6265753,10869
0.6463856,10870
0.6230771,10871
0.6170234,10872
0.60624474,10873
0.60840726,10874
0.59295595,10875
0.5970616,10876
0.5951967,10877
0.58943385,10878
0.58330864,10879
0.5167027,10880
0.52268773,10881
0.503577,10882
0.49845877,10883
0.50996286,10884
0.52953845,10885
0.49738878,10886
0.5135888,10887
0.5165158,10888
0.47942105,10889
0.4564727,10890
0.45870075,10891
0.4683771,10892
0.48330173,10893
0.49883437,10894
0.4947339,10895
0.50621986,10896
0.5251514,10897
0.51743066,10898
0.5047779,10899
0.5709215,10900
0.5763426,10901
0.5981721,10902
0.61737746,10903
0.5920467,10904
0.58130085,10905
0.5768049,10906
0.5073295,10907
0.51422346,10908
0.504293,10909
0.5571327,10910
0.57328594,10911
0.5454625,10912
0.5505846,10913
0.55239564,10914
0.56357056,10915
0.54397047,10916
0.5198311,10917
0.48853856,10918
0.51234823,10919
0.46048668,10920
0.45973542,10921
0.4695227,10922
0.45478463,10923
0.45361722,10924
0.45214853,10925
0.4525766,10926
0.48065448,10927
0.4772548,10928
0.48857757,10929
0.45241073,10930
0.4585355,10931
0.46163696,10932
0.46532252,10933
0.45505545,10934
0.47840175,10935
0.4863222,10936
0.48280007,10937
0.4895642,10938
0.49692827,10939
0.5024501,10940
0.4986663,10941
0.48164445,10942
0.48751992,10943
0.4898107,10944
0.5093992,10945
0.50760025,10946
0.51399475,10947
0.5129601,10948
0.5205899,10949
0.50904036,10950
0.4818687,10951
0.53461903,10952
0.5186815,10953
0.51056224,10954
0.49802437,10955
0.4913038,10956
0.5508149,10957
0.5678231,10958
0.5463877,10959
0.546091,10960
0.55954474,10961
0.58406824,10962
0.57543904,10963
0.61547846,10964
0.5877883,10965
0.60018957,10966
0.62419474,10967
0.62885535,10968
0.6821168,10969
0.65712196,10970
0.6804419,10971
0.63108236,10972
0.71160364,10973
0.69200015,10974
0.7286691,10975
0.717899,10976
0.65348345,10977
0.6419054,10978
0.63298154,10979
0.6304028,10980
0.6293385,10981
0.6318612,10982
0.6204626,10983
0.59733295,10984
0.6369043,10985
0.6115435,10986
0.6365565,10987
0.63299894,10988
0.6236865,10989
0.6023734,10990
0.6032129,10991
0.6046455,10992
0.4978744,10993
0.50568837,10994
0.49470443,10995
0.51738274,10996
0.50688493,10997
0.4723356,10998
0.4939416,10999
0.51403505,11000
0.5127826,11001
0.5139558,11002
0.50436187,11003
0.49914175,11004
0.4619179,11005
0.47274005,11006
0.4353812,11007
0.4531326,11008
0.39917272,11009
0.38790834,11010
0.43843135,11011
0.4438195,11012
0.45233336,11013
0.44209895,11014
0.46217757,11015
0.4419383,11016
0.4558002,11017
0.46246856,11018
0.4694921,11019
0.44540554,11020
0.44632053,11021
0.45877123,11022
0.48568144,11023
0.5101971,11024
0.5424048,11025
0.536556,11026
0.5726163,11027
0.5460397,11028
0.5354503,11029
0.5550254,11030
0.5052097,11031
0.52326924,11032
0.5332477,11033
0.54156566,11034
0.5400021,11035
0.5381988,11036
0.53719926,11037
0.5483484,11038
0.5816493,11039
0.5888276,11040
0.5870644,11041
0.5621915,11042
0.6499141,11043
0.6561836,11044
0.6324208,11045
0.65960217,11046
0.6506479,11047
0.6424395,11048
0.631393,11049
0.61423355,11050
0.6059689,11051
0.6030191,11052
0.5937872,11053
0.5862743,11054
0.6158927,11055
0.63122046,11056
0.64008087,11057
0.66455746,11058
0.6224053,11059
0.6186461,11060
0.6112337,11061
0.6134513,11062
0.52030075,11063
0.53918415,11064
0.5230183,11065
0.49711922,11066
0.51138216,11067
0.53338706,11068
0.52327317,11069
0.5116684,11070
0.4993725,11071
0.49638867,11072
0.5118804,11073
0.52743155,11074
0.49015215,11075
0.5067466,11076
0.5128186,11077
0.4879629,11078
0.45749426,11079
0.4264659,11080
0.4164391,11081
0.4425592,11082
0.44137236,11083
0.41571045,11084
0.43496537,11085
0.44930506,11086
0.48157305,11087
0.48716775,11088
0.47086087,11089
0.48515153,11090
0.44633016,11091
0.45888084,11092
0.44324058,11093
0.4697441,11094
0.44338056,11095
0.45091423,11096
0.46647382,11097
0.46549535,11098
0.4768337,11099
0.49244925,11100
0.51532066,11101
0.48568565,11102
0.47420934,11103
0.50332785,11104
0.5067314,11105
0.4903118,11106
0.47871953,11107
0.46429348,11108
0.53592265,11109
0.5350255,11110
0.5886836,11111
0.61033875,11112
0.61856085,11113
0.60788655,11114
0.60316336,11115
0.5803645,11116
0.57404506,11117
0.6242058,11118
0.5883344,11119
0.5805981,11120
0.58730334,11121
0.61341345,11122
0.6245066,11123
0.5879579,11124
0.56315804,11125
0.57399285,11126
0.5873855,11127
0.6083753,11128
0.50955486,11129
0.5221113,11130
0.47367066,11131
0.48839468,11132
0.48364082,11133
0.44676352,11134
0.47684836,11135
0.48989755,11136
0.48218158,11137
0.47992426,11138
0.46135715,11139
0.5172174,11140
0.5069405,11141
0.5309051,11142
0.5122993,11143
0.5246725,11144
0.5241145,11145
0.5320663,11146
0.5348019,11147
0.51469135,11148
0.48756003,11149
0.49433428,11150
0.4873495,11151
0.5072468,11152
0.520495,11153
0.5111294,11154
0.50130993,11155
0.5095617,11156
0.51583856,11157
0.5201935,11158
0.56349415,11159
0.52228504,11160
0.52464163,11161
0.4846348,11162
0.5086184,11163
0.5301003,11164
0.5374067,11165
0.5358331,11166
0.5297059,11167
0.5100001,11168
0.51270235,11169
0.48186985,11170
0.49131352,11171
0.48029363,11172
0.49896815,11173
0.5207986,11174
0.5355159,11175
0.5493664,11176
0.5183982,11177
0.52847284,11178
0.48153803,11179
0.4893435,11180
0.48749778,11181
0.4758875,11182
0.460147,11183
0.46792403,11184
0.51567876,11185
0.48955265,11186
0.51866156,11187
0.4879448,11188
0.46467885,11189
0.49801984,11190
0.4855693,11191
0.43596092,11192
0.40588683,11193
0.41448164,11194
0.41074774,11195
0.40864486,11196
0.39926296,11197
0.40746352,11198
0.40810862,11199
0.42944616,11200
0.4354474,11201
0.4274182,11202
0.44915262,11203
0.45725185,11204
0.46259016,11205
0.4779457,11206
0.51162696,11207
0.5028112,11208
0.5151994,11209
0.5242989,11210
0.52210677,11211
0.54260504,11212
0.54993314,11213
0.5504769,11214
0.5134578,11215
0.5009073,11216
0.5183789,11217
0.4966436,11218
0.50540036,11219
0.49855345,11220
0.48501405,11221
0.46994236,11222
0.45186782,11223
0.4908209,11224
0.45048618,11225
0.45994636,11226
0.43200338,11227
0.5102354,11228
0.48113647,11229
0.47170302,11230
0.5037816,11231
0.48137984,11232
0.47242108,11233
0.47317016,11234
0.46334442,11235
0.47297493,11236
0.44694293,11237
0.48146677,11238
0.48736414,11239
0.5016979,11240
0.5083566,11241
0.5140692,11242
0.4981475,11243
0.4308454,11244
0.43707228,11245
0.46953234,11246
0.47260427,11247
0.38736477,11248
0.39034808,11249
0.4001285,11250
0.43135718,11251
0.4439053,11252
0.45690995,11253
0.4625229,11254
0.47790432,11255
0.50298786,11256
0.52848953,11257
0.5165841,11258
0.5534875,11259
0.5551588,11260
0.5667783,11261
0.58601195,11262
0.5926665,11263
0.6223762,11264
0.6406024,11265
0.60071534,11266
0.616548,11267
0.6492273,11268
0.602632,11269
0.6018336,11270
0.5823609,11271
0.5683632,11272
0.5222057,11273
0.54995424,11274
0.57023203,11275
0.546105,11276
0.53895855,11277
0.53637826,11278
0.5432947,11279
0.5560721,11280
0.5214907,11281
0.5127352,11282
0.52725965,11283
0.48513716,11284
0.463795,11285
0.498097,11286
0.50992334,11287
0.5029246,11288
0.51760584,11289
0.52796197,11290
0.53783596,11291
0.5439202,11292
0.5761737,11293
0.5653277,11294
0.5875915,11295
0.5204378,11296
0.527484,11297
0.51870555,11298
0.5927691,11299
0.5880203,11300
0.6103052,11301
0.6041271,11302
0.58640593,11303
0.59872025,11304
0.6037334,11305
0.64357764,11306
0.6849115,11307
0.69511455,11308
1.7493681,11309
1.718929,11310
1.7252917,11311
1.7402894,11312
1.6877817,11313
1.6831306,11314
1.6731939,11315
1.6618023,11316
1.6518283,11317
1.6721505,11318
1.5906767,11319
1.6542175,11320
1.6092125,11321
1.6516998,11322
1.6522729,11323
1.6671436,11324
1.6673807,11325
1.6105083,11326
1.5669997,11327
1.6199499,11328
0.5447699,11329
0.5066358,11330
0.51719743,11331
0.51600903,11332
0.5680685,11333
0.558368,11334
0.5458527,11335
0.5538805,11336
0.5776537,11337
0.586739,11338
0.5696504,11339
0.544951,11340
0.54989797,11341
0.52556163,11342
0.5296882,11343
0.52850413,11344
0.5399375,11345
0.5579274,11346
0.56962705,11347
0.5484328,11348
0.5153771,11349
0.5076099,11350
0.5018979,11351
0.5027776,11352
0.4831104,11353
0.47831246,11354
0.5033561,11355
0.51493096,11356
0.51625925,11357
0.5377785,11358
0.55205137,11359
0.5462013,11360
0.5529461,11361
0.55706614,11362
0.5542961,11363
0.5688923,11364
0.5354575,11365
0.50323135,11366
0.47748056,11367
0.48358572,11368
0.49589774,11369
0.5467314,11370
0.57201946,11371
0.59435785,11372
0.6007737,11373
0.5980812,11374
0.56718856,11375
0.5673933,11376
0.54979646,11377
0.51824534,11378
0.47916102,11379
0.4770163,11380
0.51944876,11381
0.56359524,11382
0.59041095,11383
0.5670592,11384
0.5775649,11385
0.561271,11386
0.5789556,11387
0.5372369,11388
0.522029,11389
0.46193594,11390
0.44285604,11391
0.43712044,11392
0.46802226,11393
0.47596973,11394
0.5071476,11395
0.5209327,11396
0.52297336,11397
0.5268089,11398
0.50360125,11399
0.50731295,11400
0.43180153,11401
0.43718058,11402
0.45224115,11403
0.4592535,11404
0.4813173,11405
0.5509361,11406
0.538548,11407
0.55605626,11408
0.5557439,11409
0.5706066,11410
0.560857,11411
0.5701545,11412
0.55392224,11413
0.5287154,11414
0.4867437,11415
0.5135008,11416
0.50923705,11417
0.51947904,11418
0.5553096,11419
0.5535385,11420
0.5567843,11421
0.5666367,11422
0.5203509,11423
0.5014115,11424
0.45732218,11425
0.4077272,11426
0.4119759,11427
0.42291844,11428
0.4508201,11429
0.445267,11430
0.45568538,11431
0.43443036,11432
0.4220952,11433
0.45115095,11434
0.48893067,11435
0.47165662,11436
0.47767985,11437
0.46568382,11438
0.434237,11439
0.4134151,11440
0.43440795,11441
0.41864306,11442
0.4473315,11443
0.47186506,11444
0.4812167,11445
0.48875958,11446
0.53430825,11447
0.5290524,11448
0.47763935,11449
0.49563307,11450
0.48829013,11451
0.5113023,11452
0.50825393,11453
0.4926997,11454
0.4474698,11455
0.46858507,11456
0.46330854,11457
0.48643726,11458
0.49386004,11459
0.4991402,11460
0.47508073,11461
0.5020181,11462
0.517729,11463
0.50693554,11464
0.5019441,11465
0.48787293,11466
0.4382068,11467
0.45026442,11468
0.47913194,11469
0.47874632,11470
0.4915211,11471
0.49416173,11472
0.5551255,11473
0.55700463,11474
0.5699514,11475
0.62473565,11476
0.6315625,11477
0.62692463,11478
0.63623464,11479
0.70193607,11480
0.70073617,11481
0.68149817,11482
0.66678137,11483
0.6909054,11484
0.6878724,11485
0.70565903,11486
0.7109863,11487
0.7506064,11488
0.74867284,11489
0.76760286,11490
0.7673951,11491
0.7002345,11492
0.6868608,11493
0.65552104,11494
0.65835935,11495
0.5971225,11496
0.60653913,11497
0.6123485,11498
0.61330235,11499
0.53993344,11500
0.5452273,11501
0.5389135,11502
0.55221426,11503
0.52968067,11504
0.5536544,11505
0.5225024,11506
0.5205371,11507
0.49238443,11508
0.47362724,11509
0.4878464,11510
0.51143247,11511
0.54381603,11512
0.5554985,11513
0.559205,11514
0.53024745,11515
0.4719335,11516
0.5144755,11517
0.49171248,11518
0.48975402,11519
0.4766162,11520
0.4799748,11521
0.48773333,11522
0.48539063,11523
0.46739525,11524
0.45527688,11525
0.51903653,11526
0.5275986,11527
0.5758434,11528
0.59647846,11529
0.5994512,11530
0.56464994,11531
0.5709182,11532
0.55775183,11533
0.55107427,11534
0.5617493,11535
0.55295116,11536
0.5252298,11537
0.551715,11538
0.5600972,11539
0.570573,11540
0.5468759,11541
0.55002207,11542
0.5592957,11543
0.5751532,11544
0.6027745,11545
0.5025925,11546
0.49819663,11547
0.506349,11548
0.49503675,11549
0.44456443,11550
0.45457447,11551
0.44571373,11552
0.45635027,11553
0.49750328,11554
0.47619537,11555
0.4675743,11556
0.4691946,11557
0.46019822,11558
0.48420396,11559
0.5149979,11560
0.5152808,11561
0.51463443,11562
0.48024213,11563
0.47696033,11564
0.45757607,11565
0.4483589,11566
0.43409213,11567
0.40352935,11568
0.44044212,11569
0.45087844,11570
0.4702757,11571
0.48392037,11572
0.46687448,11573
0.45950127,11574
0.46321306,11575
0.47986445,11576
0.47570634,11577
0.47640824,11578
0.44733185,11579
0.4251206,11580
0.4287163,11581
0.40818167,11582
0.4517531,11583
0.4743597,11584
0.49425033,11585
0.52369326,11586
0.5407683,11587
0.5590201,11588
0.5369327,11589
0.5384441,11590
0.5426695,11591
0.49857658,11592
0.5026421,11593
0.5162901,11594
0.5471685,11595
0.57266015,11596
0.5840893,11597
0.62037677,11598
0.6272759,11599
0.6463934,11600
0.63174623,11601
0.6980922,11602
0.68742096,11603
0.6639271,11604
0.6519119,11605
0.68435043,11606
0.6577184,11607
0.60534835,11608
0.62702566,11609
0.63604325,11610
0.5985173,11611
0.61173165,11612
0.68615997,11613
0.68460053,11614
0.65765125,11615
0.68271095,11616
0.6767348,11617
0.6911323,11618
0.68721807,11619
0.665568,11620
0.6756136,11621
0.6531314,11622
0.65041715,11623
0.6569536,11624
0.6692651,11625
0.6712259,11626
0.66123503,11627
0.65091664,11628
0.6370307,11629
0.6474583,11630
0.6311836,11631
0.6184797,11632
0.54396117,11633
0.5564163,11634
0.55241257,11635
0.535479,11636
0.5223355,11637
0.5297842,11638
0.47281715,11639
0.4376245,11640
0.46271667,11641
0.48206803,11642
0.48415884,11643
0.50505334,11644
0.55873936,11645
0.53218347,11646
0.5615897,11647
0.62162626,11648
0.617127,11649
0.6437506,11650
0.63136184,11651
0.61860585,11652
0.6237471,11653
0.63737935,11654
0.6319864,11655
0.6255665,11656
0.61132735,11657
0.60538423,11658
0.60351765,11659
0.6108971,11660
0.5930391,11661
0.5649382,11662
0.6242961,11663
0.58518165,11664
0.4951574,11665
0.48427996,11666
0.4513255,11667
0.44228715,11668
0.4306576,11669
0.4381658,11670
0.45917758,11671
0.48520002,11672
0.4606723,11673
0.45636344,11674
0.5049319,11675
0.50803626,11676
0.49102122,11677
0.4872118,11678
0.4880134,11679
0.46209452,11680
0.48679617,11681
0.52040184,11682
0.5002164,11683
0.49767143,11684
0.50710076,11685
0.49597722,11686
0.48886535,11687
0.49041015,11688
0.47946212,11689
0.48074248,11690
0.47081012,11691
0.45151424,11692
0.45653912,11693
0.46024904,11694
0.41660857,11695
0.44258457,11696
0.4630725,11697
0.4557808,11698
0.48245835,11699
0.4727235,11700
0.48451844,11701
0.45366412,11702
0.4574743,11703
0.46542832,11704
0.4524654,11705
0.50120586,11706
0.49589598,11707
0.50567293,11708
0.50584793,11709
0.49243784,11710
0.47775522,11711
0.47667977,11712
0.46220663,11713
0.45202,11714
0.4664274,11715
0.42755887,11716
0.40933755,11717
0.40068293,11718
0.40994054,11719
0.39980257,11720
0.41173515,11721
0.40280518,11722
0.3888098,11723
0.3909701,11724
0.39776725,11725
0.37902316,11726
0.3686984,11727
0.35778722,11728
0.38027334,11729
0.39678502,11730
0.3999632,11731
0.3828518,11732
0.39126843,11733
0.39662114,11734
0.40026122,11735
0.42946482,11736
0.44770193,11737
0.46700063,11738
0.43200445,11739
0.43585178,11740
0.4778839,11741
0.47970974,11742
0.46968862,11743
0.44537374,11744
0.44660044,11745
0.45240426,11746
0.4746768,11747
0.48474252,11748
0.4657619,11749
0.50600743,11750
0.5274799,11751
0.54685444,11752
0.5415663,11753
0.5331493,11754
0.5436782,11755
0.50873923,11756
0.5046129,11757
0.49330434,11758
0.5077596,11759
0.5078008,11760
0.47378787,11761
0.47909722,11762
0.48987806,11763
0.48834002,11764
0.5299628,11765
0.5165967,11766
0.5515566,11767
0.55293816,11768
0.5586831,11769
0.5526658,11770
0.53719276,11771
0.5359954,11772
0.55418605,11773
0.5785851,11774
0.5832697,11775
0.5868479,11776
0.60419387,11777
0.6047846,11778
0.6152595,11779
0.60114753,11780
0.5879623,11781
0.57177335,11782
0.56234115,11783
0.57513964,11784
0.5376044,11785
0.5470936,11786
0.48372254,11787
0.4712726,11788
0.47960788,11789
0.48916215,11790
0.45952514,11791
0.46643093,11792
0.55104053,11793
0.50693053,11794
0.4878344,11795
0.48753706,11796
0.5019002,11797
0.502747,11798
0.49706316,11799
0.525035,11800
0.5392369,11801
0.5555648,11802
0.54020864,11803
0.515066,11804
0.5160179,11805
0.5798541,11806
0.57803285,11807
0.5791732,11808
0.58524245,11809
0.57213867,11810
0.58110553,11811
0.53152585,11812
0.48386475,11813
0.46758965,11814
0.4681919,11815
0.47495818,11816
0.46922633,11817
0.46873665,11818
0.4544464,11819
0.44154182,11820
0.44713885,11821
0.43675345,11822
0.44195008,11823
0.4596516,11824
0.4759125,11825
0.4139121,11826
0.4143434,11827
0.41164774,11828
0.44890752,11829
0.4746608,11830
0.46931672,11831
0.511521,11832
0.5222349,11833
0.51563156,11834
0.5186096,11835
0.5337089,11836
0.5453385,11837
0.5252737,11838
0.5144693,11839
0.51799697,11840
0.535351,11841
0.52752954,11842
0.5254888,11843
0.51469374,11844
0.5100041,11845
0.50159353,11846
0.50275457,11847
0.50950754,11848
0.4918327,11849
0.487107,11850
0.4745798,11851
0.4479228,11852
0.4269527,11853
0.43205884,11854
0.44494608,11855
0.45673776,11856
0.42321333,11857
0.4236179,11858
0.42856002,11859
0.44798768,11860
0.45401418,11861
0.46996093,11862
0.4997328,11863
0.5073137,11864
0.49115562,11865
0.503599,11866
0.52396834,11867
0.5061619,11868
0.5354968,11869
0.53468317,11870
0.53924274,11871
0.5027734,11872
0.51644534,11873
0.50762755,11874
0.5157184,11875
0.4885671,11876
0.5102051,11877
0.5080153,11878
0.5302417,11879
0.50850767,11880
0.48687106,11881
0.49122986,11882
0.48510998,11883
0.48581874,11884
0.49184635,11885
0.516311,11886
0.50782114,11887
0.50504637,11888
0.49426025,11889
0.47333217,11890
0.47086436,11891
0.4921933,11892
0.5030087,11893
0.48611358,11894
0.46957812,11895
0.44558433,11896
0.40916544,11897
0.4218445,11898
0.39466506,11899
0.4028288,11900
0.40298912,11901
0.40444022,11902
0.37608987,11903
0.39695922,11904
0.40662283,11905
0.40544564,11906
0.39750975,11907
0.39615566,11908
0.41737443,11909
0.4158066,11910
0.42873532,11911
0.42180395,11912
0.43626055,11913
0.44641122,11914
0.437792,11915
0.4435518,11916
0.47309095,11917
0.46365413,11918
0.4888108,11919
0.4680487,11920
0.46384686,11921
0.48746112,11922
0.49956274,11923
0.48487845,11924
0.4651301,11925
0.46075183,11926
0.48301548,11927
0.50229114,11928
0.51119494,11929
0.5169808,11930
0.5120573,11931
0.50167036,11932
0.49679396,11933
0.49514335,11934
0.50089437,11935
0.53538865,11936
0.52808714,11937
0.52648544,11938
0.50648403,11939
0.5007168,11940
0.5002031,11941
0.48826814,11942
0.48638266,11943
0.5055949,11944
0.5403407,11945
0.53801984,11946
0.5458007,11947
0.50344515,11948
0.50723034,11949
0.5202665,11950
0.51570356,11951
0.56113917,11952
0.5690335,11953
0.5764586,11954
0.5555228,11955
0.53412354,11956
0.5777494,11957
0.56435496,11958
0.5667175,11959
0.5612584,11960
0.5510018,11961
0.5349036,11962
0.56139684,11963
0.5402359,11964
0.53569233,11965
0.5145923,11966
0.5110125,11967
0.7274367,11968
0.7057016,11969
0.7460464,11970
0.74673384,11971
0.7315196,11972
0.73056006,11973
0.7373062,11974
0.72874385,11975
0.737779,11976
0.6899447,11977
0.70505625,11978
0.6964046,11979
0.6934252,11980
0.70174855,11981
0.71595687,11982
0.707288,11983
0.72013086,11984
0.7110629,11985
0.7398554,11986
0.72173053,11987
0.5299579,11988
0.5433982,11989
0.491925,11990
0.4932036,11991
0.47828618,11992
0.49534476,11993
0.5243515,11994
0.538577,11995
0.51258415,11996
0.48727137,11997
0.4966651,11998
0.49291974,11999
0.5118173,12000
0.53258896,12001
0.5206376,12002
0.53442895,12003
0.5283891,12004
0.5563019,12005
0.5306161,12006
0.53901064,12007
0.48385444,12008
0.48115984,12009
0.49722198,12010
0.49142984,12011
0.47965983,12012
0.488914,12013
0.46926343,12014
0.46437475,12015
0.49234462,12016
0.4964413,12017
0.48388612,12018
0.46675512,12019
0.43653437,12020
0.4481045,12021
0.4604047,12022
0.41870877,12023
0.45426705,12024
0.43500635,12025
0.43165147,12026
0.45250458,12027
0.4541899,12028
0.4741425,12029
0.472652,12030
0.48441133,12031
0.4726569,12032
0.48456952,12033
0.4797178,12034
0.49824837,12035
0.4780215,12036
0.48424292,12037
0.4772658,12038
0.516287,12039
0.5510955,12040
0.52631956,12041
0.49745896,12042
0.46556994,12043
0.48436815,12044
0.46252593,12045
0.47587746,12046
0.46870717,12047
0.48066652,12048
0.4681124,12049
0.5179637,12050
0.54452896,12051
0.550598,12052
0.52969694,12053
0.5838925,12054
0.5249529,12055
0.54136837,12056
0.5331654,12057
0.5267571,12058
0.5041425,12059
0.5052151,12060
0.51664567,12061
0.5250572,12062
0.51116806,12063
0.50208145,12064
0.5284279,12065
0.5203805,12066
0.56763804,12067
0.5530617,12068
0.5488893,12069
0.49387315,12070
0.44426513,12071
0.44534764,12072
0.47529924,12073
0.45501822,12074
0.45814475,12075
0.50340116,12076
0.52439433,12077
0.51962626,12078
0.5082795,12079
0.5029241,12080
0.48354632,12081
0.4922934,12082
0.46684715,12083
0.48173964,12084
0.45668152,12085
0.45899424,12086
0.44330212,12087
0.47311875,12088
0.48556075,12089
0.47478053,12090
0.48520324,12091
0.49533328,12092
0.5243514,12093
0.5203972,12094
0.48840663,12095
0.50303096,12096
0.5148308,12097
0.51048285,12098
0.5112379,12099
0.52431613,12100
0.5360353,12101
0.5095412,12102
0.5000785,12103
0.5428057,12104
0.54788923,12105
0.553339,12106
0.5770677,12107
0.55518216,12108
0.55922014,12109
0.5563548,12110
0.55427074,12111
0.5240241,12112
0.4810974,12113
0.5030271,12114
0.5171879,12115
0.503891,12116
0.49390993,12117
0.5185055,12118
0.55379665,12119
0.54660916,12120
0.53941464,12121
0.562213,12122
0.55848444,12123
0.55666,12124
0.5433137,12125
0.5429102,12126
0.5317944,12127
0.52723694,12128
0.5284349,12129
0.53127956,12130
0.5192885,12131
0.51327133,12132
0.5301789,12133
0.50987095,12134
0.5133608,12135
0.48542717,12136
0.4968177,12137
0.4945864,12138
0.46314675,12139
0.4625716,12140
0.46396703,12141
0.48212677,12142
0.501093,12143
0.4908245,12144
0.5037314,12145
0.48826084,12146
0.52786607,12147
0.53168124,12148
0.530729,12149
0.5235433,12150
0.5234837,12151
0.55099285,12152
0.55490696,12153
0.55888367,12154
0.53014624,12155
0.54434425,12156
0.5676108,12157
0.5453102,12158
0.56154835,12159
0.5492413,12160
0.56052005,12161
0.5388775,12162
0.5192884,12163
0.5039073,12164
0.52863395,12165
0.5180746,12166
0.5289382,12167
0.5231592,12168
0.5343831,12169
0.53658146,12170
0.54427296,12171
0.5135007,12172
0.48980904,12173
0.49789864,12174
0.5160619,12175
0.5648225,12176
0.52156895,12177
0.54233396,12178
0.5657268,12179
0.5467814,12180
0.57465714,12181
0.5644203,12182
0.6006753,12183
0.66589636,12184
0.65053636,12185
0.67748344,12186
0.6380139,12187
0.6259317,12188
0.64237845,12189
0.6614742,12190
0.66841686,12191
0.67935973,12192
0.7074313,12193
0.7097305,12194
0.6881042,12195
0.6444492,12196
0.6505325,12197
0.6493724,12198
0.5854102,12199
0.58136076,12200
0.5521552,12201
0.5419099,12202
0.5134437,12203
0.44063386,12204
0.43930155,12205
0.42577147,12206
0.45013767,12207
0.49565813,12208
0.4712718,12209
0.4781124,12210
0.48279008,12211
0.4728212,12212
0.44146505,12213
0.42253068,12214
0.42143774,12215
0.41611144,12216
0.42016226,12217
0.44431934,12218
0.4642433,12219
0.47585815,12220
0.4980487,12221
0.61668754,12222
0.6163078,12223
0.6601746,12224
0.6305702,12225
0.6590075,12226
0.6491306,12227
0.5802735,12228
0.5758132,12229
0.57566184,12230
0.5780839,12231
0.6025411,12232
0.5948919,12233
0.6354572,12234
0.64698625,12235
0.66036624,12236
0.69378525,12237
0.70316535,12238
0.700192,12239
0.69173306,12240
0.7358008,12241
0.61547524,12242
0.61255693,12243
0.6523341,12244
0.65096897,12245
0.65213704,12246
0.6386257,12247
0.6488543,12248
0.62212,12249
0.6066005,12250
0.62514925,12251
0.618375,12252
0.62700903,12253
0.5677458,12254
0.59026027,12255
0.57481325,12256
0.52043813,12257
0.51436573,12258
0.52695894,12259
0.52759564,12260
0.5189552,12261
0.5031236,12262
0.5002118,12263
0.5122551,12264
0.51516616,12265
0.77548444,12266
0.7869451,12267
0.8051707,12268
0.83454144,12269
0.8354248,12270
0.8114162,12271
1.5355458,12272
1.5427027,12273
1.5798085,12274
1.5366418,12275
1.5006372,12276
1.5243603,12277
1.52679,12278
1.5290866,12279
1.5167505,12280
1.5128264,12281
1.5338339,12282
1.539154,12283
1.5188172,12284
1.4972492,12285
1.2282495,12286
1.2596985,12287
1.2297578,12288
1.2145176,12289
1.2489437,12290
1.2384298,12291
0.49970704,12292
0.49277195,12293
0.49684858,12294
0.4956924,12295
0.5243683,12296
0.4943143,12297
0.5036382,12298
0.5015585,12299
0.50884366,12300
0.4727928,12301
0.47275713,12302
0.45781234,12303
0.4623965,12304
0.46006984,12305
0.48962602,12306
0.4578525,12307
0.48839402,12308
0.49171993,12309
0.5111345,12310
0.5152352,12311
0.51561046,12312
0.5347903,12313
0.5013899,12314
0.49171987,12315
0.5047035,12316
0.5032667,12317
0.492246,12318
0.5148291,12319
0.552541,12320
0.56276804,12321
0.6158664,12322
0.6011656,12323
0.6008781,12324
0.6316435,12325
0.5599282,12326
0.5515937,12327
0.56412476,12328
0.57242674,12329
0.55484533,12330
0.55340177,12331
0.5573008,12332
0.5364418,12333
0.53874314,12334
0.54516685,12335
0.53188026,12336
0.5566338,12337
0.56483245,12338
0.5298228,12339
0.52873063,12340
0.54508966,12341
0.47823966,12342
0.5055408,12343
0.61179537,12344
0.6134116,12345
0.6469844,12346
0.637212,12347
0.63468033,12348
0.66336197,12349
0.62011725,12350
0.62226015,12351
0.6837607,12352
0.6911351,12353
0.6991881,12354
0.6987221,12355
0.6779794,12356
0.6535213,12357
0.65530956,12358
0.67124856,12359
0.66849643,12360
0.6570177,12361
0.64388466,12362
0.6230796,12363
0.5211914,12364
0.5121743,12365
0.461701,12366
0.48575893,12367
0.4873039,12368
0.49961287,12369
0.49444088,12370
0.4803571,12371
0.45271632,12372
0.46062717,12373
0.4358633,12374
0.43374804,12375
0.46451643,12376
0.47138584,12377
0.47368923,12378
0.4710842,12379
0.464172,12380
0.47456163,12381
0.52297515,12382
0.5549978,12383
0.51179,12384
0.52826774,12385
0.52012753,12386
0.48957828,12387
0.48521647,12388
0.46510616,12389
0.4538176,12390
0.46492553,12391
0.44372183,12392
0.43535256,12393
0.4344653,12394
0.48088297,12395
0.46399823,12396
0.45766866,12397
0.4682423,12398
0.4673038,12399
0.5087787,12400
0.5123173,12401
0.49021885,12402
0.49181706,12403
0.48699132,12404
0.5101375,12405
0.5100889,12406
0.54382646,12407
0.50609887,12408
0.5391133,12409
0.5349967,12410
0.5431672,12411
0.5497168,12412
0.5582957,12413
0.5526794,12414
0.51746327,12415
0.50445676,12416
0.5235279,12417
0.49916193,12418
0.49556205,12419
0.4892211,12420
0.48750073,12421
0.45563847,12422
0.48318893,12423
0.506525,12424
0.47582132,12425
0.4742995,12426
0.47926357,12427
0.4771316,12428
0.48255348,12429
0.48824662,12430
0.48496598,12431
0.46693262,12432
0.4701716,12433
0.46561027,12434
0.46105328,12435
0.48780814,12436
0.48017094,12437
0.4937635,12438
0.49682334,12439
0.5244739,12440
0.53285986,12441
0.50003076,12442
0.4755335,12443
0.46448904,12444
0.5336429,12445
0.52723265,12446
0.5178189,12447
0.50671834,12448
0.50867414,12449
0.51814246,12450
0.5666372,12451
0.58900493,12452
0.5943364,12453
0.606771,12454
0.60015285,12455
0.5491284,12456
0.53096586,12457
0.5192482,12458
0.52859765,12459
0.49261877,12460
0.49350387,12461
0.5369111,12462
0.54111624,12463
0.58832353,12464
0.5390455,12465
0.5515374,12466
0.54828805,12467
0.5390589,12468
0.5327574,12469
0.524786,12470
0.49970713,12471
0.48496664,12472
0.4819821,12473
0.4634266,12474
0.45303267,12475
0.4849408,12476
0.4972714,12477
0.52683514,12478
0.52883404,12479
0.5682595,12480
0.58820164,12481
0.5838748,12482
0.59468913,12483
0.53465,12484
0.56009305,12485
0.5352106,12486
0.5654821,12487
0.6132129,12488
0.64910525,12489
0.6522045,12490
0.6199366,12491
0.6202204,12492
0.61563426,12493
0.62004143,12494
0.62720627,12495
0.62060475,12496
0.61817575,12497
0.59872735,12498
0.58816326,12499
0.5507166,12500
0.5520861,12501
0.56251717,12502
0.5416754,12503
0.5600055,12504
0.5385008,12505
0.5431202,12506
0.48104465,12507
0.45917144,12508
0.46347642,12509
0.49404782,12510
0.5061044,12511
0.49542978,12512
0.52357733,12513
0.54237664,12514
0.52422535,12515
0.5025123,12516
0.51362944,12517
0.49990815,12518
0.51120466,12519
0.5215695,12520
0.50541407,12521
0.48556596,12522
0.4779516,12523
0.4685341,12524
0.4649885,12525
0.4948612,12526
0.51864797,12527
0.48783308,12528
0.47355002,12529
0.48599252,12530
0.44567567,12531
0.474975,12532
0.4667306,12533
0.4722793,12534
0.51315194,12535
0.54042274,12536
0.5359712,12537
0.53214246,12538
0.5772792,12539
0.5631451,12540
0.61530995,12541
0.6224612,12542
0.65826946,12543
0.6481468,12544
0.6709165,12545
0.6329943,12546
0.6117619,12547
0.6448848,12548
0.6343323,12549
0.6303417,12550
0.6445964,12551
0.6196993,12552
0.60912645,12553
0.5944741,12554
0.57061106,12555
0.555613,12556
0.561929,12557
0.5592932,12558
0.5227214,12559
0.5157241,12560
0.4729539,12561
0.47298297,12562
0.44951966,12563
0.4522175,12564
0.4444496,12565
0.46175006,12566
0.48670948,12567
0.46602535,12568
0.44533294,12569
0.46583453,12570
0.46575624,12571
0.45188746,12572
0.45753074,12573
0.4776468,12574
0.50683844,12575
0.4981452,12576
0.47840846,12577
0.46364754,12578
0.4775694,12579
0.4612166,12580
0.48459435,12581
0.49303693,12582
0.5116951,12583
0.55006415,12584
0.55287,12585
0.5708521,12586
0.5307427,12587
0.52950215,12588
0.52251196,12589
0.4977199,12590
0.49792323,12591
0.5181982,12592
0.5211569,12593
0.5562302,12594
0.54630625,12595
0.5369745,12596
0.57296354,12597
0.5958113,12598
0.6289838,12599
0.64649,12600
0.6360624,12601
0.63019824,12602
0.59750056,12603
0.50701547,12604
0.5148484,12605
0.5051399,12606
0.53758216,12607
0.5382646,12608
0.54582214,12609
0.54055715,12610
0.542913,12611
0.52807575,12612
0.5233424,12613
0.5355236,12614
0.5251902,12615
0.5302326,12616
0.5368211,12617
0.510696,12618
0.45916495,12619
0.50983316,12620
0.46969953,12621
0.4535513,12622
0.45648822,12623
0.45433348,12624
0.4698868,12625
0.48218733,12626
0.46217677,12627
0.4658526,12628
0.49167815,12629
0.4975356,12630
0.49861968,12631
0.51765114,12632
0.51000166,12633
0.47512504,12634
0.49825126,12635
0.5009233,12636
0.48323116,12637
0.5068198,12638
0.5185601,12639
0.4363876,12640
0.44318622,12641
0.44656214,12642
0.44303006,12643
0.48341772,12644
0.46231514,12645
0.47044355,12646
0.47085893,12647
0.4723131,12648
0.47081923,12649
0.4628444,12650
0.46300894,12651
0.43760896,12652
0.4561009,12653
0.44152057,12654
0.37869093,12655
0.40741262,12656
0.41503164,12657
0.4169234,12658
0.49271616,12659
0.46783164,12660
0.4344428,12661
0.43177193,12662
0.427366,12663
0.4159117,12664
0.40511447,12665
0.42913872,12666
0.44238713,12667
0.43764362,12668
0.41020727,12669
0.4268654,12670
0.46586373,12671
0.47471628,12672
0.4574345,12673
0.45747778,12674
0.47143668,12675
0.4434688,12676
0.4645218,12677
0.46357933,12678
0.41753197,12679
0.4453559,12680
0.45648438,12681
0.46557182,12682
0.46969935,12683
0.49098656,12684
0.4963057,12685
0.46939793,12686
0.47074908,12687
0.47362867,12688
0.47771293,12689
0.45340776,12690
0.43343523,12691
0.42515925,12692
0.42180088,12693
0.43190184,12694
0.43361172,12695
0.4598787,12696
0.4468899,12697
0.43380398,12698
0.46431938,12699
0.46656725,12700
0.46368948,12701
0.45554203,12702
0.4623009,12703
0.4663998,12704
0.47173104,12705
0.4746093,12706
0.4560609,12707
0.4528562,12708
0.48111624,12709
0.48056197,12710
0.5057143,12711
0.5486334,12712
0.5772881,12713
0.56134504,12714
0.5342916,12715
0.4969602,12716
0.50445163,12717
0.5368928,12718
0.5105617,12719
0.4837813,12720
0.51828736,12721
0.5091607,12722
0.50625074,12723
0.5345861,12724
0.5278677,12725
0.57523334,12726
0.58670497,12727
0.6034668,12728
0.58245856,12729
0.59507275,12730
0.5358684,12731
0.5074415,12732
0.48450378,12733
0.4874909,12734
0.48349828,12735
0.52913624,12736
0.5267304,12737
0.5357594,12738
0.545406,12739
0.5443328,12740
0.58084583,12741
0.57184213,12742
0.5738786,12743
0.5831784,12744
0.5780563,12745
0.528618,12746
0.52325153,12747
0.51507336,12748
0.51328254,12749
0.49210742,12750
0.5115386,12751
0.5209384,12752
0.56086004,12753
0.5757709,12754
0.5744598,12755
0.5119237,12756
0.51036036,12757
0.48521867,12758
0.52914196,12759
0.5476567,12760
0.5185441,12761
0.53783184,12762
0.50404066,12763
0.4811029,12764
0.4974762,12765
0.50575835,12766
0.50522035,12767
0.4926208,12768
0.5042276,12769
0.5249268,12770
0.51617706,12771
0.5228256,12772
0.481703,12773
0.52092767,12774
0.52458036,12775
0.60033494,12776
0.57943326,12777
0.57557184,12778
0.50648266,12779
0.5061748,12780
0.5300836,12781
0.5342771,12782
0.56351066,12783
0.5617664,12784
0.57072717,12785
0.5811949,12786
0.5973728,12787
0.6557006,12788
0.6571548,12789
0.6430419,12790
0.6377024,12791
0.6264002,12792
0.6529065,12793
0.6179645,12794
0.638505,12795
0.57096,12796
0.57256967,12797
0.61668116,12798
0.6132929,12799
0.63286614,12800
0.61196226,12801
0.6250064,12802
0.59655255,12803
0.6018545,12804
0.59375274,12805
0.55282456,12806
0.5410232,12807
0.5106657,12808
0.52181625,12809
0.5268536,12810
0.5370932,12811
0.5356592,12812
0.5099468,12813
0.48971322,12814
0.4604289,12815
0.45773843,12816
0.51694524,12817
0.47782958,12818
0.47686592,12819
0.49930394,12820
0.50965095,12821
0.49867624,12822
0.5322856,12823
0.5656209,12824
0.6009535,12825
0.60033554,12826
0.5876773,12827
0.6505423,12828
0.65223336,12829
0.6560352,12830
0.6525869,12831
0.65638435,12832
0.6686936,12833
0.6753388,12834
0.68308425,12835
0.6682384,12836
0.6191653,12837
0.65633434,12838
0.6718036,12839
0.61617666,12840
0.61646277,12841
0.6062172,12842
0.56422335,12843
0.5533081,12844
0.55838156,12845
0.55462253,12846
0.5606036,12847
0.48160318,12848
0.49817547,12849
0.50629646,12850
0.4978841,12851
0.48608795,12852
0.5179748,12853
0.5149832,12854
0.5125521,12855
0.51621574,12856
0.51594836,12857
0.47408405,12858
0.4746572,12859
0.47732687,12860
0.44249615,12861
0.4573596,12862
0.49685818,12863
0.4957359,12864
0.4857864,12865
0.47684404,12866
0.4742601,12867
0.45175532,12868
0.4171794,12869
0.43698245,12870
0.4715836,12871
0.48882508,12872
0.5760489,12873
0.58527416,12874
0.5954757,12875
0.6252739,12876
0.63130236,12877
0.6363703,12878
0.65841055,12879
0.6473591,12880
0.6754958,12881
0.6424231,12882
0.5895999,12883
0.62371016,12884
0.6011109,12885
0.6474542,12886
0.6661889,12887
0.6639767,12888
0.6738453,12889
0.6757049,12890
0.6244986,12891
0.620994,12892
0.49026713,12893
0.5288349,12894
0.5296106,12895
0.4920922,12896
0.52502227,12897
0.53678757,12898
0.54163337,12899
0.5403567,12900
0.52665085,12901
0.5422514,12902
0.56946427,12903
0.56200707,12904
0.5792422,12905
0.5283842,12906
0.5397707,12907
0.5707968,12908
0.6062938,12909
0.63100994,12910
0.65142906,12911
0.7067985,12912
0.73412746,12913
0.6842553,12914
0.6629745,12915
0.6718415,12916
0.61985326,12917
0.6019821,12918
0.5925883,12919
0.5963378,12920
0.5927069,12921
0.5958769,12922
0.59818,12923
0.5918936,12924
0.60554564,12925
0.6525627,12926
0.6586385,12927
0.6798549,12928
0.64428735,12929
0.6198297,12930
0.5998108,12931
0.5562124,12932
0.5775686,12933
0.59469444,12934
0.57609785,12935
0.57090896,12936
0.5584289,12937
0.5487293,12938
0.561884,12939
0.5728551,12940
0.5563684,12941
0.54997176,12942
0.5361059,12943
0.54917264,12944
0.5225891,12945
0.50824076,12946
0.5120854,12947
0.49527267,12948
0.49930298,12949
0.5263983,12950
0.5370027,12951
0.5278079,12952
0.49645978,12953
0.49966118,12954
0.5207819,12955
0.520932,12956
0.5481399,12957
0.5914171,12958
0.6165686,12959
0.62944376,12960
0.62107086,12961
0.660413,12962
0.64869285,12963
0.61151034,12964
0.61692226,12965
0.5923006,12966
0.61290073,12967
0.64465547,12968
0.6261506,12969
0.5993246,12970
0.5947806,12971
0.6136601,12972
0.606723,12973
0.57691735,12974
0.56385636,12975
0.57209766,12976
0.5439691,12977
0.48992917,12978
0.4582531,12979
0.44050503,12980
0.4653029,12981
0.43877554,12982
0.4556491,12983
0.46898332,12984
0.44472736,12985
0.4754117,12986
0.46798393,12987
0.4525073,12988
0.4420881,12989
0.43692654,12990
0.4589876,12991
0.4423589,12992
0.47084725,12993
0.4831879,12994
0.4908684,12995
0.49034166,12996
0.46817753,12997
0.46760917,12998
0.44098195,12999
0.45675308,13000
0.46443942,13001
0.4771899,13002
0.47640154,13003
0.4793463,13004
0.49359217,13005
0.44038513,13006
0.47863063,13007
0.49766567,13008
0.50260484,13009
0.52089727,13010
0.49415356,13011
0.48639047,13012
0.46643093,13013
0.5357465,13014
0.5522495,13015
0.53111494,13016
0.53239936,13017
0.54987454,13018
0.5719555,13019
0.5812416,13020
0.54695123,13021
0.5398027,13022
0.53591,13023
0.49130502,13024
0.5153046,13025
0.5004679,13026
0.50606966,13027
0.50889385,13028
0.5009826,13029
0.50325185,13030
0.50283045,13031
0.50060344,13032
0.51470375,13033
0.47961617,13034
0.45186397,13035
0.44542715,13036
0.45078906,13037
0.465927,13038
0.500993,13039
0.50888795,13040
0.4944032,13041
0.47387546,13042
0.47154596,13043
0.4626981,13044
0.47025254,13045
0.9813374,13046
0.98493934,13047
0.9532275,13048
0.94894934,13049
0.9395607,13050
0.95172256,13051
0.9728273,13052
0.9894193,13053
0.96745676,13054
0.98540056,13055
0.99386895,13056
0.99979424,13057
1.0277051,13058
0.9897904,13059
0.99867624,13060
0.9727226,13061
1.0104824,13062
1.0305587,13063
1.0670236,13064
1.0904071,13065
0.584363,13066
0.58341813,13067
0.6031535,13068
0.6020854,13069
0.61418456,13070
0.5965077,13071
0.5738252,13072
0.60375303,13073
0.5927346,13074
0.6272497,13075
0.63461965,13076
0.6021599,13077
0.5680062,13078
0.602763,13079
0.5869071,13080
0.56850356,13081
0.5182541,13082
0.49799585,13083
0.4532145,13084
0.43646118,13085
0.44812194,13086
0.43530375,13087
0.42914036,13088
0.46717036,13089
0.50098985,13090
0.5051128,13091
0.48701888,13092
0.47759283,13093
0.46952564,13094
0.455145,13095
0.44562134,13096
0.46952304,13097
0.47949293,13098
0.47060063,13099
0.49976602,13100
0.5052971,13101
0.50499344,13102
0.5159882,13103
0.5246003,13104
0.5202529,13105
0.536778,13106
0.5391657,13107
0.5194352,13108
0.5075137,13109
0.4855607,13110
0.4724258,13111
0.48965994,13112
0.4790011,13113
0.4785883,13114
0.5133829,13115
0.5152476,13116
0.5268351,13117
0.51602554,13118
0.5153259,13119
0.49730176,13120
0.49518433,13121
0.51211256,13122
0.49256417,13123
0.46077165,13124
0.44953808,13125
0.44785824,13126
0.45536986,13127
0.46307448,13128
0.49168587,13129
0.46958846,13130
0.4652587,13131
0.46496958,13132
0.48515084,13133
0.48917207,13134
0.4845499,13135
0.47777614,13136
0.44275093,13137
0.47309968,13138
0.44279414,13139
0.43304923,13140
0.47623464,13141
0.5109144,13142
0.5159134,13143
0.53322333,13144
0.55316705,13145
0.54287225,13146
0.5315554,13147
0.5198409,13148
0.5136924,13149
0.5026077,13150
0.5160712,13151
0.5292795,13152
0.4996271,13153
0.5185774,13154
0.47679356,13155
0.49722975,13156
0.4949904,13157
0.49112576,13158
0.48918658,13159
0.48822445,13160
0.451559,13161
0.4180355,13162
0.41418907,13163
0.3752485,13164
0.3680585,13165
0.44617483,13166
0.438048,13167
0.4530963,13168
0.47144392,13169
0.47861713,13170
0.46415928,13171
0.46661097,13172
0.45374072,13173
0.4518512,13174
0.43870133,13175
0.4448624,13176
0.45139048,13177
0.46174443,13178
0.47211906,13179
0.4991802,13180
0.49251413,13181
0.4946599,13182
0.56862825,13183
0.5869387,13184
0.61653614,13185
0.5558544,13186
0.5663886,13187
0.56580853,13188
0.52868277,13189
0.535806,13190
0.5821657,13191
0.5909746,13192
0.5982105,13193
0.57126015,13194
0.5832913,13195
0.54869,13196
0.5596432,13197
0.5546089,13198
0.5723276,13199
0.58896875,13200
0.566411,13201
0.5445365,13202
0.47392902,13203
0.52177405,13204
0.51951605,13205
0.5171345,13206
0.5258461,13207
0.48362392,13208
0.4767756,13209
0.4786749,13210
0.42376843,13211
0.43282995,13212
0.42943835,13213
0.43489996,13214
0.44138014,13215
0.44207135,13216
0.44372445,13217
0.48486745,13218
0.481278,13219
0.47786316,13220
0.49970403,13221
0.5124923,13222
0.5152514,13223
0.49529934,13224
0.51342994,13225
0.49432766,13226
0.50489116,13227
0.5193949,13228
0.549267,13229
0.55576783,13230
0.5738213,13231
0.58277416,13232
0.5732877,13233
0.5620982,13234
0.5714483,13235
0.5975878,13236
0.58789927,13237
0.5519091,13238
0.5484201,13239
0.54371434,13240
0.5402436,13241
0.5375668,13242
0.5441975,13243
0.510606,13244
0.4783313,13245
0.4787297,13246
0.49059105,13247
0.5145586,13248
0.49147883,13249
0.4990863,13250
0.47523734,13251
0.46157354,13252
0.4748257,13253
0.49770263,13254
0.52037656,13255
0.4894896,13256
0.4893942,13257
0.49716142,13258
0.48263285,13259
0.46760777,13260
0.46135902,13261
0.4784577,13262
0.4929772,13263
0.48595676,13264
0.48911315,13265
0.50245064,13266
0.46693772,13267
0.46478555,13268
0.46577784,13269
0.4503725,13270
0.44810277,13271
0.45831186,13272
0.4512168,13273
0.43598577,13274
0.47418308,13275
0.4750335,13276
0.45484784,13277
0.48684633,13278
0.50710756,13279
0.50011754,13280
0.48716852,13281
0.5020554,13282
0.4839698,13283
0.5013029,13284
0.50557005,13285
0.53514755,13286
0.5156533,13287
0.5328126,13288
0.56960624,13289
0.563426,13290
0.5743111,13291
0.5892852,13292
0.5918478,13293
0.5864435,13294
0.5040768,13295
0.53009844,13296
0.5569091,13297
0.5688793,13298
0.6031148,13299
0.6085227,13300
0.64131314,13301
0.6172564,13302
0.6014243,13303
0.6374774,13304
0.67536217,13305
0.6587527,13306
0.64168787,13307
0.6487105,13308
0.6289213,13309
0.63984,13310
0.6102322,13311
0.5926373,13312
0.60229206,13313
0.6246453,13314
0.6145459,13315
0.59238553,13316
0.5848722,13317
0.5415565,13318
0.5044663,13319
0.4989311,13320
0.4680746,13321
0.4625213,13322
0.47921544,13323
0.43803942,13324
0.45302102,13325
0.4775237,13326
0.50367135,13327
0.49113625,13328
0.49879143,13329
0.48755196,13330
0.5003065,13331
0.48353812,13332
0.49008235,13333
0.48892963,13334
0.5159306,13335
0.57542706,13336
0.5777251,13337
0.5731861,13338
0.5748628,13339
0.5852802,13340
0.6194704,13341
0.6235242,13342
0.63904667,13343
0.63781,13344
0.64330965,13345
0.60350406,13346
0.57102865,13347
0.59184855,13348
0.59320945,13349
0.60148925,13350
0.57090235,13351
0.5623319,13352
0.53589076,13353
0.5260622,13354
0.49248835,13355
0.45872533,13356
0.43943647,13357
0.43904978,13358
0.44577506,13359
0.4451731,13360
0.44124275,13361
0.4766571,13362
0.46741304,13363
0.43588373,13364
0.4112964,13365
0.3982087,13366
0.4155948,13367
0.39280578,13368
0.41102013,13369
0.39393663,13370
0.42070797,13371
0.45622393,13372
0.4371266,13373
0.45656484,13374
0.46403068,13375
0.48395583,13376
0.49064592,13377
0.47423092,13378
0.46333605,13379
0.45269182,13380
0.4496509,13381
0.43164498,13382
0.4297729,13383
0.44244525,13384
0.43713126,13385
0.43240157,13386
0.48040304,13387
0.50326556,13388
0.48417497,13389
0.49994177,13390
0.5185937,13391
0.47279462,13392
0.49660578,13393
0.48703307,13394
0.48704198,13395
0.45543966,13396
0.43156007,13397
0.4658403,13398
0.5032751,13399
0.5175129,13400
0.511251,13401
0.5074738,13402
0.50553936,13403
0.5242752,13404
0.53960353,13405
0.5449455,13406
0.4774982,13407
0.47212765,13408
0.4721198,13409
0.4810539,13410
0.4589129,13411
0.49533394,13412
0.48195243,13413
0.50673944,13414
0.76374173,13415
0.78401434,13416
0.7825667,13417
0.75626737,13418
0.73510236,13419
0.7219369,13420
0.71841085,13421
0.72361284,13422
0.7289406,13423
0.6977584,13424
0.6948692,13425
0.75490785,13426
0.7775237,13427
0.7616049,13428
0.77111727,13429
0.802863,13430
0.8004501,13431
0.7802194,13432
0.80086815,13433
0.8032374,13434
0.5620563,13435
0.5752063,13436
0.5819713,13437
0.57897514,13438
0.57509655,13439
0.5658848,13440
0.58701366,13441
0.5998579,13442
0.59907883,13443
0.61196613,13444
0.5968162,13445
0.5852309,13446
0.5652947,13447
0.5612198,13448
0.55358356,13449
0.48685807,13450
0.5193825,13451
0.52762765,13452
0.5538942,13453
0.6087485,13454
0.6013904,13455
0.59324104,13456
0.61651784,13457
0.6171288,13458
0.61938196,13459
0.64605576,13460
0.5897437,13461
0.56396556,13462
0.5689708,13463
0.57397646,13464
0.59230494,13465
0.5497007,13466
0.5446567,13467
0.5731589,13468
0.5788896,13469
0.5647857,13470
0.53844965,13471
0.51836866,13472
0.4888432,13473
0.4545077,13474
0.4546291,13475
0.42779428,13476
0.39885938,13477
0.40929383,13478
0.41366953,13479
0.38999912,13480
0.41048872,13481
0.42786068,13482
0.42842406,13483
0.44908643,13484
0.42331856,13485
0.49178013,13486
0.51111126,13487
0.4853381,13488
0.49927387,13489
0.5090082,13490
0.51498777,13491
0.51906484,13492
0.51310617,13493
0.5156566,13494
0.52156633,13495
0.51762843,13496
0.5392988,13497
0.5408613,13498
0.5201731,13499
0.5099227,13500
0.49605474,13501
0.48567218,13502
0.470725,13503
0.44637895,13504
0.46516332,13505
0.4407424,13506
0.4238008,13507
0.4178977,13508
0.49039114,13509
0.5262012,13510
0.5255872,13511
0.5339603,13512
0.5421809,13513
0.51847005,13514
0.5001741,13515
0.49284223,13516
0.5013759,13517
0.51388997,13518
0.51232725,13519
0.5528516,13520
0.5107617,13521
0.5323609,13522
0.5532468,13523
0.57225984,13524
0.57536376,13525
0.5582772,13526
0.56712306,13527
0.5698203,13528
0.5014992,13529
0.46851808,13530
0.49312204,13531
0.47816232,13532
0.4832966,13533
0.46208033,13534
0.48391122,13535
0.5048286,13536
0.5156301,13537
0.51166946,13538
0.5108722,13539
0.5090933,13540
0.54766816,13541
0.52092236,13542
0.5334652,13543
0.48847216,13544
0.45708835,13545
0.51485753,13546
0.55418515,13547
0.55805796,13548
0.5415491,13549
0.52431107,13550
0.49800196,13551
0.4893114,13552
0.4937708,13553
0.49708152,13554
0.4785454,13555
0.45866725,13556
0.4581761,13557
0.47527936,13558
0.4584764,13559
0.43705714,13560
0.42885402,13561
0.42194623,13562
0.40960518,13563
0.42681345,13564
0.4254262,13565
0.3549605,13566
0.36444482,13567
0.38317332,13568
0.38062632,13569
0.3868942,13570
0.39086828,13571
0.39713305,13572
0.41824982,13573
0.42866448,13574
0.43410668,13575
0.4875164,13576
0.49110743,13577
0.47950065,13578
0.48591378,13579
0.5020102,13580
0.5012279,13581
0.4860644,13582
0.44551635,13583
0.48384312,13584
0.52329516,13585
0.51560706,13586
0.5638657,13587
0.54873693,13588
0.5377143,13589
0.53367394,13590
0.5369565,13591
0.5663435,13592
0.53354275,13593
0.5568495,13594
0.56780946,13595
0.5421766,13596
0.55681145,13597
0.5553048,13598
0.5777824,13599
0.5837206,13600
0.59167343,13601
0.597386,13602
0.6075096,13603
0.5563831,13604
0.5640491,13605
0.53607637,13606
0.51096433,13607
0.5071378,13608
0.487888,13609
0.5228939,13610
0.51336294,13611
0.46890768,13612
0.4774027,13613
0.451851,13614
0.45302975,13615
0.4326427,13616
0.37857357,13617
0.39368784,13618
0.37647486,13619
0.38075596,13620
0.41454312,13621
0.41310006,13622
0.41847765,13623
0.41335797,13624
0.40528256,13625
0.40489253,13626
0.39999494,13627
0.4090822,13628
0.44589594,13629
0.43812662,13630
0.44146493,13631
0.4286355,13632
0.4356278,13633
0.42248768,13634
0.48797712,13635
0.46913064,13636
0.48381883,13637
0.47912416,13638
0.49975303,13639
0.48003983,13640
0.44664624,13641
0.53133667,13642
0.53545713,13643
0.5546579,13644
0.5520862,13645
0.56769407,13646
0.5480872,13647
0.5587213,13648
0.5368138,13649
0.5319485,13650
0.54857415,13651
0.57946306,13652
0.59967667,13653
0.5891213,13654
0.5521822,13655
0.54172766,13656
0.5372848,13657
0.5174768,13658
0.54122704,13659
0.53219116,13660
0.5453393,13661
0.50839436,13662
0.5007275,13663
0.49491063,13664
0.5036466,13665
0.5262622,13666
0.5393977,13667
0.53362554,13668
0.5359174,13669
0.51584536,13670
0.4956181,13671
0.48731184,13672
0.48379424,13673
0.52427924,13674
0.55095035,13675
0.5628291,13676
0.5598628,13677
0.5615453,13678
0.52212274,13679
0.54998624,13680
0.5351322,13681
0.50656897,13682
0.51059794,13683
0.4766118,13684
0.48286995,13685
0.4742368,13686
0.4755009,13687
0.48288897,13688
0.48066008,13689
0.47952688,13690
0.49825436,13691
0.49673897,13692
0.5067576,13693
0.5228663,13694
0.48965394,13695
0.4733027,13696
0.4490428,13697
0.4677631,13698
0.4737433,13699
0.44126344,13700
0.4490998,13701
0.4486166,13702
0.49809444,13703
0.5245082,13704
0.55248684,13705
0.55846477,13706
0.57839686,13707
0.5751287,13708
0.5727845,13709
0.5685366,13710
0.5466271,13711
0.52610755,13712
0.56984055,13713
0.5525014,13714
0.55738825,13715
0.57759655,13716
0.58370507,13717
0.5941954,13718
0.57963717,13719
0.60197437,13720
0.57929325,13721
0.59263885,13722
0.5556219,13723
0.5599009,13724
0.5362503,13725
0.52334774,13726
0.4989563,13727
0.49005154,13728
0.47991866,13729
0.52898437,13730
0.5534159,13731
0.54910207,13732
0.48522872,13733
0.45438924,13734
0.43224776,13735
0.4471919,13736
0.46621263,13737
0.4590823,13738
0.46006128,13739
0.44434687,13740
0.461698,13741
0.481288,13742
0.47600237,13743
0.49225503,13744
0.46484143,13745
0.44818613,13746
0.44474888,13747
0.4696906,13748
0.46868452,13749
0.42174298,13750
0.44351932,13751
0.4481676,13752
0.4790084,13753
0.51835185,13754
0.49669504,13755
0.48955366,13756
0.49242288,13757
0.50422496,13758
0.5024462,13759
0.4935894,13760
0.49704504,13761
0.4586014,13762
0.46749088,13763
0.47051814,13764
0.49734128,13765
0.51224345,13766
0.49916372,13767
0.5053401,13768
0.5403782,13769
0.5682046,13770
0.5307885,13771
0.51549983,13772
0.5374551,13773
0.51697236,13774
0.5312061,13775
0.48618874,13776
0.4695609,13777
0.49055526,13778
0.5405229,13779
0.5524059,13780
0.5506599,13781
0.5422429,13782
0.54690945,13783
0.55384755,13784
0.64160967,13785
0.63819194,13786
0.639716,13787
0.61660486,13788
0.6081532,13789
0.5971843,13790
0.6015329,13791
0.62605685,13792
0.6019389,13793
0.5877972,13794
0.60627985,13795
0.5971161,13796
0.603212,13797
0.5751371,13798
0.5327141,13799
0.5247424,13800
0.52096295,13801
0.5359714,13802
0.52349985,13803
0.49852034,13804
0.40835178,13805
0.3794015,13806
0.37119874,13807
0.3611319,13808
0.38323322,13809
0.39113402,13810
0.38267714,13811
0.38070717,13812
0.38700527,13813
0.38973972,13814
0.37067637,13815
0.38254875,13816
0.4174346,13817
0.42907378,13818
0.43543008,13819
0.4331013,13820
0.45126814,13821
0.48188567,13822
0.4669895,13823
0.46244916,13824
0.4980022,13825
0.5069533,13826
0.53783166,13827
0.5369807,13828
0.5438797,13829
0.54807097,13830
0.5482546,13831
0.53412634,13832
0.55068815,13833
0.5492501,13834
0.5522062,13835
0.56757087,13836
0.5179746,13837
0.5120637,13838
0.5112399,13839
0.51209885,13840
0.51640326,13841
0.5079256,13842
0.5633455,13843
0.585255,13844
0.57777965,13845
0.5925746,13846
0.5738573,13847
0.5755844,13848
0.5388535,13849
0.57010466,13850
0.56586236,13851
0.58688676,13852
0.56657016,13853
0.56668746,13854
0.5691229,13855
0.5584919,13856
0.5606562,13857
0.54703695,13858
0.5610753,13859
0.5733271,13860
0.55133677,13861
0.54544634,13862
0.5094644,13863
0.50762326,13864
0.5474292,13865
0.5553826,13866
0.5808407,13867
0.5693941,13868
0.55606073,13869
0.57932246,13870
0.5637766,13871
0.6092393,13872
0.61140645,13873
0.6427322,13874
0.643935,13875
0.6313441,13876
0.626881,13877
0.6336879,13878
0.64053905,13879
0.63316274,13880
0.6255116,13881
0.62198013,13882
0.62213695,13883
0.60259086,13884
0.56568265,13885
0.5518223,13886
0.5585032,13887
0.5504238,13888
0.53366077,13889
0.5078442,13890
0.5283235,13891
0.47070244,13892
0.49118915,13893
0.45450133,13894
0.45741245,13895
0.4551525,13896
0.4234375,13897
0.4321106,13898
0.44684714,13899
0.45345432,13900
0.4543893,13901
0.4741918,13902
0.47314686,13903
0.49141946,13904
0.48344147,13905
0.49999952,13906
0.47225633,13907
0.46970063,13908
0.4745145,13909
0.4776855,13910
0.48391035,13911
0.47304592,13912
0.4315437,13913
0.42162782,13914
0.437732,13915
0.43597528,13916
0.42587686,13917
0.423449,13918
0.41826263,13919
0.3815558,13920
0.4274828,13921
0.41205776,13922
0.3916593,13923
0.3788411,13924
0.407278,13925
0.39642444,13926
0.42236874,13927
0.41596055,13928
0.41032577,13929
0.437456,13930
0.4470891,13931
0.4358516,13932
0.45403337,13933
0.5077487,13934
0.50071365,13935
0.47535807,13936
0.48186105,13937
0.48071855,13938
0.4958644,13939
0.5225326,13940
0.48735583,13941
0.4817618,13942
0.49834925,13943
0.48832738,13944
0.48995256,13945
0.48165366,13946
0.4825623,13947
0.49979997,13948
0.5211658,13949
0.50021666,13950
0.50383127,13951
0.5269363,13952
0.5393442,13953
0.47699693,13954
0.4901751,13955
0.5043567,13956
0.48511297,13957
0.48878986,13958
0.52260536,13959
0.47085693,13960
0.45088807,13961
0.46564957,13962
0.4722419,13963
0.4718739,13964
0.4599952,13965
0.45897684,13966
0.4415609,13967
0.42640683,13968
0.40969682,13969
0.40233234,13970
0.38981968,13971
0.3705482,13972
0.3784158,13973
0.38225412,13974
0.39108905,13975
0.39510015,13976
0.38722578,13977
0.3912336,13978
0.3844594,13979
0.4170714,13980
0.44721332,13981
0.4562115,13982
0.46236917,13983
0.45469138,13984
0.45028433,13985
0.45185608,13986
0.439519,13987
0.48334914,13988
0.50723493,13989
0.5327502,13990
0.5128003,13991
0.50725096,13992
0.49184301,13993
0.49810234,13994
0.48354536,13995
0.4796432,13996
0.5016437,13997
0.52708083,13998
0.5544633,13999
0.51913035,14000
0.53379214,14001
0.52892476,14002
0.52571714,14003
0.5167701,14004
0.55432856,14005
0.5542756,14006
0.53172195,14007
0.54781884,14008
0.5437621,14009
0.5419675,14010
0.558134,14011
0.5484166,14012
0.55875313,14013
0.54991406,14014
0.5472523,14015
0.5385344,14016
0.5287811,14017
0.5133795,14018
0.4799608,14019
0.47847173,14020
0.4515506,14021
0.47494203,14022
0.49324396,14023
0.45474893,14024
0.44503576,14025
0.44933873,14026
0.46874502,14027
0.47195852,14028
0.4863969,14029
0.4787103,14030
0.4620124,14031
0.5008374,14032
0.49027434,14033
0.52086926,14034
0.5073319,14035
0.514367,14036
0.49781355,14037
0.5050463,14038
0.51300204,14039
0.5120818,14040
0.51871765,14041
0.4730268,14042
0.47321916,14043
0.47039717,14044
0.47011274,14045
0.46578878,14046
0.44638568,14047
0.4466907,14048
0.43479365,14049
0.40700284,14050
0.42429277,14051
0.41596925,14052
0.4438311,14053
0.45667624,14054
0.46257234,14055
0.45574,14056
0.47387755,14057
0.50699437,14058
0.50608164,14059
0.50299746,14060
0.5347756,14061
0.5468797,14062
0.5520838,14063
0.5582999,14064
0.5711979,14065
0.58730346,14066
0.5603983,14067
0.57678246,14068
0.6111538,14069
0.60598165,14070
0.64468783,14071
0.6176614,14072
0.6053567,14073
0.61623716,14074
0.6145608,14075
0.62256503,14076
0.61728984,14077
0.5932224,14078
0.5845272,14079
0.61205065,14080
0.5970555,14081
0.6288814,14082
0.63412005,14083
0.6430538,14084
0.63529134,14085
0.62389606,14086
0.63658684,14087
0.6035275,14088
0.5922916,14089
0.5942899,14090
0.53867275,14091
0.53547066,14092
0.56390876,14093
0.56274545,14094
0.53581893,14095
0.53810984,14096
0.5374366,14097
0.55969054,14098
0.5605911,14099
0.5195586,14100
0.5034741,14101
0.4872268,14102
0.5118391,14103
0.4756434,14104
0.46482536,14105
0.50368655,14106
0.49265102,14107
0.5094387,14108
0.5251573,14109
0.5178664,14110
0.51950926,14111
0.5239352,14112
0.5668164,14113
0.53430814,14114
0.55931115,14115
0.58321387,14116
0.5843403,14117
0.57619894,14118
0.5723005,14119
0.6066535,14120
0.5975465,14121
0.5576627,14122
0.56045437,14123
0.5625173,14124
0.57466006,14125
0.51241195,14126
0.53849185,14127
0.57092285,14128
0.5515693,14129
0.5732441,14130
0.581899,14131
0.59283787,14132
0.56049955,14133
0.57971776,14134
0.4974972,14135
0.46245328,14136
0.45441088,14137
0.43610752,14138
0.4370684,14139
0.3978439,14140
0.42892778,14141
1.5572095,14142
1.5710177,14143
1.5710196,14144
1.5745654,14145
1.6137608,14146
1.5974028,14147
1.5914613,14148
1.5744011,14149
1.5821962,14150
1.5693675,14151
1.574053,14152
1.5888664,14153
1.5876954,14154
1.5822773,14155
1.577504,14156
1.5772964,14157
1.5862302,14158
1.6111602,14159
1.6084907,14160
1.5791476,14161
0.4891658,14162
0.4580779,14163
0.42374054,14164
0.40823224,14165
0.38673177,14166
0.40124124,14167
0.40325665,14168
0.4032134,14169
0.3771221,14170
0.40075436,14171
0.4924237,14172
0.45783237,14173
0.48528376,14174
0.51409274,14175
0.50665855,14176
0.49371302,14177
0.5608645,14178
0.537443,14179
0.5550012,14180
0.56802535,14181
0.56527156,14182
0.5824963,14183
0.60651404,14184
0.61650693,14185
0.6291178,14186
0.6039502,14187
0.63135564,14188
0.65091527,14189
0.6852654,14190
0.7154938,14191
0.6090071,14192
0.5957703,14193
0.5879729,14194
0.5874084,14195
0.6037602,14196
0.6518007,14197
0.56097853,14198
0.5725863,14199
0.56868166,14200
0.56618655,14201
0.58635795,14202
0.54911274,14203
0.5530445,14204
0.5572577,14205
0.61733127,14206
0.65134275,14207
0.6106396,14208
0.632648,14209
0.69402575,14210
0.68068635,14211
0.66455734,14212
0.6585165,14213
0.6535929,14214
0.66372967,14215
0.68613136,14216
0.6750095,14217
0.68696815,14218
0.6615082,14219
0.6834926,14220
0.67349625,14221
0.6454712,14222
0.64334875,14223
0.6319235,14224
0.60216594,14225
0.5664313,14226
0.54792583,14227
0.54287463,14228
0.51848257,14229
0.50918996,14230
0.482771,14231
0.49021637,14232
0.48912174,14233
0.45111215,14234
0.4505749,14235
0.43114397,14236
0.45381436,14237
0.4603413,14238
0.47103325,14239
0.44913182,14240
0.45774627,14241
0.4926505,14242
0.5478367,14243
0.57644886,14244
0.5750045,14245
0.6110128,14246
0.6269625,14247
0.6624375,14248
0.6590747,14249
0.6516095,14250
0.67772484,14251
0.67043924,14252
0.64759123,14253
0.6920448,14254
0.6963018,14255
0.69793415,14256
0.6642176,14257
0.6491645,14258
0.6395379,14259
0.63761413,14260
0.662963,14261
0.640514,14262
0.6269894,14263
0.6130768,14264
0.5924775,14265
0.5562733,14266
0.5575693,14267
0.5449381,14268
0.54918647,14269
0.5358767,14270
0.5310939,14271
0.5174692,14272
0.5197422,14273
0.48795176,14274
0.51853174,14275
0.50885874,14276
0.5498877,14277
0.5520523,14278
0.54940677,14279
0.5175957,14280
0.50598574,14281
0.5012658,14282
0.4598188,14283
0.4455834,14284
0.4606087,14285
0.44698203,14286
0.43299696,14287
0.47055072,14288
0.4394324,14289
0.47018564,14290
0.48164412,14291
0.5028457,14292
0.5212332,14293
0.5261953,14294
0.5233656,14295
0.4947973,14296
0.5050933,14297
0.51883066,14298
0.5062361,14299
0.5649322,14300
0.57637763,14301
0.54460925,14302
0.5540662,14303
0.5850953,14304
0.5779067,14305
0.56366575,14306
0.5688143,14307
0.55887026,14308
0.5796276,14309
0.56276643,14310
0.49066767,14311
0.50487906,14312
0.4914932,14313
0.51697135,14314
0.5043807,14315
0.5060919,14316
0.47582725,14317
0.47373548,14318
0.47838283,14319
0.48867938,14320
0.5637956,14321
0.57638586,14322
0.5710895,14323
0.5516254,14324
0.551811,14325
0.5636962,14326
0.55365485,14327
0.56247586,14328
0.5278141,14329
0.51919603,14330
0.55220497,14331
0.5443116,14332
0.5667301,14333
0.570152,14334
0.60474145,14335
0.59605277,14336
0.5759239,14337
0.5873136,14338
0.6347665,14339
0.5393213,14340
0.48447737,14341
0.4818867,14342
0.49696812,14343
0.49982676,14344
0.52293265,14345
0.5149651,14346
0.5463964,14347
0.53591067,14348
0.5328249,14349
0.59815186,14350
0.5686252,14351
0.55507374,14352
0.538368,14353
0.5097409,14354
0.5046938,14355
0.492322,14356
0.49867672,14357
0.5199055,14358
0.49269566,14359
0.4992936,14360
0.5013151,14361
0.50966084,14362
0.48088562,14363
0.4942288,14364
0.52117157,14365
0.52228534,14366
0.5116236,14367
0.52270603,14368
0.52763015,14369
0.47924158,14370
0.48613814,14371
0.5087,14372
0.58071303,14373
0.5606094,14374
0.5649358,14375
0.5829172,14376
0.5841744,14377
0.5403955,14378
0.52304757,14379
0.54377794,14380
0.5768884,14381
0.5795906,14382
0.57484174,14383
0.54575795,14384
0.5028123,14385
0.51612943,14386
0.53588194,14387
0.4925009,14388
0.49989843,14389
0.48443687,14390
0.4883619,14391
0.48210773,14392
0.41438136,14393
0.44597533,14394
0.43423375,14395
0.4326315,14396
0.44742426,14397
0.4773043,14398
0.48832098,14399
0.4674524,14400
0.43390965,14401
0.4162349,14402
0.4512625,14403
0.46070665,14404
0.46409354,14405
0.48455426,14406
0.4922184,14407
0.49743277,14408
0.5024251,14409
0.49802345,14410
0.49118242,14411
0.4954787,14412
0.5428342,14413
0.51234037,14414
0.52508277,14415
0.5220856,14416
0.5489474,14417
0.51031095,14418
0.50776005,14419
0.48747376,14420
0.47886726,14421
0.5076921,14422
0.50853914,14423
0.5090716,14424
0.48781604,14425
0.5074917,14426
0.47929606,14427
0.50665957,14428
0.4999371,14429
0.52540773,14430
0.5409101,14431
0.5598761,14432
0.5059014,14433
0.5045383,14434
0.486051,14435
0.5402656,14436
0.52716994,14437
0.5464331,14438
0.55817026,14439
0.55496556,14440
0.5950364,14441
0.5899332,14442
0.57710063,14443
0.58090734,14444
0.5763333,14445
0.5858574,14446
0.551246,14447
0.5394208,14448
0.52187586,14449
0.561257,14450
0.55151415,14451
0.50197875,14452
0.4908747,14453
0.48884067,14454
0.4722383,14455
0.45647618,14456
0.45490596,14457
0.4382285,14458
0.450324,14459
0.49096963,14460
0.4820765,14461
0.4651772,14462
0.4769569,14463
0.48066756,14464
0.50728357,14465
0.49871424,14466
0.4979548,14467
0.49572283,14468
0.5189867,14469
0.51314795,14470
0.4967102,14471
0.50189686,14472
0.49645412,14473
0.50437903,14474
0.5256216,14475
0.532088,14476
0.5675224,14477
0.55169266,14478
0.55050737,14479
0.52741057,14480
0.56629544,14481
0.5382248,14482
0.49779022,14483
0.49371818,14484
0.48762006,14485
0.48252606,14486
0.486568,14487
0.5130341,14488
0.54004544,14489
0.57337856,14490
0.5800097,14491
0.5738905,14492
0.58380103,14493
0.59929895,14494
0.5836911,14495
0.58159107,14496
0.52497315,14497
0.52127415,14498
0.546022,14499
0.53893435,14500
0.5359876,14501
0.54886466,14502
0.550454,14503
0.5782942,14504
0.59376204,14505
0.58630687,14506
0.5794404,14507
0.55389595,14508
0.51777744,14509
0.4883243,14510
0.5162528,14511
0.5148327,14512
0.5136313,14513
0.5030683,14514
0.5268841,14515
0.564964,14516
0.54226947,14517
0.5448556,14518
0.5349778,14519
0.5336811,14520
0.5100734,14521
0.523966,14522
0.55737054,14523
0.5217991,14524
0.5254766,14525
0.5810063,14526
0.53407544,14527
0.54732305,14528
0.5176602,14529
0.50663495,14530
0.4959292,14531
0.48923844,14532
0.48722762,14533
0.492093,14534
0.49538147,14535
0.47785312,14536
0.47167093,14537
0.468369,14538
0.452825,14539
0.4728041,14540
0.45193225,14541
0.4602227,14542
0.45734414,14543
0.4689414,14544
0.4464671,14545
0.40958923,14546
0.42036054,14547
0.4351654,14548
0.4187499,14549
0.415457,14550
0.4116037,14551
0.45440507,14552
0.439313,14553
0.44304374,14554
0.4536937,14555
0.4650456,14556
0.49598664,14557
0.47881392,14558
0.4829925,14559
0.49339634,14560
0.4954616,14561
0.46201286,14562
0.4648719,14563
0.44307512,14564
0.5079814,14565
0.5083343,14566
0.5092539,14567
0.5302728,14568
0.5510109,14569
0.5381264,14570
0.5606628,14571
0.5241055,14572
0.5415915,14573
0.5343294,14574
0.49343017,14575
0.4626968,14576
0.44077986,14577
0.44859952,14578
0.45433697,14579
0.44313914,14580
0.43151113,14581
0.4364187,14582
0.4391395,14583
0.44680685,14584
0.3755026,14585
0.39884138,14586
0.3895683,14587
0.38392052,14588
0.41494748,14589
0.45141026,14590
0.41908407,14591
0.46840036,14592
0.462131,14593
0.4615309,14594
0.45496142,14595
0.45413905,14596
0.4535493,14597
0.47827026,14598
0.49518135,14599
0.53823185,14600
0.5403846,14601
0.5378695,14602
0.5462989,14603
0.5530934,14604
0.56179965,14605
0.54215515,14606
0.59986407,14607
0.5820183,14608
0.5475485,14609
0.5247547,14610
0.5308725,14611
0.50379986,14612
0.5172998,14613
0.526616,14614
0.52496696,14615
0.52853405,14616
1.0048798,14617
0.9748482,14618
0.94963264,14619
0.9426247,14620
1.0398803,14621
1.0492078,14622
1.0406327,14623
1.046976,14624
1.0675931,14625
1.1051202,14626
1.102672,14627
1.0987617,14628
1.085775,14629
1.0699755,14630
1.0941662,14631
1.0654993,14632
1.1023141,14633
1.1036012,14634
1.8828686,14635
1.8837302,14636
1.3794473,14637
1.3672951,14638
1.3835145,14639
1.4193484,14640
1.3105675,14641
1.3099035,14642
1.2907556,14643
1.2894771,14644
1.2885202,14645
1.2311971,14646
1.2182924,14647
1.2125703,14648
1.2352016,14649
1.2399014,14650
1.1687467,14651
1.2316378,14652
1.1795974,14653
1.2132633,14654
0.44953063,14655
0.4445714,14656
0.47490513,14657
0.44912797,14658
0.4688119,14659
0.4719474,14660
0.47465438,14661
0.47579896,14662
0.49276882,14663
0.48638943,14664
0.48179635,14665
0.4847531,14666
0.5214,14667
0.5212836,14668
0.5102865,14669
0.49592456,14670
0.51859176,14671
0.45906642,14672
0.48869908,14673
0.45702314,14674
0.47049853,14675
0.5165026,14676
0.5246625,14677
0.51829374,14678
0.5276561,14679
0.52085525,14680
0.52691644,14681
0.5310184,14682
0.5227089,14683
0.52713233,14684
0.5279682,14685
0.5395421,14686
0.51775855,14687
0.51626027,14688
0.51992023,14689
0.53625715,14690
0.5159835,14691
0.5115495,14692
0.48866245,14693
0.48747995,14694
0.4789666,14695
0.4420982,14696
0.42616796,14697
0.43262368,14698
0.42930055,14699
0.43698034,14700
0.43414026,14701
0.43796608,14702
0.4468514,14703
0.44335398,14704
0.48701498,14705
0.46299747,14706
0.46967503,14707
0.48470467,14708
0.5009339,14709
0.48227277,14710
0.48475507,14711
0.45533878,14712
0.4575773,14713
0.48837918,14714
0.46413264,14715
0.4359512,14716
0.47719765,14717
0.49795872,14718
0.5270445,14719
0.5215541,14720
0.5282666,14721
0.5363923,14722
0.56276774,14723
0.568433,14724
0.53046006,14725
0.5551888,14726
0.54598856,14727
0.54481804,14728
0.5638309,14729
0.6215169,14730
0.63960165,14731
0.64185905,14732
0.6498523,14733
0.6516218,14734
0.64676267,14735
0.6465879,14736
0.58765435,14737
0.5979331,14738
0.5621402,14739
0.5729571,14740
0.57617414,14741
0.5634884,14742
0.57001185,14743
0.5632138,14744
0.5791308,14745
0.5870656,14746
0.59157115,14747
0.5815565,14748
0.51931477,14749
0.50469995,14750
0.47708175,14751
0.4710192,14752
0.45914957,14753
0.43696228,14754
0.43141007,14755
0.45563373,14756
0.48216587,14757
0.49589673,14758
0.47283655,14759
0.4733072,14760
0.51125014,14761
0.50942594,14762
0.48046213,14763
0.48128968,14764
0.4613319,14765
0.45438546,14766
0.4384113,14767
0.46504068,14768
0.49047232,14769
0.45361486,14770
0.46953887,14771
0.47615778,14772
0.473973,14773
0.45626745,14774
0.4610219,14775
0.45845324,14776
0.47413924,14777
0.45581165,14778
0.46568865,14779
0.47101265,14780
0.44440648,14781
0.47092682,14782
0.48287013,14783
0.5022423,14784
0.5047121,14785
0.5044559,14786
0.51210356,14787
0.49069273,14788
0.4946773,14789
0.4933606,14790
0.49575338,14791
0.5138937,14792
0.5259373,14793
0.5242081,14794
0.521964,14795
0.49682504,14796
0.47317713,14797
0.4390418,14798
0.47519365,14799
0.4608237,14800
0.45721605,14801
0.43737972,14802
0.43966964,14803
0.40855485,14804
0.38075492,14805
0.40069616,14806
0.44010946,14807
0.45507115,14808
0.46815437,14809
0.47131115,14810
0.46187574,14811
0.4500582,14812
0.44379804,14813
0.44851515,14814
0.44320697,14815
0.44512016,14816
0.4446023,14817
0.46586683,14818
0.47461054,14819
0.4702157,14820
0.482206,14821
0.47917342,14822
0.49190465,14823
0.49447182,14824
0.5111779,14825
0.5324989,14826
0.5379495,14827
0.5285143,14828
0.53800285,14829
0.56336594,14830
0.57270026,14831
0.6094391,14832
0.61780345,14833
0.62760264,14834
0.61580384,14835
0.6270322,14836
0.6242625,14837
0.6250555,14838
0.57091343,14839
0.56640947,14840
0.56787,14841
0.5778643,14842
0.5764292,14843
0.5686022,14844
0.5589672,14845
0.49249163,14846
0.49840727,14847
0.48297173,14848
0.49408075,14849
0.44339547,14850
0.4573836,14851
0.44424173,14852
0.48929843,14853
0.48796025,14854
0.49673104,14855
0.48724705,14856
0.5183896,14857
0.51223224,14858
0.5577083,14859
0.55500627,14860
0.53843516,14861
0.5354769,14862
0.5243739,14863
0.535101,14864
0.5180255,14865
0.517894,14866
0.52041525,14867
0.5167029,14868
0.51189786,14869
0.52429914,14870
0.51723033,14871
0.54050535,14872
0.5008993,14873
0.5175113,14874
0.5150363,14875
0.5387082,14876
0.5277169,14877
0.5251621,14878
0.45908603,14879
0.46393824,14880
0.46328387,14881
0.4686072,14882
0.5140682,14883
0.55711323,14884
0.529856,14885
0.5206629,14886
0.52417964,14887
0.5423588,14888
0.56184316,14889
0.57554555,14890
0.58536553,14891
0.59210175,14892
0.57089317,14893
0.54620034,14894
0.55560833,14895
0.5507456,14896
0.5600232,14897
0.5712493,14898
0.55749196,14899
0.5211504,14900
0.516918,14901
0.52130526,14902
0.52756447,14903
0.5049394,14904
0.5012222,14905
0.522086,14906
0.4788465,14907
0.47806644,14908
0.47109544,14909
0.41669226,14910
0.42145962,14911
0.40653175,14912
0.4115502,14913
0.4714849,14914
0.45905414,14915
0.49476823,14916
0.56567585,14917
0.58688796,14918
0.5875256,14919
0.6003294,14920
0.6068217,14921
0.6060508,14922
0.59213847,14923
0.57975906,14924
0.57093906,14925
0.5651646,14926
0.5370907,14927
0.59897846,14928
0.6108217,14929
0.65143216,14930
0.65222,14931
0.72092974,14932
0.7210648,14933
0.62869096,14934
0.6498379,14935
0.61743706,14936
0.5486971,14937
0.5577822,14938
0.57845545,14939
0.5712455,14940
0.57912207,14941
0.58627504,14942
0.5868694,14943
0.57763577,14944
0.586795,14945
0.59889734,14946
0.65480274,14947
0.57802963,14948
0.5598332,14949
0.51226413,14950
0.53255796,14951
0.49126753,14952
0.49333975,14953
0.48323426,14954
0.47861516,14955
0.4915553,14956
0.5112673,14957
0.49012238,14958
0.4777908,14959
0.4888871,14960
0.5094078,14961
0.49735513,14962
0.50207627,14963
0.5380529,14964
0.53371626,14965
0.540996,14966
0.5276513,14967
0.5132798,14968
0.5167308,14969
0.52436167,14970
0.52018046,14971
0.5273134,14972
0.5280828,14973
0.52885574,14974
0.5183023,14975
0.5474043,14976
0.50390416,14977
0.5255489,14978
0.52008903,14979
0.4879351,14980
0.48353755,14981
0.51514864,14982
0.4874796,14983
0.47396415,14984
0.45945036,14985
0.4678063,14986
0.46029577,14987
0.47303388,14988
0.4945969,14989
0.48878792,14990
0.47787637,14991
0.45084542,14992
0.45995238,14993
0.4793519,14994
0.5026012,14995
0.51224935,14996
0.49941128,14997
0.49818242,14998
0.51105994,14999
0.5310431,15000
0.519485,15001
0.51172477,15002
0.5154899,15003
0.51122504,15004
0.524474,15005
0.5011571,15006
0.49277475,15007
0.50065213,15008
0.52342767,15009
0.535148,15010
0.5297487,15011
0.5056359,15012
0.5259487,15013
0.512904,15014
0.47714937,15015
0.46576363,15016
0.49885052,15017
0.47162637,15018
0.47764266,15019
0.48221624,15020
0.47779614,15021
0.49721134,15022
0.4934135,15023
0.48115596,15024
0.49114624,15025
0.5071456,15026
0.48589972,15027
0.46879247,15028
0.45645493,15029
0.47580016,15030
0.45259312,15031
0.4848694,15032
0.46370396,15033
0.48463938,15034
0.5076399,15035
0.5483753,15036
0.4995968,15037
0.48708087,15038
0.47829077,15039
0.47935668,15040
0.47732112,15041
0.43407184,15042
0.47071254,15043
0.4912566,15044
0.5250009,15045
0.5228388,15046
0.50774086,15047
0.5094248,15048
0.52201146,15049
0.5382763,15050
0.53723407,15051
0.5690175,15052
0.5884736,15053
0.6180064,15054
0.5965804,15055
0.5669611,15056
0.56413347,15057
0.5727491,15058
0.58130133,15059
0.58474255,15060
0.6188902,15061
0.6201973,15062
0.5903973,15063
0.5850423,15064
0.55860436,15065
0.55835116,15066
0.54541713,15067
0.5502184,15068
0.52907807,15069
0.4930861,15070
0.52357787,15071
0.45426252,15072
0.50418377,15073
0.4571685,15074
0.5015454,15075
0.48091543,15076
0.48218185,15077
0.5209469,15078
0.52846146,15079
0.5245937,15080
0.53183097,15081
0.53622466,15082
0.539181,15083
0.55455333,15084
0.5712663,15085
0.57160836,15086
0.5714825,15087
0.570835,15088
0.5593831,15089
0.57776666,15090
0.56750923,15091
0.5899994,15092
0.542989,15093
0.55223423,15094
0.5439638,15095
0.5296169,15096
0.51416546,15097
0.4771124,15098
0.52764183,15099
0.5288626,15100
0.50962245,15101
0.51859033,15102
0.5180398,15103
0.51748717,15104
0.49979606,15105
0.49479225,15106
0.4974387,15107
0.49306208,15108
0.5084311,15109
0.49897575,15110
0.5077466,15111
0.47939798,15112
0.46473998,15113
0.48719656,15114
0.4787174,15115
0.4751063,15116
0.49053952,15117
0.49774367,15118
0.40751976,15119
0.41344434,15120
0.42104933,15121
0.44276083,15122
0.43653256,15123
0.43042254,15124
0.45606065,15125
0.44338596,15126
0.42875475,15127
0.44014427,15128
0.41549304,15129
0.42853898,15130
0.43113655,15131
0.43234345,15132
0.4763436,15133
0.46772882,15134
0.49212936,15135
0.50370926,15136
0.5493494,15137
0.554318,15138
0.57193714,15139
0.55122733,15140
0.53865737,15141
0.5390844,15142
0.5530658,15143
0.5532727,15144
0.53827935,15145
0.5228736,15146
0.5222221,15147
0.49675468,15148
0.5079037,15149
0.5287013,15150
0.5485232,15151
0.5517497,15152
0.50055194,15153
0.51350814,15154
0.5284412,15155
0.50886464,15156
0.49005044,15157
0.46954504,15158
0.4702015,15159
0.48805472,15160
0.49788496,15161
0.49786624,15162
0.4854891,15163
0.49206147,15164
0.4870886,15165
0.49256775,15166
0.50428694,15167
0.50380534,15168
0.5391648,15169
0.5531703,15170
0.56371,15171
0.55297387,15172
0.5746924,15173
0.54793566,15174
0.5358416,15175
0.5725281,15176
0.55030334,15177
0.5368632,15178
0.5250677,15179
0.51943964,15180
1.268172,15181
1.2782902,15182
1.2963481,15183
1.2993147,15184
1.3125482,15185
1.3071113,15186
1.349688,15187
1.3637619,15188
1.319454,15189
1.2744317,15190
1.2809029,15191
1.2786895,15192
1.2254673,15193
1.1925498,15194
1.214957,15195
1.2033131,15196
1.2506008,15197
1.2847067,15198
1.2417916,15199
1.258526,15200
0.52601504,15201
0.56924206,15202
0.51928234,15203
0.5575046,15204
0.57291144,15205
0.57490796,15206
0.52211,15207
0.54977864,15208
0.5724696,15209
0.5843098,15210
0.5615815,15211
0.58336097,15212
0.5995075,15213
0.5850453,15214
0.5736939,15215
0.58893764,15216
0.5529748,15217
0.5393869,15218
0.55991304,15219
0.5714188,15220
0.54794496,15221
0.4999175,15222
0.50333285,15223
0.50932807,15224
0.4759364,15225
0.49931884,15226
0.4939902,15227
0.48465878,15228
0.4885824,15229
0.4665326,15230
0.47921237,15231
0.49593374,15232
0.4928051,15233
0.50340265,15234
0.49864283,15235
0.5052748,15236
0.5543251,15237
0.52559817,15238
0.5498411,15239
0.5415367,15240
0.5461897,15241
0.5764492,15242
0.5532013,15243
0.5405168,15244
0.53822386,15245
0.52771425,15246
0.5276362,15247
0.5182488,15248
0.5455462,15249
0.56020445,15250
0.5582126,15251
0.5218903,15252
0.53944165,15253
0.56730807,15254
0.6003481,15255
0.6178648,15256
0.5971729,15257
0.6080976,15258
0.5446158,15259
0.5585661,15260
0.5457173,15261
0.55031145,15262
0.60977274,15263
0.6289585,15264
0.6441866,15265
0.62003845,15266
0.61349785,15267
0.6435439,15268
0.6130445,15269
0.60374033,15270
0.6166162,15271
0.5983601,15272
0.581371,15273
0.5795242,15274
0.55736816,15275
0.56502986,15276
0.56985694,15277
0.5352698,15278
0.5313089,15279
0.54305845,15280
0.55946815,15281
0.55103177,15282
0.48326692,15283
0.46281826,15284
0.4732441,15285
0.4503753,15286
0.48150504,15287
0.49380136,15288
0.4984766,15289
0.47789168,15290
0.50534797,15291
0.5062424,15292
0.49089313,15293
0.45882428,15294
0.46205792,15295
0.43464172,15296
0.4467146,15297
0.44153404,15298
0.44336274,15299
0.4246298,15300
0.44281843,15301
0.43759787,15302
0.46614784,15303
0.49017194,15304
0.48881945,15305
0.4812539,15306
0.4228978,15307
0.44390136,15308
0.43476772,15309
0.4125308,15310
0.42138562,15311
0.44520515,15312
0.43965867,15313
0.44880348,15314
0.45996717,15315
0.48412773,15316
0.5112752,15317
0.63136363,15318
0.65983075,15319
0.66537756,15320
0.6727545,15321
0.90584946,15322
0.89035124,15323
0.87148786,15324
0.88672894,15325
0.88745046,15326
0.91507506,15327
0.90812594,15328
0.91415143,15329
0.9144362,15330
0.8769232,15331
0.88301206,15332
0.9132044,15333
0.94695497,15334
0.9253212,15335
0.92026365,15336
0.9065869,15337
0.77659404,15338
0.7656728,15339
0.7594407,15340
0.7357681,15341
0.4795896,15342
0.49649602,15343
0.5031692,15344
0.53855383,15345
0.5398629,15346
0.5413749,15347
0.5579335,15348
0.5208256,15349
0.5688923,15350
0.6072634,15351
0.5955716,15352
0.6190238,15353
0.56843394,15354
0.5882746,15355
0.5902071,15356
0.55577487,15357
0.5559225,15358
0.6010242,15359
0.61531144,15360
0.5944356,15361
0.5722362,15362
0.59388256,15363
0.5910867,15364
0.5491066,15365
0.52386224,15366
0.5171695,15367
0.5046157,15368
0.50980294,15369
0.49162248,15370
0.4668367,15371
0.46956673,15372
0.46785462,15373
0.47822866,15374
0.4388379,15375
0.41398254,15376
0.4107842,15377
0.41158316,15378
0.4062241,15379
0.38946757,15380
0.36958483,15381
0.4225497,15382
0.42835894,15383
0.43257803,15384
0.4408816,15385
0.4964595,15386
0.47040424,15387
0.437012,15388
0.46581325,15389
0.4784069,15390
0.49680462,15391
0.5008549,15392
0.49519923,15393
0.50902826,15394
0.5280196,15395
0.52905595,15396
0.5382716,15397
0.56000334,15398
0.5790322,15399
0.63636786,15400
0.6441537,15401
0.62512845,15402
0.6392991,15403
0.61351395,15404
0.6210549,15405
0.6290057,15406
0.653307,15407
0.6546426,15408
0.6474329,15409
0.62148607,15410
0.6198814,15411
0.6422989,15412
0.5827529,15413
0.582622,15414
0.6219758,15415
0.6054391,15416
0.59830487,15417
0.6170788,15418
0.63115674,15419
0.61227053,15420
0.5876808,15421
0.55715674,15422
0.54940796,15423
0.5517056,15424
0.54239434,15425
0.5232504,15426
0.5296286,15427
0.56401175,15428
0.5452764,15429
0.52885354,15430
0.5444314,15431
0.5241045,15432
0.52188087,15433
0.52583987,15434
0.47783664,15435
0.45928034,15436
0.47768018,15437
0.51820904,15438
0.4889028,15439
0.48817885,15440
0.49976555,15441
0.51891166,15442
0.51506495,15443
0.5154167,15444
0.5194656,15445
0.51598597,15446
0.52287465,15447
0.50918424,15448
0.51646364,15449
0.51376003,15450
0.47424185,15451
0.49256256,15452
0.5004951,15453
0.5101098,15454
0.52806014,15455
0.5475627,15456
0.5402646,15457
0.51269495,15458
0.5171043,15459
0.49354836,15460
0.5080427,15461
0.49398068,15462
0.52653074,15463
0.525692,15464
0.54189926,15465
0.53415984,15466
0.53434116,15467
0.58185726,15468
0.55149835,15469
0.56651527,15470
0.59127593,15471
0.6353852,15472
0.6454141,15473
0.639768,15474
0.6505263,15475
0.64111155,15476
0.6220057,15477
0.6455559,15478
0.6386918,15479
0.6344224,15480
0.6086105,15481
0.5961611,15482
0.5641284,15483
0.60612017,15484
0.60506135,15485
0.58814424,15486
0.6718313,15487
0.62124485,15488
0.6484793,15489
0.6220858,15490
0.62467676,15491
0.56987923,15492
0.5796393,15493
0.5589401,15494
0.54478675,15495
0.5683282,15496
0.58421034,15497
0.580593,15498
0.56175023,15499
0.559722,15500
0.5705144,15501
0.51997745,15502
0.5058693,15503
0.46848714,15504
0.4771478,15505
0.4824801,15506
0.3834879,15507
0.39641523,15508
0.4627139,15509
0.4469778,15510
0.5030406,15511
0.497435,15512
0.49236563,15513
0.4823227,15514
0.4824687,15515
0.4723633,15516
0.46948957,15517
0.45436472,15518
0.45127118,15519
0.4651933,15520
0.5069628,15521
0.47751355,15522
0.4778316,15523
0.48186594,15524
0.5007731,15525
0.5250414,15526
0.53493077,15527
0.53472567,15528
0.4721787,15529
0.46886405,15530
0.42887878,15531
0.41454676,15532
0.3955895,15533
0.39438885,15534
0.41872498,15535
0.40631944,15536
0.41149947,15537
0.42758802,15538
0.47052437,15539
0.4662334,15540
0.43812403,15541
0.45699114,15542
0.44489938,15543
0.45929888,15544
0.46747512,15545
0.44175965,15546
0.43915424,15547
0.4683042,15548
0.46702224,15549
0.47243243,15550
0.47715017,15551
0.48744953,15552
0.49974763,15553
0.5082503,15554
0.5033856,15555
0.5111888,15556
0.5201329,15557
0.5178355,15558
0.50126183,15559
0.5375182,15560
0.545882,15561
0.48122048,15562
0.48749352,15563
0.51064396,15564
0.49911875,15565
0.5361983,15566
0.53004414,15567
0.49267182,15568
0.49761707,15569
0.54722446,15570
0.56112355,15571
0.5470623,15572
0.5272583,15573
0.53126186,15574
0.5290942,15575
0.53252685,15576
0.49971327,15577
0.4993496,15578
0.50286037,15579
0.4510564,15580
0.4959906,15581
0.48368183,15582
0.47845381,15583
0.45720842,15584
0.46925458,15585
0.44027293,15586
0.41376856,15587
0.42636493,15588
0.45977372,15589
0.43115303,15590
0.44471994,15591
0.42804867,15592
0.44250733,15593
0.44506207,15594
0.43089294,15595
0.42854667,15596
0.417334,15597
0.4216421,15598
0.40912712,15599
0.42343035,15600
0.39008442,15601
0.40662047,15602
0.44128722,15603
0.45080963,15604
0.44795737,15605
0.45847595,15606
0.46201995,15607
0.43022126,15608
0.42237297,15609
0.4337696,15610
0.43333033,15611
0.43152204,15612
0.44541642,15613
0.45257822,15614
0.45284045,15615
0.47568387,15616
0.49636415,15617
0.47381735,15618
0.46314117,15619
0.44660076,15620
0.45217323,15621
0.43855616,15622
0.4409908,15623
0.4245971,15624
0.43007293,15625
0.42628413,15626
0.4273125,15627
0.48207948,15628
0.49335867,15629
0.48155993,15630
0.49827522,15631
0.48593524,15632
0.49602455,15633
0.4858114,15634
0.5115665,15635
0.50318885,15636
0.49487436,15637
0.5107632,15638
0.51497185,15639
0.51197195,15640
0.5128667,15641
0.5174772,15642
0.509649,15643
0.5490523,15644
0.5442987,15645
0.5392432,15646
0.562694,15647
0.5151019,15648
0.5269408,15649
0.5174558,15650
0.4746611,15651
0.50973195,15652
0.49918875,15653
0.5404581,15654
0.5385085,15655
0.5363495,15656
0.5106213,15657
0.48847303,15658
0.46491233,15659
0.4912963,15660
0.50986546,15661
0.513176,15662
0.54141307,15663
0.5561066,15664
0.54315126,15665
0.55187416,15666
0.5754377,15667
0.5833475,15668
0.58639455,15669
0.5924378,15670
0.5973494,15671
0.6014392,15672
0.61603105,15673
0.56444705,15674
0.53889394,15675
0.5346978,15676
0.55879563,15677
0.5511892,15678
0.5816667,15679
0.56519955,15680
0.56233174,15681
0.5778147,15682
0.5509932,15683
0.55179584,15684
0.5490923,15685
0.5530737,15686
0.5260479,15687
0.503399,15688
0.49894077,15689
0.4900038,15690
0.5081818,15691
0.5290507,15692
0.49787557,15693
0.49416795,15694
0.51627344,15695
0.5242104,15696
0.50150555,15697
0.5169985,15698
0.48955837,15699
0.47835815,15700
0.46977413,15701
0.4793544,15702
0.4442872,15703
0.43186688,15704
0.43236694,15705
0.42168853,15706
0.42729953,15707
0.43863055,15708
0.45163032,15709
0.4544744,15710
0.46390474,15711
0.48735252,15712
0.4726321,15713
0.4738584,15714
0.4578758,15715
0.44625044,15716
0.44800353,15717
0.44119948,15718
0.44167584,15719
0.45903912,15720
0.47481263,15721
0.46527216,15722
0.49229255,15723
0.4773538,15724
0.4952838,15725
0.56531143,15726
0.5555603,15727
0.57236224,15728
0.53579766,15729
0.5305133,15730
0.5248083,15731
0.49515703,15732
0.5261301,15733
0.53313595,15734
0.52579165,15735
0.5002283,15736
0.51817185,15737
0.5487541,15738
0.5355784,15739
0.5420364,15740
0.531672,15741
0.56072026,15742
0.57228446,15743
0.5423145,15744
0.61047125,15745
0.5979769,15746
0.58186084,15747
0.56247187,15748
0.5964538,15749
0.61472297,15750
0.6061734,15751
0.6440027,15752
0.6351595,15753
0.59949344,15754
0.6403115,15755
0.6413246,15756
0.62829894,15757
0.6174168,15758
0.5940934,15759
0.60260445,15760
0.599047,15761
0.6069986,15762
0.602024,15763
0.59753495,15764
0.52062947,15765
0.5034204,15766
0.5241705,15767
0.5260768,15768
0.5019747,15769
0.49178258,15770
0.49138442,15771
0.50679433,15772
0.4994995,15773
0.5246601,15774
0.503931,15775
0.49938598,15776
0.51220334,15777
0.48595577,15778
0.52932537,15779
0.5175301,15780
0.55524373,15781
0.5473397,15782
0.54233384,15783
0.53680897,15784
0.55261946,15785
0.5537659,15786
0.53969026,15787
0.5304837,15788
0.5404844,15789
0.5532789,15790
0.56054574,15791
0.5267678,15792
0.5335079,15793
0.52067345,15794
0.50164545,15795
0.48432505,15796
0.5035544,15797
0.5252974,15798
0.5203775,15799
0.54238284,15800
0.4975467,15801
0.45497054,15802
0.44705513,15803
0.4665598,15804
0.44181326,15805
0.44749725,15806
0.4461957,15807
0.46941167,15808
0.47533876,15809
0.4841448,15810
0.4504507,15811
0.47648132,15812
0.4708754,15813
0.49512616,15814
0.49528512,15815
0.5093448,15816
0.48875898,15817
0.49693167,15818
0.50150335,15819
0.50126606,15820
0.4917369,15821
0.4832755,15822
0.507143,15823
0.4965875,15824
0.51193345,15825
0.5243912,15826
0.56881803,15827
0.52628106,15828
0.5383176,15829
0.50576174,15830
0.50943613,15831
0.4701914,15832
0.474061,15833
0.4510129,15834
0.45956042,15835
0.45978367,15836
0.46590236,15837
0.4497,15838
0.4276403,15839
0.43056834,15840
0.41788396,15841
0.4553115,15842
0.4081083,15843
0.37292084,15844
0.36353585,15845
0.36808842,15846
0.35477751,15847
0.38398245,15848
0.3811918,15849
0.39636227,15850
0.3858747,15851
0.3822325,15852
0.4005351,15853
0.41654328,15854
0.4540128,15855
0.47464755,15856
0.48994613,15857
0.47794023,15858
0.4799734,15859
0.49907693,15860
0.50269914,15861
0.49353132,15862
0.49467683,15863
0.49933815,15864
0.51493007,15865
0.5318655,15866
0.53561395,15867
0.5159168,15868
0.47985074,15869
0.4822369,15870
0.49654624,15871
0.5095727,15872
0.51997304,15873
0.4860302,15874
0.44403252,15875
0.43705776,15876
0.4161445,15877
0.46893886,15878
0.47270307,15879
0.45700204,15880
0.4665229,15881
0.4570518,15882
0.45932385,15883
0.46534312,15884
0.45248386,15885
0.45869568,15886
0.49566996,15887
0.51613986,15888
0.54306275,15889
0.54273593,15890
0.55113167,15891
0.56988585,15892
0.5204837,15893
0.5775834,15894
0.5795183,15895
0.5949407,15896
0.6057816,15897
0.5833587,15898
0.57676333,15899
0.62361366,15900
0.6058124,15901
0.5803306,15902
0.5870502,15903
0.55247134,15904
0.5709317,15905
0.52858895,15906
0.51630574,15907
0.51381356,15908
0.51902634,15909
0.49252424,15910
0.5187784,15911
0.55582243,15912
0.5609146,15913
0.55906963,15914
0.5639865,15915
0.5603348,15916
0.56050617,15917
0.5409753,15918
0.5644251,15919
0.5774368,15920
0.5796304,15921
0.6229419,15922
0.6258264,15923
0.64391255,15924
0.64587605,15925
0.6496912,15926
0.5896307,15927
0.58880055,15928
0.55485314,15929
0.5520787,15930
0.51621073,15931
0.47501418,15932
0.5163181,15933
0.49445784,15934
0.4862133,15935
0.50953895,15936
0.51433593,15937
0.5140825,15938
0.5222563,15939
0.49851745,15940
0.5156137,15941
0.50311226,15942
0.5104153,15943
0.50855625,15944
0.52529734,15945
0.51329195,15946
0.52749366,15947
0.60136306,15948
0.60006773,15949
0.609112,15950
0.58480424,15951
0.58410084,15952
0.53327316,15953
0.5244789,15954
0.5027175,15955
0.49697292,15956
0.48962942,15957
0.48044047,15958
0.50757104,15959
0.5619509,15960
0.5395826,15961
0.54866344,15962
0.5241558,15963
0.52028924,15964
0.46678624,15965
0.4919316,15966
0.49458042,15967
0.4676315,15968
0.48226097,15969
0.47119424,15970
0.5093972,15971
0.5131268,15972
0.53523,15973
0.5286103,15974
0.5796654,15975
0.5544098,15976
0.57737696,15977
0.6018395,15978
0.59229743,15979
0.5307583,15980
0.52265126,15981
0.53013563,15982
0.5510498,15983
0.58755416,15984
0.5876375,15985
0.5795169,15986
0.5804829,15987
0.5586041,15988
0.63367283,15989
0.60892445,15990
0.58978707,15991
0.60740155,15992
0.6038146,15993
0.6066692,15994
0.5861541,15995
0.5944484,15996
0.5688174,15997
0.5531645,15998
0.5324625,15999
0.5250061,16000
0.53258866,16001
0.5344431,16002
0.49685425,16003
0.48528692,16004
0.47666875,16005
0.45887068,16006
0.4433299,16007
0.4818976,16008
0.40675384,16009
0.41880196,16010
0.45034942,16011
0.4494656,16012
0.44315037,16013
0.45108214,16014
0.4525531,16015
0.4426645,16016
0.49470145,16017
0.48613173,16018
0.48978978,16019
0.48474,16020
0.5215299,16021
0.52299917,16022
0.52144724,16023
0.51913166,16024
0.50376123,16025
0.4918228,16026
0.53386146,16027
0.586489,16028
0.5787479,16029
0.56076884,16030
0.56681216,16031
0.5615493,16032
0.563528,16033
0.6096804,16034
0.6310247,16035
0.6413371,16036
0.6275493,16037
0.62453604,16038
0.6590679,16039
0.6550576,16040
0.64182484,16041
0.60661745,16042
0.6259655,16043
0.6480634,16044
0.649371,16045
0.633436,16046
0.6151515,16047
0.55724454,16048
0.5563925,16049
0.52821815,16050
0.51994807,16051
0.48242444,16052
0.50198245,16053
0.44415095,16054
0.44211373,16055
0.44445217,16056
0.4372376,16057
0.4128548,16058
0.4387213,16059
0.4342949,16060
0.4259634,16061
0.42787465,16062
0.40482584,16063
0.39681658,16064
0.40277502,16065
0.44748652,16066
0.45767644,16067
0.43151096,16068
0.44445425,16069
0.46191773,16070
0.53748953,16071
0.5643751,16072
0.5498119,16073
0.55668384,16074
0.5815057,16075
0.55670273,16076
0.5740824,16077
0.616787,16078
0.58404386,16079
0.60722464,16080
0.59546745,16081
0.6311028,16082
0.63794535,16083
0.65050423,16084
0.6465189,16085
0.64143205,16086
0.653318,16087
0.6628531,16088
0.65374345,16089
0.63331246,16090
0.55744046,16091
0.544019,16092
0.59809184,16093
0.5807437,16094
0.5841974,16095
0.5858064,16096
0.57893777,16097
0.5973986,16098
0.5372662,16099
0.56690794,16100
0.5674759,16101
0.54842573,16102
0.51469105,16103
0.5281787,16104
0.5078015,16105
0.49759364,16106
0.48711875,16107
0.5097999,16108
0.5265791,16109
0.5318979,16110
0.5243148,16111
0.55151385,16112
0.5477246,16113
0.51837915,16114
0.5238138,16115
0.5370854,16116
0.5062328,16117
0.50092685,16118
0.51258075,16119
0.4558501,16120
0.47397837,16121
0.47485983,16122
0.46966404,16123
0.48524937,16124
0.49167982,16125
0.5193451,16126
0.54256374,16127
0.49368006,16128
0.4700435,16129
0.5309701,16130
0.5224589,16131
0.4648154,16132
0.4551499,16133
0.45102125,16134
0.45981503,16135
0.45815727,16136
0.4359658,16137
0.47301748,16138
0.4781937,16139
0.47876507,16140
0.46120894,16141
0.4669881,16142
0.4862962,16143
0.4608926,16144
0.4225286,16145
0.45013183,16146
0.46291578,16147
0.46026856,16148
0.4626443,16149
0.41488147,16150
0.40988675,16151
0.4164024,16152
0.44778883,16153
0.45335868,16154
0.47445226,16155
0.48051837,16156
0.501618,16157
0.48128414,16158
0.47218812,16159
0.48150444,16160
0.47811842,16161
0.4661561,16162
0.434215,16163
0.4268079,16164
0.449001,16165
0.41824934,16166
0.4043075,16167
0.3743404,16168
0.3857013,16169
0.38013676,16170
0.40339893,16171
0.40766165,16172
0.388193,16173
0.38438153,16174
0.36235237,16175
0.3641488,16176
0.37748772,16177
0.3684784,16178
0.34525648,16179
0.33300468,16180
0.33270904,16181
0.3536094,16182
0.36030212,16183
0.37901157,16184
0.36700743,16185
0.38069683,16186
0.3723329,16187
0.38784623,16188
0.38856035,16189
0.38415158,16190
0.37683663,16191
0.38951877,16192
0.39551777,16193
0.39699706,16194
0.4095115,16195
0.42398044,16196
0.38963664,16197
0.4037828,16198
0.41559574,16199
0.4358528,16200
0.45749286,16201
0.4832885,16202
0.48922125,16203
0.4727144,16204
0.48895705,16205
0.47712067,16206
0.48596942,16207
0.47909188,16208
0.48663396,16209
0.49208012,16210
0.49141422,16211
0.4724221,16212
0.49049178,16213
0.48802167,16214
0.48833463,16215
0.48338082,16216
0.49349448,16217
0.5040449,16218
0.49173933,16219
0.46065116,16220
0.45786512,16221
0.45995197,16222
0.48038673,16223
0.4845358,16224
0.49504483,16225
0.4921355,16226
0.5260224,16227
0.5440813,16228
0.55280346,16229
0.55944985,16230
0.60420316,16231
0.6295443,16232
0.62528723,16233
0.63827664,16234
0.64461285,16235
0.65976703,16236
0.62390965,16237
0.63074017,16238
0.6631248,16239
0.6456476,16240
0.6515741,16241
0.6449325,16242
0.6144973,16243
0.61101,16244
0.62053746,16245
0.62262136,16246
0.5779744,16247
0.5631204,16248
0.52112865,16249
0.544743,16250
0.5603033,16251
0.50095814,16252
0.49978098,16253
0.49752885,16254
0.49960545,16255
0.4899425,16256
0.48230967,16257
0.48018354,16258
0.4712189,16259
0.48984763,16260
0.5278556,16261
0.5265222,16262
0.5316113,16263
0.5582001,16264
0.5390395,16265
0.53850716,16266
0.5289035,16267
0.5191562,16268
0.5139788,16269
0.5022482,16270
0.48394957,16271
0.4979799,16272
0.51847374,16273
0.48790485,16274
0.4885127,16275
0.47951233,16276
0.49745604,16277
0.49904794,16278
0.5126351,16279
0.4957675,16280
0.4764996,16281
0.49932814,16282
0.5048155,16283
0.4667817,16284
0.47072092,16285
0.4905392,16286
0.48758173,16287
0.51334375,16288
0.5150572,16289
0.5244552,16290
0.5479063,16291
0.58954144,16292
0.5507772,16293
0.5250212,16294
0.53413874,16295
0.5422291,16296
0.54030526,16297
0.53571,16298
0.49469316,16299
0.5259262,16300
0.49284893,16301
0.45626125,16302
0.47359633,16303
0.47490993,16304
0.48083183,16305
0.47548208,16306
0.47132215,16307
0.4489524,16308
0.4403663,16309
0.46331516,16310
0.45946437,16311
0.43103892,16312
0.4312889,16313
0.45116943,16314
0.4605991,16315
0.4406342,16316
0.43247664,16317
0.43911517,16318
0.44189385,16319
0.42809558,16320
0.4346521,16321
0.4281131,16322
0.42357203,16323
0.42363158,16324
0.44995072,16325
0.43149838,16326
0.44221047,16327
0.45082745,16328
0.48282227,16329
0.45755592,16330
0.4601621,16331
0.46362528,16332
0.4758612,16333
0.4687875,16334
0.47567147,16335
0.47102815,16336
0.48735732,16337
0.4911854,16338
0.5109526,16339
0.52695036,16340
0.5100194,16341
0.53763765,16342
0.54738647,16343
0.56701165,16344
0.5928774,16345
0.58637375,16346
0.58228683,16347
0.5877318,16348
0.5599815,16349
0.59267527,16350
0.5626741,16351
0.56015164,16352
0.5595973,16353
0.52453053,16354
0.5357469,16355
0.5237892,16356
0.50137645,16357
0.495705,16358
0.7275664,16359
0.7424429,16360
0.7598172,16361
0.72984177,16362
0.72746426,16363
0.71979934,16364
0.66309536,16365
0.7013199,16366
0.69635993,16367
0.70948607,16368
0.73913324,16369
0.7032747,16370
0.69853914,16371
0.7198325,16372
0.7007842,16373
0.74335766,16374
0.742691,16375
0.77781475,16376
0.7965536,16377
0.788983,16378
0.5435485,16379
0.5351675,16380
0.5037487,16381
0.51468706,16382
0.48887303,16383
0.497171,16384
0.49614567,16385
0.4860242,16386
0.47955227,16387
0.49529538,16388
0.49148586,16389
0.4876171,16390
0.49934968,16391
0.48298392,16392
0.50596255,16393
0.4996175,16394
0.4724368,16395
0.48934397,16396
0.49909392,16397
0.51698625,16398
0.48959014,16399
0.48039144,16400
0.50718164,16401
0.5085115,16402
0.55179,16403
0.5193288,16404
0.52957827,16405
0.57811666,16406
0.57020175,16407
0.5464863,16408
0.55637383,16409
0.56090486,16410
0.53729117,16411
0.52373844,16412
0.5150757,16413
0.5107668,16414
0.52549195,16415
0.49025932,16416
0.4801787,16417
0.49654585,16418
0.5308024,16419
0.54463494,16420
1.0340854,16421
1.0308474,16422
1.0013888,16423
1.0360647,16424
1.0430869,16425
1.0530313,16426
1.0956644,16427
1.0798324,16428
1.0530146,16429
1.0824639,16430
1.0566888,16431
1.0945936,16432
1.1091665,16433
1.1459178,16434
1.1396235,16435
1.1866624,16436
1.1758698,16437
1.1732881,16438
1.1408751,16439
1.2033895,16440
0.6910165,16441
0.6807487,16442
0.6837065,16443
0.68240005,16444
0.6563149,16445
0.62333953,16446
0.6025811,16447
0.6313214,16448
0.65203613,16449
0.6581462,16450
0.66254354,16451
0.64111155,16452
0.64269954,16453
0.584716,16454
0.56823933,16455
0.52396333,16456
0.5533814,16457
0.54827833,16458
0.5911452,16459
0.5329513,16460
0.533191,16461
0.51741844,16462
0.5280031,16463
0.53256625,16464
0.56441754,16465
0.5305752,16466
0.52622116,16467
0.5318934,16468
0.52494985,16469
0.5683748,16470
0.5256042,16471
0.5221384,16472
0.6052455,16473
0.61390436,16474
0.5872886,16475
0.6199022,16476
0.5741671,16477
0.59246284,16478
0.58222854,16479
0.5798834,16480
0.58198655,16481
0.5877608,16482
0.5707418,16483
0.5915153,16484
0.589506,16485
0.6182699,16486
0.6077073,16487
0.60352767,16488
0.580223,16489
0.55610484,16490
0.5769651,16491
0.59554136,16492
0.5060637,16493
0.49006435,16494
0.5011757,16495
0.4802183,16496
0.475872,16497
0.5173008,16498
0.51546633,16499
0.5750196,16500
0.577581,16501
0.57612324,16502
0.5914787,16503
0.5746613,16504
0.541011,16505
0.5495656,16506
0.56297004,16507
0.54846513,16508
0.5521233,16509
0.5788793,16510
0.5440571,16511
0.5505559,16512
0.5541824,16513
0.5610638,16514
0.55284405,16515
0.57931995,16516
0.59562933,16517
0.5538287,16518
0.576062,16519
0.5374122,16520
0.53227437,16521
0.53422546,16522
0.5452288,16523
0.5348298,16524
0.6230132,16525
0.6102476,16526
0.6015874,16527
0.6026721,16528
0.60815716,16529
0.6177039,16530
0.6263831,16531
0.63297033,16532
0.64292794,16533
0.63734,16534
0.62005705,16535
0.59744513,16536
0.61686796,16537
0.6316,16538
0.599496,16539
0.61704344,16540
0.5804212,16541
0.57978064,16542
0.5645298,16543
0.5884981,16544
0.5038585,16545
0.49476117,16546
0.4930103,16547
0.48957703,16548
0.53241444,16549
0.5026672,16550
0.49960995,16551
0.52407336,16552
0.49004316,16553
0.49735987,16554
0.49998307,16555
0.5034802,16556
0.51848185,16557
0.5109833,16558
0.49773702,16559
0.492152,16560
0.49274218,16561
0.50115716,16562
0.4908568,16563
0.4993388,16564
0.52626306,16565
0.5348347,16566
0.5253563,16567
0.5423262,16568
0.51613665,16569
0.5521128,16570
0.5508551,16571
0.54629624,16572
0.56780773,16573
0.5518305,16574
0.58340245,16575
0.54966176,16576
0.52259225,16577
0.53798574,16578
0.5549926,16579
0.52020013,16580
0.52974486,16581
0.5228362,16582
0.52775306,16583
0.5132406,16584
0.48706537,16585
0.4767898,16586
0.5037831,16587
0.49618924,16588
0.4900027,16589
0.49177107,16590
0.48599488,16591
0.48678938,16592
0.449518,16593
0.44221696,16594
0.45165792,16595
0.4681114,16596
0.45362037,16597
0.43297765,16598
0.445155,16599
0.46366826,16600
0.49017814,16601
0.47837424,16602
0.45920974,16603
0.45974922,16604
0.46041277,16605
0.47140783,16606
0.43475503,16607
0.43630907,16608
0.43321803,16609
0.4544387,16610
0.45967346,16611
0.46103254,16612
0.46666056,16613
0.4602366,16614
0.4573005,16615
0.45300746,16616
0.4492433,16617
0.48857805,16618
0.4618143,16619
0.532152,16620
0.5478922,16621
0.57413185,16622
0.56672436,16623
0.58092934,16624
0.56412464,16625
0.5738917,16626
0.59226954,16627
0.57703865,16628
0.61331284,16629
0.6236873,16630
0.6434799,16631
0.63172257,16632
0.6414491,16633
0.6478939,16634
0.6288678,16635
0.6237299,16636
0.6699609,16637
0.6521047,16638
0.67610806,16639
0.6182081,16640
0.6041838,16641
0.5927514,16642
0.58307403,16643
0.59289837,16644
0.5893046,16645
0.62670135,16646
0.6368982,16647
0.65003943,16648
0.6154344,16649
0.6131757,16650
0.6096402,16651
0.61082363,16652
0.595491,16653
0.5648584,16654
0.551467,16655
0.5609346,16656
0.5171013,16657
0.5123452,16658
0.48498178,16659
0.5183223,16660
0.49131316,16661
0.49456963,16662
0.4874018,16663
0.49498966,16664
0.49674726,16665
0.48931533,16666
0.5041216,16667
0.50841576,16668
0.507935,16669
0.4988439,16670
0.49819258,16671
0.48437852,16672
0.52866864,16673
0.5530054,16674
0.56448483,16675
0.56174767,16676
0.574423,16677
0.5746878,16678
0.56884545,16679
0.50335115,16680
0.5056612,16681
0.50765187,16682
0.51058537,16683
0.5378166,16684
0.55753094,16685
0.5444823,16686
1.6257708,16687
1.6034063,16688
1.6214038,16689
1.6621553,16690
1.6417164,16691
1.6507105,16692
1.6193286,16693
1.6115245,16694
1.6184723,16695
1.6481439,16696
1.6345414,16697
1.6355339,16698
1.6461684,16699
1.6583151,16700
1.6546029,16701
1.6496526,16702
1.6278058,16703
1.6070266,16704
1.6377082,16705
1.6502053,16706
0.52830106,16707
0.55809903,16708
0.54403025,16709
0.51570094,16710
0.5057527,16711
0.4988933,16712
0.48731834,16713
0.4774027,16714
0.45967138,16715
0.43713123,16716
0.4384926,16717
0.4596326,16718
0.44427064,16719
0.4906805,16720
0.49829194,16721
0.4902969,16722
0.4798209,16723
0.4901206,16724
0.47933313,16725
0.46346143,16726
0.46679312,16727
0.46196863,16728
0.49478114,16729
0.5017791,16730
0.5064545,16731
0.5191586,16732
0.51946986,16733
0.5055191,16734
0.49869332,16735
0.515104,16736
0.5242427,16737
0.505651,16738
0.540125,16739
0.5193957,16740
0.51382583,16741
0.5384198,16742
0.56247336,16743
0.54018724,16744
0.5328277,16745
0.58271736,16746
0.56411535,16747
0.5511126,16748
0.54905385,16749
0.550444,16750
0.5445059,16751
0.5388014,16752
0.535988,16753
0.53551155,16754
0.5523509,16755
0.55427414,16756
0.54040915,16757
0.5377265,16758
0.5272479,16759
0.5248719,16760
0.52001107,16761
0.5065837,16762
0.5060294,16763
0.50136334,16764
0.5020402,16765
0.45478076,16766
0.47312456,16767
0.46798402,16768
0.44357783,16769
0.45707935,16770
0.46661243,16771
0.50187206,16772
0.48790553,16773
0.5228871,16774
0.5059314,16775
0.51235837,16776
0.5071237,16777
0.5911126,16778
0.57272464,16779
0.5968669,16780
0.5662398,16781
0.56679136,16782
0.5471405,16783
0.5213903,16784
0.56189233,16785
0.5764816,16786
0.5610078,16787
0.5547327,16788
0.55277115,16789
0.5551244,16790
0.5534065,16791
0.5442647,16792
0.5502789,16793
0.5298892,16794
0.52343726,16795
0.50542474,16796
0.5021659,16797
0.4445037,16798
0.44130987,16799
0.42424822,16800
0.41963196,16801
0.44542712,16802
0.47302398,16803
0.48310947,16804
0.46405056,16805
0.4381302,16806
0.43294373,16807
0.4671012,16808
0.4649511,16809
0.45174906,16810
0.4418575,16811
0.43952516,16812
0.42400065,16813
0.43327907,16814
0.4185191,16815
0.42665803,16816
0.43341216,16817
0.43410635,16818
0.41583923,16819
0.42902663,16820
0.40843585,16821
0.39022967,16822
0.3944472,16823
0.40377602,16824
0.39098412,16825
0.39790213,16826
0.38800198,16827
0.37662673,16828
0.36884478,16829
0.36441863,16830
0.3933085,16831
0.36794075,16832
0.406538,16833
0.4055349,16834
0.4477585,16835
0.4735076,16836
0.46947387,16837
0.44896895,16838
0.45023167,16839
0.4965076,16840
0.51013744,16841
0.52517706,16842
0.493734,16843
0.50374496,16844
0.5060018,16845
0.51222396,16846
0.5665111,16847
0.5573108,16848
0.5709761,16849
0.58599293,16850
0.5481782,16851
0.5508979,16852
0.53641635,16853
0.54327637,16854
0.49024886,16855
0.47569945,16856
0.4724258,16857
0.46635407,16858
0.46495953,16859
0.4258519,16860
0.42939672,16861
0.4260647,16862
0.4184544,16863
0.43340337,16864
0.4336595,16865
0.40793648,16866
0.35038728,16867
0.3634687,16868
0.35494316,16869
0.3516855,16870
0.3444288,16871
0.35198978,16872
0.3333592,16873
0.33072284,16874
0.3299562,16875
0.3293127,16876
0.36942586,16877
0.37723058,16878
0.35596552,16879
0.34396073,16880
0.3390468,16881
0.38748989,16882
0.3882824,16883
0.40644264,16884
0.3998187,16885
0.4256052,16886
0.4873772,16887
0.47966406,16888
0.48205313,16889
0.5450439,16890
0.56831646,16891
0.604852,16892
0.61239743,16893
0.5978912,16894
0.5724109,16895
0.5771537,16896
0.58235717,16897
0.5676134,16898
0.567616,16899
0.5636083,16900
0.56467444,16901
0.527964,16902
0.53211755,16903
0.52492046,16904
0.50711983,16905
0.49716628,16906
0.46820295,16907
0.47587273,16908
0.48980063,16909
0.42726448,16910
0.45688477,16911
0.44097814,16912
0.71026844,16913
0.72460586,16914
0.73127794,16915
0.71932364,16916
0.7024727,16917
0.7240619,16918
0.7407982,16919
0.7803792,16920
0.7730319,16921
0.76206136,16922
0.796261,16923
0.80750567,16924
0.82784766,16925
0.84045017,16926
0.8394956,16927
0.8188072,16928
0.79367936,16929
0.8085424,16930
0.809654,16931
0.8243045,16932
0.6293066,16933
0.6001208,16934
0.572385,16935
0.57022506,16936
0.57994336,16937
0.5799509,16938
0.5570159,16939
0.51850164,16940
0.5293267,16941
0.5628491,16942
0.5245481,16943
0.49881196,16944
0.49611685,16945
0.50284296,16946
0.4690583,16947
0.49919587,16948
0.4995281,16949
0.47030002,16950
0.50893867,16951
0.5118414,16952
0.47678998,16953
0.52977276,16954
0.52854633,16955
0.55356586,16956
0.546697,16957
0.5466808,16958
0.5590032,16959
0.5473226,16960
0.52891684,16961
0.5001932,16962
0.47718313,16963
0.4804472,16964
0.4717915,16965
0.46944937,16966
0.49981725,16967
0.47989586,16968
0.5169646,16969
0.5265529,16970
0.4498374,16971
0.46118072,16972
0.46953878,16973
0.45600098,16974
0.45554662,16975
0.4605144,16976
0.4550653,16977
0.4439072,16978
0.42833364,16979
0.4188201,16980
0.43008867,16981
0.4511166,16982
0.46374476,16983
0.46477708,16984
0.48823056,16985
0.4968841,16986
0.47494063,16987
0.4613157,16988
0.42799047,16989
0.45300177,16990
0.4305777,16991
0.4532089,16992
0.4593039,16993
0.43499345,16994
0.44840044,16995
0.40500993,16996
0.40237635,16997
0.4357447,16998
0.43492803,16999
0.44202867,17000
0.4481467,17001
0.4372228,17002
0.43902898,17003
0.47195238,17004
0.46096924,17005
0.47788665,17006
0.48391366,17007
0.5020374,17008
0.50439626,17009
0.4936628,17010
0.509742,17011
0.48857325,17012
0.5202587,17013
0.530845,17014
0.5330909,17015
0.54562664,17016
0.55349034,17017
0.5158095,17018
0.5452492,17019
0.5666042,17020
0.6019778,17021
0.6431378,17022
0.61681736,17023
0.59019107,17024
0.56003684,17025
0.529227,17026
0.5270256,17027
0.50941294,17028
0.5063327,17029
0.52197194,17030
0.5187155,17031
0.53047264,17032
0.5386775,17033
0.55313754,17034
0.52953297,17035
0.55042225,17036
0.5291382,17037
0.5594081,17038
0.5382297,17039
0.50108916,17040
0.4815525,17041
0.46425948,17042
0.47291434,17043
0.4765041,17044
0.49198732,17045
0.50628996,17046
0.5018958,17047
0.48378792,17048
0.47289637,17049
0.5028152,17050
0.4825319,17051
0.48487157,17052
0.45553258,17053
0.46334678,17054
0.47241223,17055
0.4687193,17056
0.48388052,17057
0.5313773,17058
0.554089,17059
0.5680627,17060
0.574248,17061
0.5808745,17062
0.55148536,17063
0.54049945,17064
0.5461081,17065
0.55840534,17066
0.5897841,17067
0.6343842,17068
0.6388536,17069
0.66174364,17070
0.6375047,17071
0.628575,17072
0.6263821,17073
0.5914028,17074
0.5887338,17075
0.6086139,17076
0.5991755,17077
0.5819747,17078
0.5695749,17079
0.5643261,17080
0.58133656,17081
0.58518696,17082
0.63820434,17083
0.6489266,17084
0.6721963,17085
0.6507051,17086
0.62750447,17087
0.6052752,17088
0.61973625,17089
0.6038395,17090
0.6519354,17091
0.674207,17092
0.6428001,17093
0.65575176,17094
0.6843274,17095
0.6279651,17096
0.6275894,17097
0.60873294,17098
0.6493338,17099
0.6396732,17100
0.6785349,17101
0.6910972,17102
0.6250527,17103
0.6278585,17104
0.6368293,17105
0.6562671,17106
0.670026,17107
0.62940156,17108
0.60124177,17109
0.6149562,17110
0.60667104,17111
0.61380833,17112
0.6089951,17113
0.5841546,17114
0.5377178,17115
0.53044623,17116
0.5365113,17117
0.52327406,17118
0.5394137,17119
0.5474782,17120
0.50374496,17121
0.47867754,17122
0.48359805,17123
0.48977634,17124
0.46712533,17125
0.47326803,17126
0.47565407,17127
0.4665512,17128
0.46093932,17129
0.43620703,17130
0.43175536,17131
0.43028826,17132
0.47823644,17133
0.51731795,17134
0.5245719,17135
0.5401654,17136
0.5162417,17137
0.51920503,17138
0.50485134,17139
0.46041086,17140
0.4655339,17141
0.47992224,17142
0.47869375,17143
0.5047615,17144
0.5095592,17145
0.544409,17146
0.5491998,17147
0.5578329,17148
0.57695365,17149
0.55799955,17150
0.5592714,17151
0.56062716,17152
0.5510493,17153
0.5166846,17154
0.49174905,17155
0.49709794,17156
0.5468164,17157
0.56813735,17158
0.57554275,17159
0.62385935,17160
0.6115277,17161
0.5874956,17162
0.5826357,17163
0.58220327,17164
0.59814185,17165
0.5713231,17166
0.54437584,17167
0.58887994,17168
0.55956984,17169
0.57014436,17170
0.56818044,17171
0.5700375,17172
0.5595926,17173
0.60120934,17174
0.6071483,17175
0.59720874,17176
0.53355104,17177
0.5401197,17178
0.52204484,17179
0.5314926,17180
0.5583673,17181
0.5639997,17182
0.5496704,17183
0.6031102,17184
0.5939512,17185
0.5930995,17186
0.6151749,17187
0.56032324,17188
0.60142857,17189
0.57484996,17190
0.56385016,17191
0.562419,17192
0.56995565,17193
0.54726076,17194
0.5578671,17195
0.5719787,17196
0.70772415,17197
0.6945504,17198
0.6922258,17199
0.6904118,17200
0.6894784,17201
0.68956536,17202
0.69273305,17203
0.6418998,17204
0.6559831,17205
0.6473752,17206
0.6250288,17207
0.6211159,17208
0.6203602,17209
0.6246193,17210
0.62457854,17211
0.6208293,17212
0.6473931,17213
0.685132,17214
0.69593346,17215
0.64782965,17216
0.52957076,17217
0.5143476,17218
0.50329626,17219
0.4751812,17220
0.4409065,17221
0.4516092,17222
0.46467713,17223
0.44540387,17224
0.43459737,17225
0.4283701,17226
0.42368326,17227
0.4342014,17228
0.42553747,17229
0.4293226,17230
0.4255813,17231
0.49618348,17232
0.4773616,17233
0.43473494,17234
0.4215916,17235
0.4262782,17236
0.45668527,17237
0.48217416,17238
0.46489695,17239
0.4704602,17240
0.48334995,17241
0.49782035,17242
0.52927154,17243
0.5316499,17244
0.53199947,17245
0.52700925,17246
0.5282544,17247
0.5120667,17248
0.5700702,17249
0.59412724,17250
0.5960639,17251
0.54600567,17252
0.557135,17253
0.5504878,17254
0.59468454,17255
0.59351057,17256
0.5732528,17257
0.5540006,17258
0.58034205,17259
0.5909866,17260
0.5638841,17261
0.5448313,17262
0.5656351,17263
0.56857747,17264
0.5743792,17265
0.57649535,17266
0.5717286,17267
0.5672527,17268
0.5037811,17269
0.50162387,17270
0.51152956,17271
0.48453504,17272
0.48471427,17273
0.48866084,17274
0.44554523,17275
0.43976602,17276
0.4635592,17277
0.4555296,17278
0.4350759,17279
0.44692862,17280
0.46102038,17281
0.43980426,17282
0.4353846,17283
0.43265027,17284
0.43810236,17285
0.4310791,17286
0.44588435,17287
0.44799337,17288
0.4507435,17289
0.41538566,17290
0.42286864,17291
0.4284395,17292
0.45058534,17293
0.46610108,17294
0.5114289,17295
0.50382525,17296
0.45595053,17297
0.48802835,17298
0.49072737,17299
0.492873,17300
0.49663216,17301
0.50295657,17302
0.4843886,17303
0.48704886,17304
0.4850755,17305
0.53687024,17306
0.50548106,17307
0.47738302,17308
0.47146642,17309
0.4578299,17310
0.45572048,17311
0.44498652,17312
0.4319648,17313
0.43901935,17314
0.4409257,17315
0.46437997,17316
0.49693468,17317
0.48142686,17318
0.46956342,17319
0.4564483,17320
0.46783927,17321
0.4646317,17322
0.49735758,17323
0.49744055,17324
0.5004231,17325
0.46438804,17326
0.46247873,17327
0.4641552,17328
0.45873743,17329
0.47315273,17330
0.4808837,17331
0.50706017,17332
0.5344541,17333
0.5604995,17334
0.570155,17335
0.57917655,17336
0.5784628,17337
0.55464983,17338
0.5210387,17339
0.51021665,17340
0.5433663,17341
0.5700098,17342
0.5734507,17343
0.58343905,17344
0.58879894,17345
0.5548569,17346
0.5666497,17347
0.58214295,17348
0.5976962,17349
0.56166124,17350
0.57109267,17351
0.5681261,17352
0.5078458,17353
0.48027074,17354
0.46310338,17355
0.4793169,17356
0.46965948,17357
0.46548045,17358
0.50062275,17359
0.53295827,17360
0.5313736,17361
0.52275205,17362
0.5110658,17363
0.5093836,17364
0.5347844,17365
0.53285444,17366
0.5302549,17367
0.5245946,17368
0.5170819,17369
0.5372727,17370
0.55566543,17371
0.55955017,17372
0.56314975,17373
0.5651857,17374
0.5619972,17375
0.59553283,17376
0.59672093,17377
0.63518965,17378
0.6091974,17379
0.5758718,17380
0.5479362,17381
0.5298065,17382
0.53256136,17383
0.5381062,17384
0.5135852,17385
0.49612418,17386
0.51195896,17387
0.50205785,17388
0.4951817,17389
0.470476,17390
0.45891955,17391
0.44928902,17392
0.45040378,17393
0.45044926,17394
0.4563045,17395
0.44695854,17396
0.45426336,17397
0.43185315,17398
0.41986075,17399
0.45056906,17400
0.44374934,17401
0.46124128,17402
0.51770663,17403
0.50517404,17404
0.51316375,17405
0.5202196,17406
0.5207701,17407
0.50397027,17408
0.5272669,17409
0.5542327,17410
0.5616099,17411
0.5585309,17412
0.5726925,17413
0.57808805,17414
0.5630182,17415
0.5969069,17416
0.56861156,17417
0.5783951,17418
0.57067925,17419
0.5652207,17420
0.5758705,17421
0.5517434,17422
0.53126615,17423
0.53563946,17424
0.5189194,17425
0.5206026,17426
0.4958533,17427
0.48402375,17428
0.47194445,17429
0.4775689,17430
0.46558034,17431
0.47848037,17432
0.4927725,17433
0.51310724,17434
0.52117366,17435
0.47639796,17436
0.49362192,17437
0.4973254,17438
0.51616627,17439
0.4855537,17440
0.47440064,17441
0.47285223,17442
0.4940703,17443
0.49372646,17444
0.5005039,17445
0.5136535,17446
0.5434305,17447
0.5433257,17448
0.54386824,17449
0.52841747,17450
0.52562916,17451
0.5276729,17452
0.48786882,17453
0.49024022,17454
0.47833994,17455
0.5023263,17456
0.48146895,17457
0.4725585,17458
0.48924917,17459
0.47180635,17460
0.4777835,17461
0.5013117,17462
0.50041914,17463
0.49811026,17464
0.48226938,17465
0.5048546,17466
0.5342171,17467
0.53176916,17468
0.5160166,17469
0.5157371,17470
0.5228469,17471
0.5109655,17472
0.5431776,17473
0.5291033,17474
0.5622332,17475
0.5562995,17476
0.57133096,17477
0.57687676,17478
0.5654846,17479
0.57660055,17480
0.55103767,17481
0.6074183,17482
0.5991035,17483
0.6079054,17484
0.6018449,17485
0.61591595,17486
0.64985555,17487
0.6621807,17488
0.663749,17489
0.65927166,17490
0.6385245,17491
0.67899764,17492
0.70578414,17493
0.6713159,17494
0.6566367,17495
0.6523906,17496
0.65434194,17497
0.6586362,17498
0.6841859,17499
0.6998505,17500
0.6897006,17501
0.5985916,17502
0.6010166,17503
0.6017782,17504
0.59443253,17505
0.59401983,17506
0.51618314,17507
0.51709306,17508
0.51607037,17509
0.4948054,17510
0.4879704,17511
0.49038205,17512
0.41126564,17513
0.42561093,17514
0.43170965,17515
0.45212743,17516
0.44250283,17517
0.42426515,17518
0.3978737,17519
0.4554736,17520
0.42371917,17521
0.43099564,17522
0.4720764,17523
0.480776,17524
0.48825112,17525
0.52430636,17526
0.51750094,17527
0.5487213,17528
0.5504674,17529
0.5552682,17530
0.5991816,17531
0.6049281,17532
0.5906389,17533
0.58669823,17534
0.5766228,17535
0.6161562,17536
0.63343704,17537
0.6525597,17538
0.6903713,17539
0.651924,17540
0.6387351,17541
0.6362518,17542
0.63510793,17543
0.63725805,17544
0.6368948,17545
0.6002246,17546
0.5834034,17547
0.5592919,17548
0.5728815,17549
0.548363,17550
0.5249445,17551
0.51477706,17552
0.5454111,17553
0.53482133,17554
0.5213451,17555
0.4928036,17556
0.4657622,17557
0.47224998,17558
0.50373995,17559
0.4930549,17560
0.49743435,17561
0.48304212,17562
0.46374473,17563
0.47589988,17564
0.486732,17565
0.49726877,17566
0.49653712,17567
0.52099764,17568
0.51539963,17569
0.534896,17570
0.52695316,17571
0.5811846,17572
0.5724534,17573
0.5804762,17574
0.60699743,17575
0.6118092,17576
0.58307624,17577
0.5954098,17578
0.5571171,17579
0.55166453,17580
0.56325763,17581
0.55986047,17582
0.57770985,17583
0.5796678,17584
0.57858574,17585
0.5634625,17586
0.56736976,17587
0.56685597,17588
0.61300814,17589
0.5816323,17590
0.5882251,17591
0.6163161,17592
0.5660167,17593
0.6118481,17594
0.5812626,17595
0.5745942,17596
0.58101493,17597
0.5973818,17598
0.61024797,17599
0.6182047,17600
0.614508,17601
0.62648094,17602
0.61510706,17603
0.60580176,17604
0.6001416,17605
0.6114263,17606
0.6243511,17607
0.6456972,17608
0.6324877,17609
0.639688,17610
0.65411305,17611
0.5985415,17612
0.595375,17613
0.57102793,17614
0.5814135,17615
0.5647188,17616
0.6081473,17617
0.57111555,17618
0.6032167,17619
0.57499754,17620
0.5401084,17621
0.5553384,17622
0.5592633,17623
0.5841582,17624
0.5824924,17625
0.56100976,17626
0.5582613,17627
0.53819394,17628
0.5122821,17629
0.50696194,17630
0.5097331,17631
0.48885837,17632
0.4993532,17633
0.50167567,17634
0.4746671,17635
0.5051794,17636
0.51966393,17637
0.5200696,17638
0.5136322,17639
0.5065819,17640
0.54284334,17641
0.5258899,17642
0.5235361,17643
0.48965222,17644
0.50858676,17645
0.51339763,17646
0.53135866,17647
0.53138804,17648
0.5511639,17649
0.57111555,17650
0.58319986,17651
0.5886827,17652
0.58641803,17653
0.5840384,17654
0.59505737,17655
0.5601376,17656
0.49070853,17657
0.48479134,17658
0.52254665,17659
0.51760775,17660
0.498174,17661
0.5335578,17662
0.5496095,17663
0.5349544,17664
0.50107217,17665
0.52472717,17666
0.5305901,17667
0.5499911,17668
0.5128649,17669
0.51606476,17670
0.5458542,17671
0.5248962,17672
0.5374763,17673
0.54128385,17674
0.5482752,17675
0.5287554,17676
0.53137016,17677
0.5757769,17678
0.5506385,17679
0.5737991,17680
0.61949694,17681
0.5944864,17682
0.5476171,17683
0.5562164,17684
0.5843384,17685
0.55454785,17686
0.5351977,17687
0.5271225,17688
0.51849943,17689
0.5169772,17690
0.47373074,17691
0.4741502,17692
0.5389176,17693
0.5423541,17694
0.51302767,17695
0.5599746,17696
0.5443726,17697
0.5208928,17698
0.5429345,17699
0.5358537,17700
0.51712996,17701
0.5246359,17702
0.5333386,17703
0.5275095,17704
0.5310788,17705
0.5785869,17706
0.59834135,17707
0.59835756,17708
0.6502266,17709
0.6410928,17710
0.6492435,17711
0.6430509,17712
0.6086758,17713
0.59475094,17714
0.6304694,17715
0.5834079,17716
0.58432764,17717
0.5538927,17718
0.5307188,17719
0.5560682,17720
0.55949533,17721
0.5609882,17722
0.56303203,17723
0.55160636,17724
0.5538839,17725
0.50879174,17726
0.4998133,17727
0.526069,17728
0.4496405,17729
0.4408026,17730
0.4315342,17731
0.42416653,17732
0.39680037,17733
0.42376512,17734
0.4141777,17735
0.39692828,17736
0.38234985,17737
0.38559335,17738
0.37673828,17739
0.35593978,17740
0.36743137,17741
0.35390857,17742
0.37243006,17743
0.38338238,17744
0.4187851,17745
0.43349013,17746
0.4243372,17747
0.4375215,17748
0.4599554,17749
0.46119896,17750
0.4511397,17751
0.43932578,17752
0.44536024,17753
0.47770256,17754
0.49794808,17755
0.49832442,17756
0.49861172,17757
0.5063804,17758
0.5280866,17759
0.5415447,17760
0.5321179,17761
0.5312543,17762
0.54233074,17763
0.5471999,17764
0.5436692,17765
0.51256925,17766
0.5146366,17767
0.5041327,17768
0.5323275,17769
0.528652,17770
0.5097925,17771
0.51190865,17772
0.5682249,17773
0.5010828,17774
0.500177,17775
0.49511924,17776
0.53811324,17777
0.5260804,17778
0.5121976,17779
0.5306285,17780
0.54994136,17781
0.5419733,17782
0.51721656,17783
0.48453116,17784
0.4680366,17785
0.47221705,17786
0.46857038,17787
0.49508196,17788
0.46681145,17789
0.49285868,17790
0.49475023,17791
0.5113567,17792
0.4572413,17793
0.46123788,17794
0.46247742,17795
0.47500432,17796
0.41390494,17797
0.4329847,17798
0.4567326,17799
0.4363429,17800
0.44289756,17801
0.42657724,17802
0.41668183,17803
0.45898172,17804
0.47831422,17805
0.4843729,17806
0.52589256,17807
0.52995116,17808
0.5253089,17809
0.5123287,17810
0.5287884,17811
0.5351771,17812
0.550209,17813
0.5772559,17814
0.61905485,17815
0.615969,17816
0.6141029,17817
0.60136074,17818
0.5437434,17819
0.54452264,17820
0.5185545,17821
0.531092,17822
0.5550926,17823
0.55670786,17824
0.5173071,17825
0.54473656,17826
0.53867155,17827
0.56911176,17828
0.5733015,17829
0.58143455,17830
0.5835517,17831
0.55688506,17832
0.5213988,17833
0.56486064,17834
0.55243,17835
0.5324872,17836
0.54484314,17837
0.56319666,17838
0.5448996,17839
0.5510769,17840
0.53627175,17841
0.5322121,17842
0.5177722,17843
0.48894697,17844
0.52191997,17845
0.5221221,17846
0.5202928,17847
0.48306087,17848
0.48923853,17849
0.47833487,17850
0.4899734,17851
0.4908939,17852
0.4854141,17853
0.44125426,17854
0.44745982,17855
0.43264365,17856
0.42836252,17857
0.4212185,17858
0.50159043,17859
0.5066943,17860
0.5306754,17861
0.53678775,17862
0.5108416,17863
0.52237123,17864
0.5043597,17865
0.48357087,17866
0.5178434,17867
0.5257917,17868
0.53970927,17869
0.5632338,17870
0.5799331,17871
0.585604,17872
0.5889268,17873
0.6091869,17874
0.6510652,17875
0.63881385,17876
0.64528644,17877
0.652595,17878
0.58352023,17879
0.55524224,17880
0.55862063,17881
0.5602067,17882
0.57630336,17883
0.55599606,17884
0.5721763,17885
0.5739518,17886
0.5407766,17887
0.5282254,17888
0.5021571,17889
0.5103396,17890
0.51320934,17891
0.49811706,17892
0.48212847,17893
0.5082095,17894
0.45303455,17895
0.4606624,17896
0.48303902,17897
0.47712412,17898
0.5108418,17899
0.53688467,17900
0.5234025,17901
0.52895683,17902
0.52042407,17903
0.5078775,17904
0.47250313,17905
0.4864815,17906
0.50759023,17907
0.5179643,17908
0.5339047,17909
0.5263232,17910
0.5248711,17911
0.57739794,17912
0.5919134,17913
0.57481706,17914
0.6059481,17915
0.59114665,17916
0.57535696,17917
0.5710328,17918
0.53819495,17919
0.51935875,17920
0.5087606,17921
0.50560915,17922
0.51560265,17923
0.5224937,17924
0.53817314,17925
0.5297087,17926
0.50758374,17927
0.49073395,17928
0.49302053,17929
0.5032512,17930
0.51396126,17931
0.47226346,17932
0.45138052,17933
0.48731154,17934
0.490135,17935
0.4884746,17936
0.48947617,17937
0.50647205,17938
0.5242914,17939
0.55407834,17940
0.5572575,17941
0.51425785,17942
0.5148405,17943
0.50624144,17944
0.45367318,17945
0.44120243,17946
0.47914764,17947
0.4691823,17948
0.45883977,17949
0.48006788,17950
0.46813482,17951
0.51128364,17952
0.4823642,17953
0.48371947,17954
0.5123854,17955
0.50894266,17956
0.50512606,17957
0.47700894,17958
0.4981972,17959
0.48767918,17960
0.45541167,17961
0.44942993,17962
0.45332056,17963
0.46972573,17964
0.4927662,17965
0.49883702,17966
0.44778234,17967
0.46834958,17968
0.47108057,17969
0.4843777,17970
0.48537937,17971
0.48534486,17972
0.5293721,17973
0.5162113,17974
0.4776094,17975
0.48764876,17976
0.49246725,17977
0.4938835,17978
0.5150596,17979
0.5133068,17980
0.518909,17981
0.5275084,17982
0.5046521,17983
0.48319376,17984
0.5001682,17985
0.51005155,17986
0.49854788,17987
0.50501597,17988
0.49217057,17989
0.44754508,17990
0.46040073,17991
0.47708592,17992
0.45453656,17993
0.4438359,17994
0.42092434,17995
0.42300132,17996
0.4196582,17997
0.4279009,17998
0.4156577,17999
0.40567666,18000
0.41082048,18001
0.4315931,18002
0.42911622,18003
0.44318786,18004
0.43328837,18005
0.4324661,18006
0.4168725,18007
0.38659266,18008
0.41182622,18009
0.42440534,18010
0.4246258,18011
0.41956717,18012
0.41496247,18013
0.39978227,18014
0.41550294,18015
0.43752486,18016
0.427426,18017
0.42513633,18018
0.4370765,18019
0.4217075,18020
0.41199034,18021
0.42136204,18022
0.4383494,18023
0.478594,18024
0.5234766,18025
0.5244192,18026
0.53226954,18027
0.54112834,18028
0.5505069,18029
0.57734835,18030
0.59295875,18031
0.5831392,18032
0.58098817,18033
0.55635923,18034
0.54330176,18035
0.5475708,18036
0.56459546,18037
0.6048707,18038
0.60127527,18039
0.5936637,18040
0.5939997,18041
0.5744709,18042
0.5858704,18043
0.6059769,18044
0.5945387,18045
0.59656626,18046
0.5952593,18047
0.6350111,18048
0.6083593,18049
0.56094563,18050
0.5380749,18051
0.5540241,18052
0.5593808,18053
0.59036237,18054
0.53774965,18055
0.54465544,18056
0.5520287,18057
0.5669603,18058
0.5711644,18059
0.5755606,18060
0.57048726,18061
0.5759192,18062
0.5580801,18063
0.49836892,18064
0.47974992,18065
0.4859157,18066
0.48255485,18067
0.4630966,18068
0.46315622,18069
0.47932765,18070
0.49069533,18071
0.477837,18072
0.48878133,18073
0.48736808,18074
0.52180344,18075
0.52931803,18076
0.51360506,18077
0.49055555,18078
0.4991312,18079
0.5179466,18080
0.5243652,18081
0.5419785,18082
0.54735124,18083
0.514762,18084
0.5227045,18085
0.48959193,18086
0.539431,18087
0.5467412,18088
0.53412783,18089
0.527966,18090
0.5144349,18091
0.49481785,18092
0.47622207,18093
0.46724552,18094
0.4813923,18095
0.47645295,18096
0.49297294,18097
0.48126307,18098
0.45567927,18099
0.44914773,18100
0.44008186,18101
0.43129995,18102
0.44376788,18103
0.45000574,18104
0.4496977,18105
0.4437843,18106
0.43278956,18107
0.46560416,18108
0.47488979,18109
0.46706742,18110
0.49259302,18111
0.5033098,18112
0.50894505,18113
0.50552464,18114
0.49761674,18115
0.51738125,18116
0.53876084,18117
0.5273219,18118
0.54134697,18119
0.5270439,18120
0.53266245,18121
0.5552856,18122
0.56609833,18123
0.5502578,18124
0.5755077,18125
0.5760905,18126
0.6066866,18127
0.60287076,18128
0.5704323,18129
0.55887485,18130
0.57675487,18131
0.55092686,18132
0.5588955,18133
0.58139485,18134
0.55830646,18135
0.5064039,18136
0.5019737,18137
0.5365543,18138
0.5344168,18139
0.52341056,18140
0.5411099,18141
0.5063423,18142
0.5024571,18143
0.4960102,18144
0.50359046,18145
0.517643,18146
0.48764855,18147
0.46746618,18148
0.46912885,18149
0.45823154,18150
0.41501448,18151
0.41859823,18152
0.413883,18153
0.4256978,18154
0.42225224,18155
0.41672406,18156
0.4126132,18157
0.36690012,18158
0.35933325,18159
0.34887013,18160
0.356356,18161
0.3590547,18162
0.35538217,18163
0.3603677,18164
0.2987658,18165
0.30788225,18166
0.32623988,18167
0.34022257,18168
0.34969002,18169
0.34996393,18170
0.33600968,18171
0.3362907,18172
0.36009485,18173
0.36260933,18174
0.3510015,18175
0.33110335,18176
0.36888576,18177
0.37929308,18178
0.41113865,18179
0.41933778,18180
0.41605708,18181
0.41003942,18182
0.40887168,18183
0.41800103,18184
0.4121927,18185
0.40152195,18186
0.9288034,18187
0.9117072,18188
0.9095201,18189
0.90593433,18190
0.89687675,18191
0.8606266,18192
0.85909474,18193
0.86155534,18194
0.87727964,18195
0.91928816,18196
0.90479857,18197
0.9090154,18198
0.89115864,18199
0.89895123,18200
0.9150632,18201
0.93330973,18202
0.9231573,18203
0.91822606,18204
0.9333491,18205
0.93692976,18206
0.4162793,18207
0.39822814,18208
0.39475814,18209
0.4633119,18210
0.4690335,18211
0.47183123,18212
0.46247157,18213
0.4790461,18214
0.46584746,18215
0.4415897,18216
0.46829817,18217
0.48204586,18218
0.48370445,18219
0.45943633,18220
0.45130074,18221
0.4327389,18222
0.45730197,18223
0.45296273,18224
0.46620718,18225
0.52520484,18226
0.53580505,18227
0.5653751,18228
0.5936133,18229
0.55129474,18230
0.5378323,18231
0.5506133,18232
0.5832936,18233
0.55707896,18234
0.5907838,18235
0.6173565,18236
0.60937405,18237
0.5942576,18238
0.6167373,18239
0.61022836,18240
0.62880456,18241
0.6302769,18242
0.60894984,18243
0.61678374,18244
0.6676921,18245
0.6091742,18246
0.568845,18247
0.5595656,18248
0.5516636,18249
0.5446409,18250
0.52127683,18251
0.5235518,18252
0.5145416,18253
0.5729642,18254
0.5451994,18255
0.5719431,18256
0.55362207,18257
0.5399812,18258
0.5448385,18259
0.5355904,18260
0.51832575,18261
0.5282513,18262
0.56042033,18263
0.56785923,18264
0.5488241,18265
0.55645055,18266
0.5426148,18267
0.55424505,18268
0.56610596,18269
0.56400865,18270
0.56326365,18271
0.5774122,18272
0.5404814,18273
0.5052077,18274
0.5044915,18275
0.47163513,18276
0.47825074,18277
0.48262608,18278
0.48403648,18279
0.49938154,18280
0.5067602,18281
0.49406502,18282
0.53037465,18283
0.49600688,18284
0.47570425,18285
0.48243165,18286
0.50373185,18287
0.49910086,18288
0.49186417,18289
0.49497032,18290
0.48486298,18291
0.48505583,18292
0.49495584,18293
0.46806046,18294
0.5398242,18295
0.5405504,18296
0.51864505,18297
0.5128778,18298
0.51067895,18299
0.51957285,18300
0.5237642,18301
0.5246144,18302
0.49573016,18303
0.497095,18304
0.49961215,18305
0.49593002,18306
0.5419785,18307
0.5493474,18308
0.5602022,18309
0.5529882,18310
0.57746404,18311
0.5758915,18312
0.60981697,18313
0.6192714,18314
0.52564603,18315
0.5367967,18316
0.5756312,18317
0.5822469,18318
0.57158935,18319
0.6097429,18320
0.6255278,18321
0.626839,18322
0.5849183,18323
0.579535,18324
0.5801003,18325
0.5677913,18326
0.51856184,18327
0.51198167,18328
0.50212723,18329
0.5057461,18330
10.071436,18331
10.054384,18332
10.055021,18333
10.064654,18334
10.099144,18335
10.114159,18336
10.055374,18337
10.074774,18338
10.085362,18339
10.012173,18340
10.041428,18341
10.017273,18342
10.042801,18343
10.095517,18344
10.071509,18345
10.060204,18346
10.062016,18347
10.09516,18348
10.1533575,18349
10.178475,18350
0.524518,18351
0.52709776,18352
0.52047366,18353
0.5367925,18354
0.51789427,18355
0.50093967,18356
0.47572768,18357
0.47685814,18358
0.46212333,18359
0.52526456,18360
0.52446175,18361
0.52489597,18362
0.5263397,18363
0.46104118,18364
0.47904545,18365
0.52786577,18366
0.52648723,18367
0.5036098,18368
0.5103482,18369
0.50547254,18370
0.4895792,18371
0.48083305,18372
0.48125637,18373
0.48149437,18374
0.4688973,18375
0.47900313,18376
0.49186018,18377
0.49757308,18378
0.5443634,18379
0.49559012,18380
0.5126156,18381
0.5047152,18382
0.51129985,18383
0.52988,18384
0.46587393,18385
0.4389054,18386
0.4473249,18387
0.46676287,18388
0.46315184,18389
0.44089347,18390
0.47476158,18391
0.47296074,18392
0.47369713,18393
0.48682377,18394
0.5018775,18395
0.4992333,18396
0.48513255,18397
0.49487445,18398
0.44713932,18399
0.4439958,18400
0.48041034,18401
0.48076415,18402
0.5043695,18403
0.50810325,18404
0.51821125,18405
0.50617296,18406
0.5434711,18407
0.520282,18408
0.5484889,18409
0.5568413,18410
0.548684,18411
0.5379523,18412
0.5791419,18413
0.54876477,18414
0.54756016,18415
0.5475155,18416
0.5244825,18417
0.52741146,18418
0.5328336,18419
0.5222145,18420
0.47495353,18421
0.49404323,18422
0.47849992,18423
0.48849514,18424
0.49018222,18425
0.5079822,18426
0.4514192,18427
0.48578623,18428
0.44469294,18429
0.4282183,18430
0.40645128,18431
0.44284886,18432
0.4594319,18433
0.463274,18434
0.44981968,18435
0.4527346,18436
0.47766092,18437
0.50374156,18438
0.5220463,18439
0.5365356,18440
0.53850776,18441
0.53988904,18442
0.5540439,18443
0.5662249,18444
0.56139314,18445
0.5494028,18446
0.5533033,18447
0.52292484,18448
0.536092,18449
0.5598343,18450
0.55885357,18451
0.54171735,18452
0.47354805,18453
0.48201203,18454
0.47157946,18455
0.44897643,18456
0.47411543,18457
0.4724006,18458
0.45592546,18459
0.4631095,18460
0.44227356,18461
0.44857875,18462
0.4453343,18463
0.44979244,18464
0.4920562,18465
0.49643245,18466
0.5078468,18467
0.4982611,18468
0.49318743,18469
0.49600652,18470
0.48292297,18471
0.5117682,18472
0.534003,18473
0.55025375,18474
0.54997176,18475
0.57531977,18476
0.542364,18477
0.5438811,18478
0.5443788,18479
0.53639615,18480
0.5398273,18481
0.53328276,18482
0.5545419,18483
0.54858047,18484
0.47386643,18485
0.45472795,18486
0.45057073,18487
0.46778774,18488
0.47695762,18489
0.46082073,18490
0.48691118,18491
0.5227398,18492
0.43791893,18493
0.39379132,18494
0.41447118,18495
0.40891585,18496
0.41219273,18497
0.44016406,18498
0.414166,18499
0.42730075,18500
0.40926304,18501
0.42951313,18502
0.425965,18503
0.4139016,18504
0.42352268,18505
0.42633134,18506
0.48342234,18507
0.5053646,18508
0.5085138,18509
0.5578118,18510
0.53124243,18511
0.51998484,18512
0.50965095,18513
0.5537726,18514
0.539505,18515
0.53392226,18516
0.55358183,18517
0.53454834,18518
0.5993913,18519
0.6278452,18520
0.64325756,18521
0.63979244,18522
0.6294357,18523
0.66053927,18524
0.71252435,18525
0.6956294,18526
0.5868893,18527
0.5925183,18528
0.6445133,18529
0.6310838,18530
0.62757754,18531
0.638077,18532
0.6514348,18533
0.5927521,18534
0.58473957,18535
0.59172595,18536
0.56353647,18537
0.57328236,18538
0.494415,18539
0.46723053,18540
0.54003805,18541
0.5441196,18542
0.53050995,18543
0.52458274,18544
0.48505083,18545
0.50169104,18546
0.5393785,18547
0.5911087,18548
0.5531549,18549
0.5485034,18550
0.5507705,18551
0.5633242,18552
0.61516106,18553
0.61714345,18554
0.649793,18555
0.6553897,18556
0.714259,18557
0.72215456,18558
0.71703726,18559
0.7269994,18560
0.6591765,18561
0.6417372,18562
0.65349776,18563
0.6663594,18564
0.6798017,18565
0.67356294,18566
0.66364336,18567
0.64489996,18568
0.6194819,18569
0.6219637,18570
0.62770534,18571
0.5889434,18572
0.55657893,18573
0.55683804,18574
0.55326843,18575
0.5322729,18576
0.44782034,18577
0.44897544,18578
0.45506176,18579
0.47342098,18580
0.48512766,18581
0.50446415,18582
0.50324297,18583
0.51163644,18584
0.50608593,18585
0.5039482,18586
0.51359695,18587
0.51066434,18588
0.49985108,18589
0.51026,18590
0.52136445,18591
0.5537063,18592
0.5657927,18593
0.55894643,18594
0.54290247,18595
0.54024667,18596
0.581437,18597
0.61062866,18598
0.59966004,18599
0.62305516,18600
0.6408718,18601
0.6037219,18602
0.6005281,18603
0.58047837,18604
0.554653,18605
0.53364414,18606
0.5311212,18607
0.52938086,18608
0.5219882,18609
0.5065776,18610
0.4992068,18611
0.45798105,18612
0.44151935,18613
0.4586807,18614
0.4745422,18615
0.51173395,18616
0.48144227,18617
0.42955044,18618
0.4216167,18619
0.41141513,18620
0.43791178,18621
0.42576054,18622
0.43266618,18623
0.44540465,18624
0.4575621,18625
0.4469139,18626
0.46408847,18627
0.48844427,18628
0.49472177,18629
0.50224376,18630
0.5126397,18631
0.5116816,18632
0.4989018,18633
0.4680756,18634
0.49320748,18635
0.46832284,18636
0.44021982,18637
0.4502029,18638
0.44597736,18639
0.44800153,18640
0.43892264,18641
0.46752504,18642
0.46431038,18643
0.45537642,18644
0.484586,18645
0.48750946,18646
0.485148,18647
0.4942504,18648
0.50007534,18649
0.50141007,18650
0.49113736,18651
0.48112175,18652
0.48049915,18653
0.4811924,18654
0.45688918,18655
0.4561649,18656
0.46476,18657
0.48002994,18658
0.48800007,18659
0.4677236,18660
0.48478028,18661
0.44617248,18662
0.46296674,18663
0.47675306,18664
0.43911687,18665
0.43719187,18666
0.4295851,18667
0.41246167,18668
0.42131335,18669
0.43477634,18670
0.4279042,18671
0.43848976,18672
0.45849574,18673
0.46585694,18674
0.45643833,18675
0.4596545,18676
0.44839513,18677
0.44163832,18678
0.4101779,18679
0.42375597,18680
0.41786334,18681
0.41520816,18682
0.4151266,18683
0.4300634,18684
0.46219745,18685
0.4932003,18686
0.49753025,18687
0.4941024,18688
0.48745936,18689
0.4939582,18690
0.50339645,18691
0.52890253,18692
0.48908648,18693
0.47698155,18694
0.51539296,18695
0.52975297,18696
0.51738167,18697
0.511365,18698
0.53205365,18699
0.5351568,18700
0.5322183,18701
0.5890644,18702
0.614703,18703
0.59330016,18704
0.54092044,18705
0.5172925,18706
0.53413206,18707
0.5338968,18708
0.53070337,18709
0.5471787,18710
0.55334413,18711
0.5261588,18712
0.5197322,18713
0.53659195,18714
0.52099615,18715
0.53741205,18716
0.5650494,18717
0.56767875,18718
0.5675214,18719
0.5428549,18720
0.5296315,18721
0.509852,18722
0.46952584,18723
0.47880363,18724
0.5130807,18725
0.52027875,18726
0.53292567,18727
0.52511066,18728
0.5474548,18729
0.5341449,18730
0.5399755,18731
0.5398252,18732
0.5433062,18733
0.53384477,18734
0.57038015,18735
0.5696517,18736
0.5431528,18737
0.5723673,18738
0.59800583,18739
0.5728668,18740
0.55715543,18741
0.5750183,18742
0.5698193,18743
0.5702022,18744
0.53760135,18745
0.53286994,18746
0.5302356,18747
0.5634962,18748
0.55672026,18749
0.5715788,18750
0.5543878,18751
0.5624966,18752
0.5659583,18753
0.5364091,18754
0.51786476,18755
0.51929146,18756
0.525848,18757
0.51187253,18758
0.5477068,18759
0.56054735,18760
0.5692057,18761
0.54101384,18762
0.5386722,18763
0.59180236,18764
0.59540516,18765
0.58154804,18766
0.5896984,18767
0.5262385,18768
0.50755125,18769
0.5490094,18770
0.5335571,18771
0.5264485,18772
0.5619451,18773
0.5965618,18774
0.571154,18775
0.58461046,18776
0.5660515,18777
0.57039714,18778
0.58715665,18779
0.57450503,18780
0.57219344,18781
0.6086912,18782
0.61013216,18783
0.5550347,18784
0.53942156,18785
0.5515751,18786
0.5414035,18787
0.5558309,18788
0.5818729,18789
0.5851909,18790
0.60301816,18791
0.6128058,18792
0.5715077,18793
0.55181825,18794
0.58194536,18795
0.5962048,18796
0.5968744,18797
0.603925,18798
0.5315094,18799
0.5474865,18800
0.55056965,18801
0.5541777,18802
0.542872,18803
0.5738747,18804
0.57660586,18805
0.571355,18806
0.5833442,18807
0.5549579,18808
0.54185677,18809
0.5388984,18810
0.5405461,18811
0.55508703,18812
0.52000403,18813
0.5283054,18814
0.5067347,18815
0.50032866,18816
0.4991136,18817
0.49096522,18818
0.5143318,18819
0.50411665,18820
0.50547504,18821
0.5620572,18822
0.5846243,18823
0.5642237,18824
0.56963617,18825
0.6028609,18826
0.600766,18827
0.60811615,18828
0.82177484,18829
0.7982724,18830
0.8087388,18831
0.78545177,18832
0.7862943,18833
0.8050846,18834
0.7967928,18835
0.7973554,18836
0.76961344,18837
0.80994505,18838
0.80206823,18839
0.81614083,18840
0.80787116,18841
0.6938481,18842
0.696021,18843
0.700929,18844
0.7088248,18845
0.71790665,18846
0.70616984,18847
0.72167313,18848
0.5191998,18849
0.5101243,18850
0.49674216,18851
0.5067008,18852
0.5256115,18853
0.48612478,18854
0.49156454,18855
0.5102009,18856
0.49682695,18857
0.47750008,18858
0.47636387,18859
0.4752152,18860
0.48922428,18861
0.517562,18862
0.5014202,18863
0.5076095,18864
0.5130213,18865
0.49057546,18866
0.51519287,18867
0.495167,18868
0.5437705,18869
0.54855114,18870
0.53331107,18871
0.5324304,18872
0.5469492,18873
0.5478636,18874
0.51955456,18875
0.50402933,18876
0.52991265,18877
0.5368021,18878
0.561494,18879
0.53496057,18880
0.53709906,18881
0.5253148,18882
0.5253812,18883
0.5268383,18884
0.47069153,18885
0.47565168,18886
0.46561104,18887
0.44985512,18888
0.4508527,18889
0.44865277,18890
0.4478013,18891
0.4367982,18892
0.44958672,18893
0.4289957,18894
0.4820472,18895
0.47292122,18896
0.48098654,18897
0.49672088,18898
0.46446416,18899
0.4632393,18900
0.47674012,18901
0.45266697,18902
0.4344975,18903
0.43043613,18904
0.43076143,18905
0.4221228,18906
0.42074734,18907
0.41657418,18908
0.43874934,18909
0.41136238,18910
0.45701268,18911
0.47664794,18912
0.4480648,18913
0.44883975,18914
0.44360858,18915
0.493622,18916
0.4847953,18917
0.48692065,18918
0.5109284,18919
0.4995396,18920
0.48462966,18921
0.5164814,18922
0.5201358,18923
0.5450922,18924
0.5400974,18925
0.5946524,18926
0.6063715,18927
0.6068354,18928
0.58275807,18929
0.5933808,18930
0.5887875,18931
0.5828165,18932
0.56751853,18933
0.5986592,18934
0.58227175,18935
0.56198674,18936
0.60925925,18937
0.6267033,18938
0.6349118,18939
0.6889761,18940
0.73846,18941
0.70604146,18942
0.7467579,18943
0.7262197,18944
0.7108103,18945
0.6952861,18946
0.6679834,18947
0.6493229,18948
0.6628534,18949
0.66658133,18950
0.639884,18951
0.60940784,18952
0.6269461,18953
0.6187413,18954
0.62260556,18955
0.622512,18956
0.57007086,18957
0.5756805,18958
0.5749875,18959
0.51387376,18960
0.49485072,18961
0.4894397,18962
0.438334,18963
0.45996782,18964
0.4944487,18965
0.47767603,18966
0.48749903,18967
0.521482,18968
0.522811,18969
0.515626,18970
0.5252237,18971
0.54376453,18972
0.5361445,18973
0.55316967,18974
0.53799736,18975
0.5822948,18976
0.60644835,18977
0.6289292,18978
0.6230007,18979
0.64884317,18980
0.65950143,18981
0.68585896,18982
0.62817425,18983
0.6386414,18984
0.5999066,18985
0.60251915,18986
0.62360185,18987
0.58130187,18988
0.5911621,18989
0.59829575,18990
0.63487715,18991
0.63004327,18992
0.6220609,18993
0.61120063,18994
0.60049075,18995
0.5241237,18996
0.5178043,18997
0.5062203,18998
0.508915,18999
0.49158037,19000
0.48014745,19001
0.5108179,19002
0.500764,19003
0.5240955,19004
0.53756183,19005
0.59809566,19006
0.5995121,19007
0.6336656,19008
0.62751216,19009
0.60844475,19010
0.6114285,19011
0.6185063,19012
0.6029114,19013
0.6350095,19014
0.6334041,19015
0.6263793,19016
0.65499514,19017
0.7034296,19018
0.6547539,19019
0.64852697,19020
0.6469874,19021
0.63716793,19022
0.6471492,19023
0.6272241,19024
0.63806236,19025
0.641513,19026
0.5780958,19027
0.57668966,19028
0.56042874,19029
0.5622713,19030
0.5476724,19031
0.5384537,19032
0.53897023,19033
0.51523745,19034
0.5511637,19035
0.5307455,19036
0.5049994,19037
0.46776503,19038
0.4811893,19039
0.48907697,19040
0.5316248,19041
0.5486737,19042
0.5159271,19043
0.5350513,19044
0.52990174,19045
0.4985827,19046
0.5024074,19047
0.5204538,19048
0.5274609,19049
0.53496397,19050
0.56466013,19051
0.58564246,19052
0.57565576,19053
0.57601666,19054
0.5682447,19055
0.60975426,19056
0.6123671,19057
0.6117924,19058
0.6403399,19059
0.631809,19060
0.6357328,19061
0.6160197,19062
0.5835798,19063
0.5615187,19064
0.5630622,19065
0.62890154,19066
0.61810994,19067
0.60024035,19068
0.6168737,19069
0.6734395,19070
0.67052716,19071
0.67234844,19072
0.671691,19073
0.6836821,19074
0.6735266,19075
0.65758073,19076
0.68524677,19077
0.68803835,19078
0.6932439,19079
0.6673339,19080
0.6361854,19081
0.66687393,19082
0.65497667,19083
0.71939933,19084
0.7455065,19085
0.7523007,19086
0.7382321,19087
0.74414194,19088
0.7215209,19089
0.67095494,19090
0.7473067,19091
0.7637838,19092
0.7679975,19093
0.7740878,19094
0.7739666,19095
0.7745956,19096
0.7600204,19097
0.73589253,19098
0.67120475,19099
0.6672845,19100
0.6778518,19101
0.66699296,19102
0.6730515,19103
0.55959785,19104
0.55999523,19105
0.53040355,19106
0.5579638,19107
0.5774513,19108
0.594576,19109
0.60198545,19110
0.4754328,19111
0.4138842,19112
0.4240568,19113
0.42818335,19114
0.41826835,19115
0.42515403,19116
0.42726925,19117
0.4203653,19118
0.45619324,19119
0.48421988,19120
0.51313156,19121
0.50753164,19122
0.48699784,19123
0.46872926,19124
0.48168927,19125
0.5044392,19126
0.48267376,19127
0.46332815,19128
0.45631889,19129
0.44476667,19130
0.4537465,19131
0.43511876,19132
0.44188097,19133
0.43625236,19134
0.4505777,19135
0.43408036,19136
0.42022187,19137
0.41761667,19138
0.40951478,19139
0.44557485,19140
0.4563688,19141
0.45327738,19142
0.47473693,19143
0.48842275,19144
0.505226,19145
0.51517045,19146
0.501254,19147
0.50557286,19148
0.4899394,19149
0.529431,19150
0.53893304,19151
0.563594,19152
0.54625255,19153
0.5580239,19154
0.5535304,19155
0.55042696,19156
0.54754984,19157
0.5558868,19158
0.54715174,19159
0.50847876,19160
0.4900106,19161
0.48257568,19162
0.47127044,19163
0.486525,19164
0.46917322,19165
0.46126756,19166
0.48272675,19167
0.49501613,19168
0.5019597,19169
0.47640294,19170
0.46234217,19171
0.47381675,19172
0.4668466,19173
0.4500633,19174
0.46856755,19175
0.505858,19176
0.5178792,19177
0.49872917,19178
0.51144516,19179
0.51587176,19180
0.5169116,19181
0.5253327,19182
0.56740886,19183
0.47354785,19184
0.4586793,19185
0.45128265,19186
0.44524392,19187
0.45654437,19188
0.46125758,19189
0.4491923,19190
0.45777008,19191
0.47132987,19192
0.5119637,19193
0.5262116,19194
0.5332821,19195
0.49885067,19196
0.50148803,19197
0.5077859,19198
0.51243454,19199
0.52284837,19200
0.5496462,19201
0.55012083,19202
0.5630893,19203
0.5480347,19204
0.575486,19205
0.5841386,19206
0.5728904,19207
0.520386,19208
0.5378068,19209
0.5851117,19210
0.5934204,19211
0.57101154,19212
0.5073764,19213
0.48900783,19214
0.48785824,19215
0.49963492,19216
0.49996844,19217
0.48935682,19218
0.5070268,19219
0.5224449,19220
0.50762445,19221
0.5066253,19222
0.51646894,19223
0.52691436,19224
0.497855,19225
0.50219554,19226
0.51529276,19227
0.4861142,19228
0.47095075,19229
0.46423727,19230
0.44143206,19231
0.46770337,19232
0.44842276,19233
0.46034107,19234
0.480033,19235
0.47326708,19236
0.48112938,19237
0.47697908,19238
0.45190412,19239
0.46777257,19240
0.47268575,19241
0.49113086,19242
0.47524562,19243
0.44786483,19244
0.43537763,19245
0.43384126,19246
0.4420905,19247
0.46944246,19248
0.46412686,19249
0.45272452,19250
0.46811438,19251
0.47767538,19252
0.48061576,19253
0.48510328,19254
0.46638516,19255
0.4709772,19256
0.46378854,19257
0.4898118,19258
0.5126361,19259
0.51046944,19260
0.522773,19261
0.49926165,19262
0.48683187,19263
0.50411797,19264
0.5029637,19265
0.48553607,19266
0.46571586,19267
0.46638036,19268
0.49700072,19269
0.5030355,19270
0.5206199,19271
0.4904623,19272
0.4862976,19273
0.4801856,19274
0.4988865,19275
0.49201775,19276
0.49952114,19277
0.5115465,19278
0.49137276,19279
0.44648844,19280
0.42282465,19281
0.45606568,19282
0.46122515,19283
0.4742368,19284
0.48170263,19285
0.48428428,19286
0.46060032,19287
0.43584177,19288
0.42262158,19289
0.44736633,19290
0.4351669,19291
0.41233346,19292
0.3938756,19293
0.42489877,19294
0.42541182,19295
0.41570166,19296
0.4034286,19297
0.3992482,19298
0.40299213,19299
0.43598768,19300
0.45085353,19301
0.4317838,19302
0.4576337,19303
0.44779965,19304
0.4468514,19305
0.46260694,19306
0.46299228,19307
0.50299656,19308
0.5209549,19309
0.5112833,19310
0.5122261,19311
0.5295447,19312
0.58364505,19313
0.59716684,19314
0.59907174,19315
0.58855706,19316
0.5969572,19317
0.5795456,19318
0.57791203,19319
0.5644897,19320
0.5635076,19321
0.5939751,19322
0.5438938,19323
0.53763217,19324
0.60320485,19325
0.56936324,19326
0.57192564,19327
0.5329731,19328
0.50410277,19329
0.51236117,19330
0.5028637,19331
0.5209879,19332
0.47718,19333
0.42625123,19334
0.45687827,19335
0.47099537,19336
0.44727805,19337
0.45008624,19338
0.44888937,19339
0.4607168,19340
0.4758107,19341
0.48605207,19342
0.47059205,19343
0.47493687,19344
0.4096285,19345
0.42365313,19346
0.46558088,19347
0.478339,19348
0.4897268,19349
0.48827147,19350
0.46843326,19351
0.4351002,19352
0.4372031,19353
0.45515722,19354
0.46054634,19355
0.4679295,19356
0.47757176,19357
0.49830484,19358
0.50821537,19359
0.51833117,19360
0.49685878,19361
0.5025311,19362
0.49629307,19363
0.5115008,19364
0.5321022,19365
0.5302051,19366
0.5547738,19367
0.55639964,19368
0.56589687,19369
0.5769542,19370
0.5910968,19371
0.5988772,19372
0.6292805,19373
0.59674346,19374
0.6090135,19375
0.62305385,19376
0.61175466,19377
0.6069749,19378
0.59262806,19379
0.56104034,19380
0.552409,19381
0.5616101,19382
0.5720002,19383
0.5507956,19384
0.57453734,19385
0.56569856,19386
0.5079554,19387
0.49182376,19388
0.50841683,19389
0.50236416,19390
0.50915945,19391
0.49797988,19392
0.50977224,19393
0.5190046,19394
0.48094815,19395
0.46935695,19396
0.4754229,19397
0.4694731,19398
0.49342507,19399
0.49323112,19400
0.50849986,19401
0.49029893,19402
0.49408516,19403
0.51398873,19404
0.49601972,19405
0.4748393,19406
0.4574953,19407
0.46360683,19408
0.4491236,19409
0.461653,19410
0.46881506,19411
0.47625893,19412
0.48825753,19413
0.47216204,19414
0.4765525,19415
0.47178745,19416
0.43712503,19417
0.4373325,19418
0.4543165,19419
0.45231345,19420
0.4416369,19421
0.45644584,19422
0.4625868,19423
0.44940475,19424
0.49349216,19425
0.5571285,19426
0.5623874,19427
0.5689331,19428
0.5921705,19429
0.58622944,19430
0.5731841,19431
0.5636174,19432
0.5509124,19433
0.5495852,19434
0.52525616,19435
0.54427814,19436
0.5413212,19437
0.59082264,19438
0.54497325,19439
0.5837547,19440
0.5762881,19441
0.586695,19442
0.58161366,19443
0.59616596,19444
0.5438791,19445
0.47863656,19446
0.4844675,19447
0.4648661,19448
0.43885246,19449
0.44193015,19450
0.44686252,19451
0.4547848,19452
0.45316088,19453
0.44650638,19454
0.45094535,19455
0.4720139,19456
0.5349041,19457
0.5418206,19458
0.5214151,19459
0.49048692,19460
0.5007582,19461
0.49196446,19462
0.50179714,19463
0.49340037,19464
0.5286858,19465
0.567131,19466
0.5545852,19467
0.5498989,19468
0.5651831,19469
0.5659038,19470
0.5932353,19471
0.58993703,19472
0.6084356,19473
0.6272747,19474
0.6205404,19475
0.6099806,19476
0.52927595,19477
0.5322789,19478
0.5340387,19479
0.5691493,19480
0.56751776,19481
0.538354,19482
0.5755288,19483
0.5740583,19484
0.5648228,19485
0.54134655,19486
0.5200678,19487
0.55224967,19488
0.56761175,19489
0.57366854,19490
0.55542576,19491
0.5370887,19492
2.122514,19493
2.0819442,19494
2.1219742,19495
2.1237977,19496
2.1674738,19497
2.1355898,19498
2.120658,19499
2.0559354,19500
2.0690522,19501
2.0870047,19502
2.0352807,19503
2.0278904,19504
2.05675,19505
2.0596375,19506
2.0851953,19507
2.0562513,19508
2.030542,19509
2.0202854,19510
2.091633,19511
2.111264,19512
0.4824939,19513
0.48860344,19514
0.48521903,19515
0.48238167,19516
0.50256824,19517
0.49697235,19518
0.5232392,19519
0.56868476,19520
0.5653656,19521
0.54449105,19522
0.55828035,19523
0.5548267,19524
0.5094681,19525
0.5314741,19526
0.53832525,19527
0.51558954,19528
0.5176442,19529
0.51484317,19530
0.52649975,19531
0.52563024,19532
0.56391996,19533
0.58615816,19534
0.58847576,19535
0.61245364,19536
0.6102074,19537
0.63110733,19538
0.6220437,19539
0.57495916,19540
0.58655214,19541
0.5632921,19542
0.53653777,19543
0.5364472,19544
0.52905595,19545
0.5199667,19546
0.5141749,19547
0.50608444,19548
0.5151332,19549
0.51719755,19550
0.47697598,19551
0.47613874,19552
0.45160213,19553
0.42096955,19554
0.42590463,19555
0.419403,19556
0.39673963,19557
0.39928806,19558
0.40784886,19559
0.40254387,19560
0.3841214,19561
0.384344,19562
0.38204506,19563
0.37542292,19564
0.3712099,19565
0.3697701,19566
0.39677304,19567
0.40066728,19568
0.3850772,19569
0.40792176,19570
0.42640316,19571
0.41264096,19572
0.40179902,19573
0.38972858,19574
0.3815724,19575
0.3752312,19576
0.3833992,19577
0.37591743,19578
0.3721494,19579
0.35385484,19580
0.39275765,19581
0.40726233,19582
0.4169921,19583
0.4026285,19584
0.40981686,19585
0.44140986,19586
0.4237284,19587
0.4632004,19588
0.45633537,19589
0.435229,19590
0.45676684,19591
0.45414317,19592
0.446302,19593
0.47124922,19594
0.45439768,19595
0.46688005,19596
0.44542107,19597
0.44772857,19598
0.4441468,19599
0.46451265,19600
0.45444044,19601
0.45684916,19602
0.43935376,19603
0.45629326,19604
0.4826893,19605
0.4923888,19606
0.5037854,19607
0.4657766,19608
0.5013791,19609
0.4967094,19610
0.51421434,19611
0.5210241,19612
0.53261554,19613
0.5366836,19614
0.5514796,19615
0.52440053,19616
0.5329084,19617
0.52398354,19618
0.54208654,19619
0.53228515,19620
0.5662456,19621
0.5602022,19622
0.5628644,19623
0.5650864,19624
0.55168563,19625
0.53156614,19626
0.5426528,19627
0.5134,19628
0.4762356,19629
0.45320597,19630
0.45879704,19631
0.48529008,19632
0.46786416,19633
0.48635367,19634
0.4662807,19635
0.46541008,19636
0.4672525,19637
0.4713669,19638
0.5185734,19639
0.5379713,19640
0.51822126,19641
0.4855308,19642
0.48556104,19643
0.4721228,19644
0.48506176,19645
0.50452733,19646
0.51791143,19647
0.5095081,19648
0.5726738,19649
0.5698373,19650
0.55306333,19651
0.52940863,19652
0.5448541,19653
0.5479648,19654
0.5549461,19655
0.5483602,19656
0.5685675,19657
0.59456646,19658
0.5767228,19659
0.5763763,19660
0.5711505,19661
0.5961329,19662
0.60159636,19663
0.6079505,19664
0.62357455,19665
0.62880963,19666
0.5707752,19667
0.59952337,19668
0.588421,19669
0.5945404,19670
0.5838243,19671
0.59115493,19672
0.6183209,19673
0.60740846,19674
0.58431405,19675
0.582772,19676
0.57064354,19677
0.57709527,19678
0.5422168,19679
0.54344344,19680
0.5528623,19681
0.542964,19682
0.54103744,19683
0.52773196,19684
0.50336593,19685
0.5056715,19686
0.49785674,19687
0.47114423,19688
0.4339982,19689
0.4455079,19690
0.48351818,19691
0.47304273,19692
0.4300133,19693
0.45287824,19694
0.450627,19695
0.42231455,19696
0.4359714,19697
0.45144287,19698
0.45261082,19699
0.5447794,19700
0.51660794,19701
0.50591934,19702
0.5139972,19703
0.51548904,19704
0.52211475,19705
0.52832896,19706
0.5210655,19707
0.52223533,19708
0.54943734,19709
0.5588874,19710
0.51208705,19711
0.5140807,19712
0.51887655,19713
0.5106256,19714
0.52342427,19715
0.55703825,19716
0.562867,19717
0.5435448,19718
0.58537555,19719
0.46942627,19720
0.49787024,19721
0.50749403,19722
0.5114948,19723
0.5062006,19724
0.5002415,19725
0.5353701,19726
0.539055,19727
0.46668735,19728
0.49051037,19729
0.5072455,19730
0.5227166,19731
0.51405483,19732
0.50677186,19733
0.5000148,19734
0.49579093,19735
0.49549025,19736
0.4742442,19737
0.49206352,19738
0.4533247,19739
0.44858494,19740
0.43355617,19741
0.42819753,19742
0.42784438,19743
0.4256412,19744
0.40500653,19745
0.3982151,19746
0.39451092,19747
0.40662038,19748
0.40737057,19749
0.4065094,19750
0.37595704,19751
0.37291592,19752
0.3883785,19753
0.42115512,19754
0.42842922,19755
0.41407114,19756
0.42714688,19757
0.4359503,19758
0.4534294,19759
0.44873035,19760
0.4537086,19761
0.46715772,19762
0.44874975,19763
0.44926992,19764
0.5063674,19765
0.5051246,19766
0.49686745,19767
0.4928459,19768
0.50029576,19769
0.4872754,19770
1.560336,19771
1.5513705,19772
1.6005332,19773
1.5441214,19774
1.5274507,19775
1.5418595,19776
1.5548844,19777
1.6106874,19778
1.5754123,19779
1.5957358,19780
1.6030917,19781
1.6086171,19782
1.6359321,19783
1.6503704,19784
1.607854,19785
1.6180006,19786
1.6326472,19787
1.6422853,19788
1.6150166,19789
1.6155536,19790
0.5237,19791
0.519685,19792
0.5102642,19793
0.5139432,19794
0.5074159,19795
0.5229202,19796
0.51621157,19797
0.5234949,19798
0.51174563,19799
0.49558267,19800
0.5192114,19801
0.50288254,19802
0.49253356,19803
0.5192137,19804
0.5483464,19805
0.52167654,19806
0.5114338,19807
0.49943018,19808
0.506132,19809
0.51888895,19810
0.5400622,19811
0.54440886,19812
0.57416034,19813
0.54533786,19814
0.56484926,19815
0.53653026,19816
0.5819227,19817
0.51761454,19818
0.5204798,19819
0.5369534,19820
0.5288532,19821
0.5128829,19822
0.50901604,19823
0.48612344,19824
0.426069,19825
0.47536203,19826
0.46064505,19827
0.4704845,19828
0.4380522,19829
0.44806492,19830
0.47076932,19831
0.50476265,19832
0.50737005,19833
0.5249332,19834
0.5236714,19835
0.52072084,19836
0.4934666,19837
0.49696368,19838
0.4908105,19839
0.4784093,19840
0.48641056,19841
0.49000368,19842
0.48803824,19843
0.52620584,19844
0.53532696,19845
0.53881925,19846
0.55779535,19847
0.525561,19848
0.5272304,19849
0.53477377,19850
0.47580966,19851
0.5016602,19852
0.49621987,19853
0.52998424,19854
0.5135069,19855
0.5259888,19856
0.6264543,19857
0.63815874,19858
0.66999424,19859
0.6948745,19860
0.69555116,19861
0.6974521,19862
0.70463735,19863
0.6708732,19864
0.6856486,19865
0.67188746,19866
0.65991545,19867
0.6789897,19868
0.68212754,19869
0.68671256,19870
0.7065916,19871
0.71347815,19872
0.74993825,19873
0.7153667,19874
0.6957823,19875
0.6583615,19876
0.5725264,19877
0.59884197,19878
0.60347867,19879
0.5551392,19880
0.5959388,19881
0.61236036,19882
0.6149619,19883
0.6171945,19884
0.6282406,19885
0.6393837,19886
0.6294504,19887
0.6258488,19888
0.64051634,19889
0.65320617,19890
0.631557,19891
0.5940102,19892
0.56901413,19893
0.5555454,19894
0.5803603,19895
0.58226633,19896
0.56349295,19897
0.55602294,19898
0.55367094,19899
0.6046664,19900
0.55567956,19901
0.53908896,19902
0.5338787,19903
0.54310876,19904
0.5297602,19905
0.5443991,19906
0.5160341,19907
0.5214022,19908
0.53976625,19909
0.54757637,19910
0.53409374,19911
0.5863132,19912
0.58746606,19913
0.5668676,19914
0.54569346,19915
0.8025143,19916
0.8324788,19917
0.8296385,19918
0.87542975,19919
0.8370246,19920
0.88266796,19921
0.87357044,19922
0.9136607,19923
0.9194671,19924
0.9120678,19925
0.8904402,19926
0.908584,19927
0.9094975,19928
0.86703986,19929
0.86330146,19930
0.86774606,19931
0.8461464,19932
0.847102,19933
0.85037285,19934
0.83026487,19935
0.6012897,19936
0.5905369,19937
0.5329972,19938
0.52982986,19939
0.4811199,19940
0.45608085,19941
0.4751244,19942
0.4740666,19943
0.48912573,19944
0.46025574,19945
0.49613503,19946
0.49214232,19947
0.53480494,19948
0.5650752,19949
0.5805833,19950
0.59607166,19951
0.55963725,19952
0.54898226,19953
0.55565804,19954
0.5669227,19955
0.5656702,19956
0.5831674,19957
0.60655415,19958
0.5741544,19959
0.54033273,19960
0.5406248,19961
0.5424223,19962
0.55859584,19963
0.5548394,19964
0.5414668,19965
0.52579105,19966
0.54578483,19967
0.51514035,19968
0.45798123,19969
0.44810325,19970
0.4350019,19971
0.43093306,19972
0.4403455,19973
0.46379483,19974
0.4776374,19975
0.43000758,19976
0.45338467,19977
0.44557023,19978
0.49387777,19979
0.50032896,19980
0.49815682,19981
0.4952288,19982
0.4512474,19983
0.44361085,19984
0.44639117,19985
0.428577,19986
0.4304867,19987
0.43973053,19988
0.44115993,19989
0.4421221,19990
0.46286783,19991
0.46692967,19992
0.50230217,19993
0.4849185,19994
0.47236314,19995
0.48513618,19996
0.48926252,19997
0.5082789,19998
0.47464338,19999
0.4673203,20000
0.45580998,20001
0.5356389,20002
0.5744219,20003
0.559614,20004
0.5618593,20005
0.56808764,20006
0.5778762,20007
0.6104966,20008
0.6443052,20009
0.65407896,20010
0.6110664,20011
0.61907315,20012
0.5967461,20013
0.6012534,20014
0.6157904,20015
0.5969688,20016
0.58790267,20017
0.57418746,20018
0.5787924,20019
0.5725808,20020
0.56491864,20021
0.4881085,20022
0.4721498,20023
0.4746793,20024
0.4573088,20025
0.46879935,20026
0.4749638,20027
0.43765977,20028
0.40749434,20029
0.4178786,20030
0.43109637,20031
0.50512004,20032
0.5106796,20033
0.49316847,20034
0.50558436,20035
0.50575495,20036
0.49934047,20037
0.55210644,20038
0.53679144,20039
0.53587437,20040
0.50809526,20041
0.51668996,20042
0.5315677,20043
0.52794975,20044
0.5261017,20045
0.51952237,20046
0.55830896,20047
0.533788,20048
0.5068579,20049
0.5273091,20050
0.52273744,20051
0.45615318,20052
0.44672385,20053
0.46796283,20054
0.5076186,20055
0.5145121,20056
0.48567975,20057
0.4595482,20058
0.47132933,20059
0.4778193,20060
0.4877968,20061
0.47763607,20062
0.48459378,20063
0.49124807,20064
0.5144373,20065
0.52836114,20066
0.4731792,20067
0.4947215,20068
0.54253215,20069
0.51498616,20070
0.5057341,20071
0.5438276,20072
0.54831177,20073
0.55022293,20074
0.5381256,20075
0.5424091,20076
0.5211046,20077
0.5023853,20078
0.5025898,20079
0.5326329,20080
0.5253996,20081
0.5214085,20082
0.53448266,20083
0.5363254,20084
0.4973067,20085
0.48043072,20086
0.5101753,20087
0.49751675,20088
0.4989331,20089
0.49705696,20090
0.49710226,20091
0.48095503,20092
0.49035436,20093
0.4956709,20094
0.7603915,20095
0.7859452,20096
0.77490914,20097
0.7794713,20098
0.8201612,20099
0.8021868,20100
0.7923117,20101
0.7705852,20102
0.75793725,20103
0.7571841,20104
0.7829083,20105
0.78173906,20106
0.7909885,20107
0.77054906,20108
0.730302,20109
0.6938364,20110
0.67767173,20111
0.68340546,20112
0.6683834,20113
0.70603037,20114
0.41960728,20115
0.4084775,20116
0.41699567,20117
0.40932792,20118
0.42444924,20119
0.41357797,20120
0.42042902,20121
0.4176825,20122
0.4409091,20123
0.4706999,20124
0.46912855,20125
0.47319344,20126
0.4345731,20127
0.44279248,20128
0.44947997,20129
0.467176,20130
0.4774198,20131
0.48354343,20132
0.48241898,20133
0.4428502,20134
0.48273063,20135
0.4688487,20136
0.46829978,20137
0.46372393,20138
0.46686715,20139
0.4623331,20140
0.47498518,20141
0.4929947,20142
0.522489,20143
0.5294232,20144
0.55693626,20145
0.57637435,20146
0.60384405,20147
0.606381,20148
0.5960856,20149
0.5831743,20150
0.5817438,20151
0.5728575,20152
0.58148056,20153
0.58938265,20154
0.50266045,20155
0.5155585,20156
0.52182275,20157
0.52016705,20158
0.5439862,20159
0.57331645,20160
0.5834141,20161
0.583993,20162
0.5210536,20163
0.5012793,20164
0.52095085,20165
0.527568,20166
0.5188964,20167
0.54626846,20168
0.5485405,20169
0.58565533,20170
0.58351463,20171
0.5919337,20172
0.586378,20173
0.5879971,20174
0.6035139,20175
0.5974816,20176
0.60175186,20177
0.5958812,20178
0.55374026,20179
0.5275903,20180
0.52555317,20181
0.5033375,20182
0.5187595,20183
0.5355549,20184
0.5200477,20185
0.4896569,20186
0.47152528,20187
0.45175174,20188
0.49551648,20189
0.48354724,20190
0.48677865,20191
0.4752248,20192
0.46644753,20193
0.46213448,20194
0.47305772,20195
0.4707766,20196
0.46533242,20197
0.49339962,20198
0.530585,20199
0.5121004,20200
0.5127702,20201
0.49479264,20202
0.5231374,20203
0.536297,20204
0.5516415,20205
0.545983,20206
0.5607181,20207
0.58701426,20208
0.5696123,20209
0.56135875,20210
0.573883,20211
0.61682427,20212
0.61026984,20213
0.6714941,20214
0.6099426,20215
0.64301956,20216
0.65748006,20217
0.5808129,20218
0.542612,20219
0.5483083,20220
0.5804733,20221
0.5731649,20222
0.5628642,20223
0.53713363,20224
0.5296716,20225
0.5089315,20226
0.49803737,20227
0.45132604,20228
0.4375888,20229
0.4839823,20230
0.4781971,20231
0.47769752,20232
0.46724898,20233
0.45837224,20234
0.45583305,20235
0.422964,20236
0.4731597,20237
0.49254897,20238
0.5331057,20239
0.5263809,20240
0.4955156,20241
0.49790213,20242
0.50925833,20243
0.5089005,20244
0.5450298,20245
0.5680719,20246
0.5508653,20247
0.55183125,20248
0.5633743,20249
0.5326466,20250
0.49493784,20251
0.4891819,20252
0.49897763,20253
0.48178262,20254
0.48798957,20255
0.48357645,20256
0.44630507,20257
0.45092812,20258
0.4451212,20259
0.44655174,20260
0.467695,20261
0.48354432,20262
0.47933084,20263
0.5190551,20264
0.4920334,20265
0.48347762,20266
0.48602012,20267
0.5106405,20268
0.520949,20269
0.5140758,20270
0.4976734,20271
0.505366,20272
0.51472706,20273
0.5307681,20274
0.5145279,20275
0.53029305,20276
0.54334867,20277
0.4979432,20278
0.49735165,20279
0.49630678,20280
0.49584395,20281
0.4580647,20282
0.46170786,20283
0.43769655,20284
0.43577588,20285
0.49177554,20286
0.503034,20287
0.50895196,20288
0.49538448,20289
0.49393436,20290
0.50512844,20291
0.48760837,20292
0.49230215,20293
0.49222264,20294
0.4876138,20295
0.4912163,20296
0.46561128,20297
0.44132522,20298
0.5054529,20299
0.45601165,20300
0.4813856,20301
0.5023153,20302
0.4834574,20303
0.4722683,20304
0.44605848,20305
0.4298175,20306
0.4171025,20307
0.4113809,20308
0.41291034,20309
0.4176454,20310
0.41396037,20311
0.44193465,20312
0.43916112,20313
0.42526686,20314
0.446175,20315
0.46240038,20316
0.47465187,20317
0.50252956,20318
0.49192384,20319
0.50201917,20320
0.4902668,20321
0.4952334,20322
0.54707414,20323
0.5508709,20324
0.5565359,20325
0.5547938,20326
0.55368435,20327
0.56272537,20328
0.56519055,20329
0.60042775,20330
0.5895411,20331
0.5726095,20332
0.5572819,20333
0.57545584,20334
0.5597678,20335
0.54038906,20336
0.51172966,20337
0.4820662,20338
0.4431815,20339
0.46068683,20340
0.47454625,20341
0.4682414,20342
0.4569201,20343
0.44641668,20344
0.45708907,20345
0.45705432,20346
0.4559716,20347
0.44237733,20348
0.45790413,20349
0.44271076,20350
0.4295853,20351
0.43095002,20352
0.4504766,20353
0.46825653,20354
0.48809204,20355
0.487467,20356
0.51211035,20357
0.5562283,20358
0.50922126,20359
0.48979062,20360
0.5103041,20361
0.51012975,20362
0.5479906,20363
0.5508823,20364
0.5616128,20365
0.5473439,20366
0.5405602,20367
0.53981644,20368
0.53790057,20369
0.53893983,20370
0.57154167,20371
0.559315,20372
0.55408704,20373
0.54860675,20374
0.5632859,20375
0.5686355,20376
0.54633373,20377
0.5274626,20378
0.5306138,20379
0.52573323,20380
0.5201439,20381
0.5333284,20382
0.5199613,20383
0.4837847,20384
0.4591248,20385
0.4514908,20386
0.46170455,20387
0.49235082,20388
0.5191731,20389
0.522586,20390
0.5173886,20391
0.5376961,20392
0.5206043,20393
0.49389896,20394
0.4902613,20395
0.5137041,20396
0.5759424,20397
0.58741343,20398
0.5981493,20399
0.6308363,20400
0.6054595,20401
0.60197717,20402
0.60134035,20403
0.61456686,20404
0.6343029,20405
0.64763194,20406
0.637173,20407
0.6270965,20408
0.60907423,20409
0.59847546,20410
0.6379822,20411
0.628764,20412
0.631593,20413
0.63805956,20414
0.6119247,20415
0.5713585,20416
0.5264047,20417
0.5009213,20418
0.4850123,20419
0.4615531,20420
0.47983468,20421
0.50343615,20422
0.5078044,20423
0.52364,20424
0.5335142,20425
0.51386917,20426
0.5413662,20427
0.53323925,20428
0.53668934,20429
0.522171,20430
0.45884573,20431
0.45444828,20432
0.43746677,20433
0.42025778,20434
0.43109602,20435
0.42595986,20436
0.41868347,20437
0.4238167,20438
0.46333024,20439
0.49861673,20440
0.51703686,20441
0.47249207,20442
0.4658495,20443
0.45479736,20444
0.46894488,20445
0.47288683,20446
0.45748264,20447
0.449023,20448
0.48837638,20449
0.5007237,20450
0.5023873,20451
0.5050305,20452
0.49175093,20453
0.50586236,20454
0.4974071,20455
0.48551095,20456
0.49696216,20457
0.49168056,20458
0.43807983,20459
0.41865635,20460
0.40186062,20461
0.4109671,20462
0.41827393,20463
0.42738804,20464
0.39284047,20465
0.4062105,20466
0.41685984,20467
0.43500182,20468
0.38643554,20469
0.4228262,20470
0.44558176,20471
0.43653852,20472
0.44413042,20473
0.43385747,20474
0.45337656,20475
0.4694566,20476
0.5350106,20477
0.5411928,20478
0.5299669,20479
0.5457555,20480
0.5511102,20481
0.5594405,20482
0.5513914,20483
0.57524896,20484
0.57605183,20485
0.57520807,20486
0.5536266,20487
0.57053214,20488
0.5798398,20489
0.56552577,20490
0.58366644,20491
0.59329706,20492
0.5742771,20493
0.57822955,20494
0.54752064,20495
0.5447525,20496
0.524289,20497
0.5105644,20498
0.51958144,20499
0.48979723,20500
0.4945431,20501
0.50995046,20502
0.5240024,20503
0.540799,20504
0.5302472,20505
0.49387455,20506
0.5220367,20507
0.5100142,20508
0.48918635,20509
0.48928106,20510
0.48251703,20511
0.5177753,20512
0.56851447,20513
0.57633126,20514
0.57323176,20515
0.5496926,20516
0.53719306,20517
0.5556515,20518
0.5483956,20519
0.5512196,20520
0.5738307,20521
0.57420856,20522
0.5616489,20523
0.5362859,20524
0.532987,20525
0.53281087,20526
0.5115871,20527
0.51739043,20528
0.5359372,20529
0.5414079,20530
0.54905075,20531
0.5233681,20532
0.49168292,20533
0.47403058,20534
0.49822295,20535
0.50564516,20536
0.52548325,20537
0.5166565,20538
0.5213879,20539
0.53312033,20540
0.5363835,20541
0.56610864,20542
0.5467898,20543
0.54375774,20544
0.54051995,20545
0.56107074,20546
0.5631531,20547
0.54539627,20548
0.5905253,20549
0.5900097,20550
0.57916147,20551
0.60896933,20552
0.57133025,20553
0.5949289,20554
0.57161766,20555
0.5571156,20556
0.58048403,20557
0.5814975,20558
0.5635808,20559
0.54538095,20560
0.542172,20561
0.48748308,20562
0.4592736,20563
0.46365225,20564
0.5031343,20565
0.47565237,20566
0.50992596,20567
0.54061705,20568
0.50998,20569
0.518202,20570
0.5115955,20571
0.52881014,20572
0.50389206,20573
0.48515254,20574
0.50106704,20575
0.51169634,20576
0.48649466,20577
0.50578946,20578
0.51379836,20579
0.5248062,20580
0.5291416,20581
0.56927854,20582
0.5660159,20583
0.5851376,20584
0.5431068,20585
0.5539318,20586
0.51800036,20587
0.50740755,20588
0.5144291,20589
0.49727294,20590
0.5151366,20591
0.51742584,20592
0.49920636,20593
0.5302918,20594
0.50265354,20595
0.5000337,20596
0.5099556,20597
0.53691536,20598
0.57876384,20599
0.5859103,20600
0.57726735,20601
0.55387855,20602
0.5525603,20603
0.534732,20604
0.52942514,20605
0.5081518,20606
0.50224745,20607
0.5362877,20608
0.5341778,20609
0.5353131,20610
0.5011932,20611
0.5019887,20612
0.5827765,20613
0.5597203,20614
0.6005032,20615
0.5856056,20616
0.60156244,20617
0.5767796,20618
0.5331109,20619
0.5138648,20620
0.57287085,20621
0.56613284,20622
0.60258204,20623
0.62418044,20624
0.61175686,20625
0.5846323,20626
0.59955394,20627
0.5885636,20628
0.58991814,20629
0.55556554,20630
0.56009537,20631
0.51868933,20632
0.4491511,20633
0.4576866,20634
0.4256189,20635
0.41065517,20636
0.39713994,20637
0.3779371,20638
0.4065333,20639
0.40274858,20640
0.36135054,20641
0.35984942,20642
0.34655005,20643
0.32034418,20644
0.35077173,20645
0.36949617,20646
0.36907706,20647
0.36267573,20648
0.37549204,20649
0.37199345,20650
0.38651672,20651
0.39150578,20652
0.38902214,20653
0.3872915,20654
0.4018063,20655
0.41378698,20656
0.40624312,20657
0.4448209,20658
0.43436524,20659
0.4427057,20660
0.47912288,20661
0.47447103,20662
0.46192548,20663
0.46660498,20664
0.45871714,20665
0.4706972,20666
0.45261583,20667
0.500703,20668
0.48382184,20669
0.47862235,20670
0.47367877,20671
0.5032028,20672
0.5793581,20673
0.5943227,20674
0.59249496,20675
0.61066335,20676
0.6374642,20677
0.6152219,20678
0.62174493,20679
0.6947107,20680
0.6534083,20681
0.6924589,20682
0.6929262,20683
0.699224,20684
0.66414064,20685
0.6567728,20686
0.676929,20687
0.6262602,20688
0.63761014,20689
0.6509547,20690
0.66380286,20691
0.63072693,20692
0.5644621,20693
0.5831742,20694
0.59516215,20695
0.5761554,20696
0.57063305,20697
0.5130781,20698
0.52742344,20699
0.50287867,20700
0.5143099,20701
0.48165092,20702
0.4813111,20703
0.47308084,20704
0.48984304,20705
0.47818342,20706
0.48794731,20707
0.4895663,20708
0.5137963,20709
0.49202436,20710
0.46997252,20711
0.47035772,20712
0.47807258,20713
0.43925324,20714
0.48163465,20715
0.4753107,20716
0.46610224,20717
0.5027423,20718
0.4732114,20719
0.46942937,20720
0.47442138,20721
0.5220666,20722
0.5184534,20723
0.5491105,20724
0.5272341,20725
0.5418792,20726
0.5396333,20727
0.5462221,20728
0.53986955,20729
0.53981566,20730
0.54733044,20731
0.5468835,20732
0.58254004,20733
0.5552864,20734
0.542274,20735
0.545642,20736
0.5537328,20737
0.49911845,20738
0.49923444,20739
0.5328477,20740
0.536549,20741
0.44669816,20742
0.45545557,20743
0.44689837,20744
0.4641785,20745
0.47334665,20746
0.46918476,20747
0.46993095,20748
0.46480757,20749
0.47678867,20750
0.4647798,20751
0.45288426,20752
0.40332982,20753
0.4168701,20754
0.41521427,20755
0.41667342,20756
0.40277937,20757
0.40210235,20758
0.40333673,20759
0.3834184,20760
0.3760408,20761
0.36919552,20762
0.37028813,20763
0.37036332,20764
0.37906507,20765
0.36580914,20766
0.3570096,20767
0.35124633,20768
0.3601091,20769
0.36665666,20770
0.35753497,20771
0.36571765,20772
0.3691575,20773
0.4507471,20774
0.45490944,20775
0.48805824,20776
0.49184927,20777
0.5080629,20778
0.5050728,20779
0.49018636,20780
0.48635054,20781
0.5139178,20782
0.52214974,20783
0.5272024,20784
0.568597,20785
0.5848538,20786
0.6009267,20787
0.59111273,20788
0.5957159,20789
0.6163701,20790
0.62942123,20791
0.62382734,20792
0.63710386,20793
0.5301096,20794
0.5250201,20795
0.48141995,20796
0.48868906,20797
0.47876588,20798
0.4942338,20799
0.49295196,20800
0.47341073,20801
0.450398,20802
0.4486298,20803
0.47637507,20804
0.44426852,20805
0.4585992,20806
0.43323472,20807
0.46579024,20808
0.4980175,20809
0.4678393,20810
0.48580715,20811
0.4660004,20812
0.48406297,20813
0.4793329,20814
0.47104195,20815
0.4695724,20816
0.4611342,20817
0.45917124,20818
0.4501403,20819
0.4586552,20820
0.43663147,20821
0.44164467,20822
0.45635933,20823
0.4340441,20824
0.41696468,20825
0.444625,20826
0.45291984,20827
0.49654537,20828
0.46389875,20829
0.46301767,20830
0.45492038,20831
0.45661107,20832
0.45477825,20833
0.45941162,20834
0.4915196,20835
0.5624904,20836
0.5700014,20837
0.5744309,20838
0.5736387,20839
0.5992476,20840
0.6442159,20841
0.65336835,20842
0.67501193,20843
0.7051816,20844
0.71267873,20845
0.6652796,20846
0.65048826,20847
0.6284395,20848
0.6635827,20849
0.65479743,20850
0.69021493,20851
0.7015046,20852
0.6869855,20853
0.6716471,20854
0.62049466,20855
0.55392545,20856
0.5449702,20857
0.58560985,20858
0.5648183,20859
0.542563,20860
0.54531014,20861
0.5467458,20862
0.5256719,20863
0.50582457,20864
0.58015513,20865
0.5571507,20866
0.5857058,20867
0.57622063,20868
0.5106265,20869
0.51491946,20870
0.5007871,20871
0.50173503,20872
0.50330627,20873
0.5638917,20874
0.5658089,20875
0.5708385,20876
0.5795039,20877
0.5431878,20878
0.5467947,20879
0.56027466,20880
0.5480539,20881
0.5438826,20882
0.53378797,20883
0.524693,20884
0.45168993,20885
0.4771732,20886
0.46221745,20887
0.470097,20888
0.45145312,20889
0.47737005,20890
0.48766226,20891
0.5183299,20892
0.53019905,20893
0.4703692,20894
0.47566015,20895
0.47036237,20896
0.46998575,20897
0.4859278,20898
0.4811504,20899
0.4605552,20900
0.47285563,20901
0.47813547,20902
0.4768662,20903
0.48237637,20904
0.4911853,20905
0.5017229,20906
0.50975424,20907
0.503888,20908
0.5218054,20909
0.49356076,20910
0.5081273,20911
0.48527,20912
0.4883919,20913
0.49396902,20914
0.50401264,20915
0.5183814,20916
0.49037695,20917
0.47925755,20918
0.48121378,20919
0.48944563,20920
0.4887501,20921
0.513272,20922
0.5035253,20923
0.48889935,20924
0.4717871,20925
0.4785629,20926
0.48018235,20927
0.48638296,20928
0.48704475,20929
0.471282,20930
0.4684968,20931
0.50291353,20932
0.508674,20933
0.5186446,20934
0.52861935,20935
0.51801443,20936
0.53092873,20937
0.5227637,20938
0.54721946,20939
0.5468352,20940
0.56029695,20941
0.5520465,20942
0.5614137,20943
0.5923229,20944
0.6172465,20945
0.5716015,20946
0.5628656,20947
0.6072153,20948
0.5798869,20949
0.6469552,20950
0.5762468,20951
0.60424083,20952
0.62105113,20953
0.5857115,20954
0.559796,20955
0.54481614,20956
0.5713343,20957
0.5940183,20958
0.59158105,20959
0.5814172,20960
0.6236649,20961
0.57696986,20962
0.59505206,20963
0.57190144,20964
0.58310235,20965
0.5802267,20966
0.6147869,20967
0.6124913,20968
0.6144561,20969
0.5893724,20970
0.6035569,20971
0.58277005,20972
0.5817169,20973
0.5604749,20974
0.57314146,20975
0.55011386,20976
0.53928906,20977
0.5037253,20978
0.51117474,20979
0.50981903,20980
0.47466162,20981
0.491463,20982
0.49593475,20983
0.4646631,20984
0.462337,20985
0.47294852,20986
0.41924995,20987
0.41157445,20988
0.4185332,20989
0.41971532,20990
0.3995626,20991
0.4119225,20992
0.42281595,20993
0.4108442,20994
0.47605243,20995
0.48651773,20996
0.5182025,20997
0.5095497,20998
0.4876998,20999
0.5168274,21000
0.5078931,21001
0.5250932,21002
0.5382927,21003
0.56141955,21004
0.5685028,21005
0.55118686,21006
0.5717545,21007
0.58383626,21008
0.5946194,21009
0.56547296,21010
0.57079846,21011
0.5762093,21012
0.57534176,21013
0.5921776,21014
0.5310382,21015
0.5136012,21016
0.5026624,21017
0.49696493,21018
0.48169217,21019
0.44652426,21020
0.43037248,21021
0.45632002,21022
0.43861538,21023
0.4303782,21024
0.43112382,21025
0.46697232,21026
0.43738905,21027
0.45307642,21028
0.47197613,21029
0.47845367,21030
0.47717962,21031
0.47553566,21032
0.4742981,21033
0.44938406,21034
0.4759267,21035
0.48038286,21036
0.49584436,21037
0.48222056,21038
0.52709717,21039
0.5315308,21040
0.53105086,21041
0.5204863,21042
0.5100007,21043
0.55231375,21044
0.5390527,21045
0.5306654,21046
0.552526,21047
0.52726465,21048
0.5102304,21049
0.56009483,21050
0.5387474,21051
0.54551566,21052
0.5474945,21053
0.56682056,21054
0.5399051,21055
0.53605354,21056
0.48420915,21057
0.5086438,21058
0.5300656,21059
0.5348116,21060
0.5509557,21061
0.5103618,21062
0.5384397,21063
0.50696546,21064
0.5132574,21065
0.50577706,21066
0.5193919,21067
0.52804524,21068
0.56374186,21069
0.53748953,21070
0.542702,21071
0.54230005,21072
0.51599264,21073
0.5252151,21074
0.55508316,21075
0.54983556,21076
0.54018396,21077
0.5557854,21078
0.5041383,21079
0.5157955,21080
0.5334201,21081
0.5339592,21082
0.5499232,21083
0.5630116,21084
0.5761549,21085
0.52681595,21086
0.4810938,21087
0.50655806,21088
0.470021,21089
0.485743,21090
0.505143,21091
0.5121471,21092
0.5570079,21093
0.5640768,21094
0.5861681,21095
0.5799931,21096
0.58693844,21097
0.5771872,21098
0.55261546,21099
0.57165605,21100
0.55024564,21101
0.5334801,21102
0.49888444,21103
0.52055514,21104
0.5171899,21105
0.55209064,21106
0.5711122,21107
0.5423842,21108
0.55058694,21109
0.52466756,21110
0.5544018,21111
0.53182155,21112
0.53147423,21113
0.53013915,21114
0.48447344,21115
0.48056358,21116
0.47668523,21117
0.50049275,21118
0.46170366,21119
0.45085728,21120
0.44295183,21121
0.48528564,21122
0.5049189,21123
0.47486573,21124
0.4564011,21125
0.41819283,21126
0.4007085,21127
0.42060512,21128
0.43914118,21129
0.4938071,21130
0.48768777,21131
0.47030962,21132
0.44060424,21133
0.4587333,21134
0.48918614,21135
0.4945595,21136
0.49564907,21137
0.50324166,21138
0.5186588,21139
0.5279136,21140
0.5341845,21141
0.5032965,21142
0.5041872,21143
0.52737874,21144
0.5174566,21145
0.52603674,21146
0.5416983,21147
0.5373432,21148
0.52036726,21149
0.5208163,21150
0.5321174,21151
0.53901416,21152
0.5485529,21153
0.55035126,21154
0.52486503,21155
0.5071207,21156
0.50903815,21157
0.50295115,21158
0.4882809,21159
0.46810696,21160
0.5082827,21161
0.54721093,21162
0.53641534,21163
0.53855234,21164
0.5484538,21165
0.5523518,21166
0.52644974,21167
0.51346815,21168
0.5210744,21169
0.49259028,21170
0.4760577,21171
0.49434918,21172
0.48409563,21173
0.50955665,21174
0.5337769,21175
0.53273135,21176
0.539866,21177
0.52528465,21178
0.506525,21179
0.5162432,21180
0.5257845,21181
0.48583817,21182
0.5142498,21183
0.5124545,21184
0.4903997,21185
0.48883352,21186
0.49468258,21187
0.4917254,21188
0.45187283,21189
0.45666826,21190
0.47616717,21191
0.4850061,21192
0.4912871,21193
0.48784828,21194
0.48753902,21195
0.45234126,21196
0.43975917,21197
0.438125,21198
0.45139578,21199
0.44115096,21200
0.39268473,21201
0.40745655,21202
0.40370697,21203
0.41077647,21204
0.4392947,21205
0.46282357,21206
0.460359,21207
0.5047782,21208
0.47347826,21209
0.49668008,21210
0.49284542,21211
0.5059225,21212
0.5647011,21213
0.5480583,21214
0.5652717,21215
0.582767,21216
0.60655934,21217
0.5962866,21218
0.5998708,21219
0.5926094,21220
0.57974577,21221
0.5843129,21222
0.60655105,21223
0.56997186,21224
0.5615654,21225
0.54694843,21226
0.5380813,21227
0.52621156,21228
0.52023035,21229
0.5289439,21230
0.52500105,21231
0.5008588,21232
0.49445975,21233
0.517868,21234
0.50229716,21235
0.49673596,21236
0.48830265,21237
0.47312286,21238
0.49351692,21239
0.51567274,21240
0.54575783,21241
0.5086867,21242
0.51291513,21243
0.5582805,21244
0.5532062,21245
0.56548804,21246
0.61108404,21247
0.6122862,21248
0.6528893,21249
0.64355916,21250
0.6184856,21251
0.6162588,21252
0.6165238,21253
0.60963845,21254
0.62733155,21255
0.60451436,21256
0.6624328,21257
0.6853067,21258
0.67655593,21259
0.68191683,21260
0.6580635,21261
0.6831707,21262
0.6530882,21263
0.56178,21264
0.52152526,21265
0.527644,21266
0.5048359,21267
0.5239605,21268
0.5465144,21269
0.5283699,21270
0.5281769,21271
0.54809093,21272
0.5543343,21273
0.6006746,21274
0.609304,21275
0.64367163,21276
0.623123,21277
0.5682898,21278
0.59331715,21279
0.5775984,21280
0.5627012,21281
0.58421105,21282
0.58513725,21283
0.60385156,21284
0.6307985,21285
0.59794086,21286
0.6063435,21287
0.592567,21288
0.57351166,21289
0.5550816,21290
0.585884,21291
0.57876235,21292
0.5749515,21293
0.54634726,21294
0.52084184,21295
0.492097,21296
0.4904646,21297
0.4881297,21298
0.50344455,21299
0.5181308,21300
0.50417775,21301
0.5166854,21302
0.5273304,21303
0.490503,21304
0.49425346,21305
0.5259822,21306
0.5367904,21307
0.55515975,21308
0.55719215,21309
0.55644256,21310
0.5163421,21311
0.5073018,21312
0.5120868,21313
0.52252936,21314
0.55110455,21315
0.56922126,21316
0.6460442,21317
0.6706935,21318
0.6750123,21319
0.6446421,21320
0.6299779,21321
0.60609734,21322
0.59656614,21323
0.61645323,21324
0.606344,21325
0.5591514,21326
0.5625119,21327
0.57286316,21328
0.5928988,21329
0.6285127,21330
0.62795186,21331
0.65844095,21332
0.65959173,21333
0.6605372,21334
0.5991424,21335
0.5711103,21336
0.477597,21337
0.47410157,21338
0.46168008,21339
0.500441,21340
0.5003246,21341
0.53738624,21342
0.5286605,21343
0.5437352,21344
0.5523015,21345
0.5928589,21346
0.56325215,21347
0.59241647,21348
0.5587004,21349
0.5184478,21350
0.53236365,21351
0.5573392,21352
0.5552611,21353
0.5115882,21354
0.52278924,21355
0.5227904,21356
0.5467682,21357
0.55763286,21358
0.5891221,21359
0.54232955,21360
0.55549073,21361
0.55893826,21362
0.56550884,21363
0.58793193,21364
0.5838992,21365
0.54205495,21366
0.5388468,21367
0.5408527,21368
0.56682897,21369
0.5618111,21370
0.53827226,21371
0.5209416,21372
0.52515906,21373
0.5594936,21374
0.55606556,21375
0.5375525,21376
0.5437371,21377
0.536885,21378
0.51865137,21379
0.52282643,21380
0.48775274,21381
