threshold,tp,fp,tn,fn,precision,recall,f1,fpr,tpr,support_pos,support_neg,fp_per_hour,dataset,split,detector
0.613942196915599,0,20,1922,0,0.0,,,0.010298661174047374,,0,1942,377.04130505446835,carla,val,isolation_forest
0.17685406611704887,0,20,1922,0,0.0,,,0.010298661174047374,,0,1942,377.04130505446835,carla,val,pca
0.01804672680438557,0,20,1922,0,0.0,,,0.010298661174047374,,0,1942,377.04130505446835,carla,val,autoencoder
0.613942196915599,0,107,10527,0,0.0,,,0.010062065074290014,,0,10634,369.73332548313863,carla,test,isolation_forest
0.17685406611704887,0,1012,9622,0,0.0,,,0.09516644724468686,,0,10634,3496.917059709685,carla,test,pca
0.01804672680438557,0,1009,9625,0,0.0,,,0.09488433327064134,,0,10634,3486.550704789597,carla,test,autoencoder
