score,window_index
0.98948514,19
0.94589925,20
0.9442992,21
0.96554613,22
0.78811926,23
0.80023134,24
0.7071035,25
0.73264784,26
0.7662787,27
0.78113604,28
0.748415,29
0.71961504,30
0.7179886,31
0.766265,32
0.93047607,33
0.9660299,34
0.7816331,35
0.7755185,36
0.8092598,37
0.68090194,38
0.6738603,39
0.68546957,40
0.6612536,41
0.6418765,42
0.65163755,43
0.6724303,44
0.80966353,45
0.89370656,46
0.86311823,47
0.8380307,48
0.8214023,49
0.82196444,50
0.82571244,51
0.830967,52
0.6763153,53
0.70945853,54
0.7142286,55
0.72222495,56
0.7123874,57
0.7244239,58
0.733087,59
0.7111326,60
0.73465043,61
0.744854,62
0.7218439,63
0.7167486,64
0.63558394,65
0.52640593,66
0.5521566,67
0.63847184,68
0.6464451,69
0.8064259,70
0.89900476,71
0.9618154,72
0.9918347,73
0.9907937,74
0.9733203,75
0.96940976,76
0.9590657,77
0.9533815,78
0.9630761,79
0.96547335,80
0.9357575,81
1.1199659,82
1.1361222,83
1.1413518,84
1.1578393,85
1.2720455,86
1.2835332,87
1.2046016,88
1.2007475,89
1.092459,90
0.9646698,91
0.8171744,92
0.76197845,93
0.7379065,94
0.73598427,95
0.7309591,96
0.71691346,97
0.71854764,98
0.73868483,99
0.7596646,100
0.77710426,101
0.6187405,102
0.702029,103
0.72626257,104
0.8562772,105
0.7028925,106
0.70114106,107
0.6970501,108
0.6821474,109
0.6642633,110
0.6618834,111
0.65729713,112
0.6689241,113
0.8923195,114
0.9362697,115
0.93297255,116
0.92716295,117
0.9318136,118
0.91646683,119
0.96713483,120
1.0428588,121
0.9755062,122
0.8306507,123
0.8514021,124
0.7618379,125
0.74955976,126
0.7724016,127
0.75417733,128
0.76162416,129
0.77890813,130
0.777841,131
0.7769775,132
0.80871093,133
0.5630332,134
0.56403494,135
0.5644665,136
0.65720946,137
0.6616846,138
0.6762512,139
0.6535626,140
0.60293823,141
0.6096412,142
0.59297836,143
0.59232163,144
0.59682536,145
0.5951227,146
0.5813817,147
0.59991765,148
0.60498786,149
0.6327341,150
0.70347667,151
0.7436823,152
0.7179599,153
0.73601013,154
0.7283017,155
0.8436657,156
0.7415302,157
0.7494001,158
0.72831535,159
0.718938,160
0.73398125,161
0.7436167,162
0.74586105,163
0.73007065,164
0.7322826,165
0.745957,166
0.7156541,167
0.9132406,168
0.89785075,169
0.91951805,170
0.8225849,171
0.7964769,172
0.7861827,173
0.79148966,174
0.84086883,175
0.7269938,176
0.7063361,177
0.69828504,178
0.70495695,179
0.71197325,180
0.7133483,181
0.708122,182
0.71529526,183
0.7580353,184
0.76314193,185
0.7800341,186
0.84857094,187
0.56577307,188
0.5734117,189
0.5744609,190
0.59473276,191
0.60526663,192
0.60147357,193
0.604746,194
0.6014462,195
0.62540543,196
0.6191285,197
0.6218225,198
0.6243232,199
0.63390905,200
0.62205863,201
0.6405171,202
0.6138756,203
0.5882385,204
0.6027308,205
0.6282149,206
0.58719105,207
0.58476615,208
0.57056737,209
0.5639685,210
0.55191344,211
0.542518,212
0.54021937,213
0.5549812,214
0.5361181,215
0.54501987,216
0.5253648,217
0.53585017,218
0.5484347,219
0.5394012,220
0.54007196,221
0.5259963,222
0.52738214,223
0.5464776,224
0.53575015,225
0.5240353,226
0.5428495,227
0.5432794,228
0.5431145,229
0.53577644,230
0.561996,231
0.5716307,232
0.5724084,233
0.5176594,234
0.51868325,235
0.5279383,236
0.52316946,237
0.5319084,238
0.54050344,239
0.55855894,240
0.5609633,241
0.57219005,242
0.55158675,243
0.52404857,244
0.51956314,245
0.5165354,246
0.5159859,247
0.5308889,248
0.5927914,249
0.5847189,250
0.6726309,251
0.6642511,252
0.6792162,253
0.66948295,254
0.67402023,255
0.655405,256
0.64306533,257
0.7444272,258
0.7222835,259
0.74064916,260
0.7601307,261
0.7314203,262
1.0428602,263
1.1251397,264
1.0966487,265
1.0725875,266
1.0558136,267
1.038413,268
0.99214864,269
0.98354065,270
0.8642298,271
0.8842915,272
0.8780625,273
0.89030844,274
0.87349373,275
0.87575614,276
0.90544504,277
0.75006807,278
0.8619651,279
0.90499777,280
0.9087031,281
0.94695926,282
0.7223028,283
0.60814494,284
0.62665635,285
0.6277777,286
0.64963526,287
0.6439561,288
0.6386797,289
0.6344053,290
0.63758427,291
0.74798644,292
0.7628935,293
0.7738392,294
0.75973994,295
0.7910088,296
0.7887331,297
0.8088956,298
0.71818924,299
0.6353806,300
0.6309793,301
0.61559284,302
0.60995,303
0.62465453,304
0.6407061,305
0.63519686,306
0.6075117,307
0.6335841,308
0.6332884,309
0.74450684,310
0.77192706,311
0.6344126,312
0.7537427,313
0.7934044,314
0.80029356,315
0.9458749,316
1.0754703,317
1.108304,318
1.1167047,319
1.1445229,320
1.1312007,321
1.112343,322
1.093266,323
1.0479017,324
1.0392294,325
1.0441682,326
1.0947436,327
1.1012352,328
1.1451447,329
0.9146391,330
0.99984664,331
1.0179816,332
0.8412896,333
0.84584594,334
0.86929536,335
0.7643035,336
0.5674404,337
0.56691545,338
0.6995195,339
0.70494705,340
0.6870769,341
0.7116394,342
0.7055455,343
0.7316625,344
0.74179053,345
0.7445205,346
0.7454714,347
0.77248555,348
0.8762443,349
0.93386316,350
1.1445199,351
1.1710085,352
1.1717144,353
1.2762463,354
1.3084096,355
1.3253456,356
1.3210214,357
1.3426163,358
1.1605693,359
1.146798,360
1.134106,361
1.1405268,362
1.2452803,363
1.2363334,364
1.3486382,365
1.3535689,366
1.3572811,367
1.3725258,368
1.2207956,369
1.2247579,370
0.929975,371
0.7946699,372
0.8220251,373
0.69621927,374
0.6918144,375
0.66897696,376
0.671703,377
0.67088157,378
0.6568216,379
0.6612014,380
0.6828987,381
0.68312883,382
0.56934005,383
0.5743779,384
0.57612467,385
0.55699915,386
0.559514,387
0.5507712,388
0.5666782,389
0.5577099,390
0.533656,391
0.6525766,392
0.6718491,393
0.66127414,394
0.6772313,395
0.6755745,396
0.68177855,397
0.6770828,398
0.69266486,399
0.71743864,400
0.6899423,401
0.7645384,402
0.7708888,403
0.78341293,404
0.67179954,405
0.68949515,406
0.70106125,407
0.74204373,408
0.8381392,409
0.803963,410
0.81484175,411
0.6717682,412
0.6779036,413
0.6631851,414
0.769999,415
0.76160735,416
0.7811517,417
0.78037214,418
0.7844565,419
0.78623915,420
0.7836026,421
0.6988253,422
0.70729804,423
0.7134162,424
0.6924605,425
0.71791303,426
0.72352964,427
0.7466087,428
0.65970683,429
0.6500114,430
0.6534453,431
0.6488559,432
0.6352104,433
0.66950357,434
0.5124581,435
0.51680106,436
0.49695465,437
0.51081526,438
0.4997187,439
0.52078813,440
0.51228845,441
0.51151985,442
0.510831,443
0.505133,444
0.5004397,445
0.4999595,446
0.5164893,447
0.527223,448
0.50336844,449
0.5302818,450
0.5346709,451
0.5422867,452
0.54604465,453
0.560113,454
0.5719988,455
0.5807198,456
0.5805888,457
0.6750415,458
0.68857515,459
0.66627485,460
0.66924214,461
0.67993677,462
0.67545545,463
0.75146514,464
0.76612276,465
0.7563097,466
0.786738,467
0.76190096,468
0.7703577,469
0.7456888,470
0.76188034,471
0.91926163,472
0.9781694,473
0.97516596,474
0.9705097,475
0.9688309,476
0.9946861,477
0.85598856,478
0.8593532,479
0.84415543,480
0.9604428,481
0.9651727,482
0.9858313,483
0.89278895,484
0.86082613,485
0.9016758,486
0.85725975,487
0.8745043,488
0.8941137,489
0.8942099,490
0.8906171,491
0.73100924,492
0.6538449,493
0.6624104,494
0.7864502,495
0.7597054,496
0.7565654,497
0.7749643,498
0.7725615,499
0.7886746,500
0.9928073,501
1.0188302,502
1.0063564,503
0.9764113,504
0.9838118,505
0.94269663,506
0.96433866,507
0.9619243,508
0.9969375,509
1.032112,510
1.0272912,511
1.1294298,512
1.1034017,513
1.1239846,514
1.0101063,515
1.0298676,516
1.043424,517
1.0077213,518
1.0021353,519
1.0429008,520
0.67952234,521
0.6831441,522
0.7066666,523
0.7574888,524
0.75253046,525
0.7646773,526
0.740645,527
0.7086546,528
0.7021201,529
0.75124604,530
0.7719705,531
0.81461054,532
0.96835446,533
1.047098,534
1.1085724,535
1.0793004,536
1.073099,537
1.084343,538
1.0921327,539
1.0774636,540
1.0807482,541
1.0818616,542
1.1525184,543
1.134419,544
1.1288834,545
1.1216052,546
1.2048427,547
1.3243582,548
1.3493319,549
1.2144933,550
1.2462426,551
1.1427777,552
0.93180156,553
0.837005,554
0.79180425,555
0.80202365,556
0.84919596,557
0.8645093,558
0.8437359,559
0.85038286,560
0.8572185,561
0.8759336,562
0.8121922,563
0.86945266,564
0.86522186,565
0.85053945,566
0.74552065,567
0.73657304,568
0.8192027,569
0.79140604,570
0.74708444,571
0.9832989,572
0.9986317,573
0.984933,574
0.95170593,575
0.9133698,576
0.8726799,577
0.8390989,578
0.824901,579
0.84771746,580
0.8407448,581
0.93753415,582
0.94741267,583
0.8569873,584
0.84061795,585
0.84543204,586
0.9741366,587
0.93985647,588
0.8350928,589
0.84727865,590
0.8818026,591
0.7194212,592
0.71222556,593
0.7014076,594
0.7132858,595
0.91049224,596
0.93466014,597
0.94799393,598
0.966563,599
0.9694276,600
0.98972917,601
0.85752845,602
0.95633066,603
0.96481127,604
0.95478225,605
0.99418825,606
0.8595428,607
1.0047843,608
0.9906688,609
0.9996215,610
0.99937767,611
0.99179024,612
0.9810237,613
1.0890527,614
1.1233174,615
0.8985672,616
0.8616161,617
0.8467341,618
0.9877681,619
1.0741423,620
1.2000875,621
1.2339624,622
1.0324632,623
1.0234282,624
1.0850496,625
1.1115603,626
1.0851448,627
0.93324065,628
0.9683168,629
0.96198106,630
0.96935135,631
0.9666432,632
0.96381396,633
0.87425923,634
0.8982327,635
0.8870846,636
0.9253681,637
1.1092072,638
1.0278949,639
0.93078065,640
0.76336944,641
0.77632415,642
0.7925575,643
0.7926995,644
0.8054306,645
0.8157947,646
0.90474546,647
0.915398,648
0.90528893,649
0.9056294,650
0.9391305,651
0.9404765,652
0.92594606,653
0.93390214,654
0.92929214,655
0.9329553,656
0.97378206,657
0.7341839,658
0.747627,659
0.7379558,660
0.7845314,661
0.7734171,662
0.8569367,663
0.93213594,664
0.88753057,665
0.899686,666
0.79292434,667
0.8760934,668
0.8776401,669
0.87375647,670
0.8567018,671
0.8750706,672
0.8657884,673
0.86643785,674
0.85010195,675
0.86175025,676
0.9419111,677
0.92786896,678
0.95141226,679
0.947671,680
0.8439205,681
0.8534927,682
0.73532,683
0.72891533,684
0.7423607,685
0.75782514,686
0.8768422,687
0.76695234,688
0.77457654,689
0.76251465,690
0.7306514,691
0.7339422,692
0.7751987,693
0.7649202,694
0.7924096,695
0.82026404,696
0.68512017,697
0.6914406,698
0.67657447,699
0.6868808,700
0.68044275,701
0.6902956,702
0.694436,703
0.6776908,704
0.6922957,705
0.7064643,706
0.5500437,707
0.5572704,708
0.56158406,709
0.57164985,710
0.570095,711
0.5700944,712
0.53286475,713
0.59948224,714
0.65898234,715
0.6729124,716
0.74527603,717
0.74952334,718
0.7453321,719
0.73424697,720
0.73524314,721
0.7349124,722
0.7484578,723
0.7554483,724
0.7631121,725
0.737563,726
0.72262675,727
0.71550333,728
0.72503054,729
0.7553601,730
0.7848029,731
0.8052608,732
0.7884535,733
0.7187105,734
0.59395677,735
0.5911,736
0.6141659,737
0.6162588,738
0.7807454,739
0.79039526,740
0.78718984,741
0.7824876,742
0.7764775,743
0.7466307,744
0.7451111,745
0.79367983,746
0.7980522,747
0.811533,748
0.81705207,749
0.88791144,750
0.9087141,751
0.89580446,752
0.92462516,753
0.93438697,754
0.9152996,755
0.9349327,756
0.81544256,757
0.8038482,758
0.64778495,759
0.64328957,760
0.6458501,761
0.6522817,762
0.65552896,763
0.813976,764
0.8275569,765
0.79336226,766
0.8199683,767
0.8158844,768
0.83917785,769
0.6966806,770
0.6976569,771
0.7085162,772
0.6615894,773
0.75220734,774
0.75839514,775
0.7792506,776
0.7680656,777
0.7635151,778
0.7706741,779
0.81051993,780
0.8061494,781
0.7808313,782
0.82924134,783
0.62676257,784
0.6230005,785
0.6287967,786
0.6448511,787
0.7667416,788
0.75503236,789
0.7298552,790
0.75774515,791
0.8657164,792
0.87527966,793
0.7359662,794
0.74012357,795
0.7315828,796
0.72575927,797
0.7480614,798
0.7830375,799
0.75776315,800
0.7777618,801
0.7526873,802
0.7656694,803
0.8741147,804
0.9167306,805
0.9073398,806
0.9211628,807
0.770858,808
0.74224544,809
0.75865674,810
0.7689964,811
0.66646785,812
0.66572565,813
0.67853445,814
0.6553557,815
0.6372114,816
0.7633797,817
0.75876284,818
0.7318685,819
0.7153897,820
0.7078735,821
0.71582705,822
0.7232156,823
0.644743,824
0.6137177,825
0.5987169,826
0.61205655,827
0.6068625,828
0.6346553,829
0.6173256,830
0.60102063,831
0.63903487,832
0.6290161,833
0.5992871,834
0.61789566,835
0.62100446,836
0.5053643,837
0.47653046,838
0.5785077,839
0.58144957,840
0.58335227,841
0.57832456,842
0.55515844,843
0.54958034,844
0.5582535,845
0.57878095,846
0.5686476,847
0.6460718,848
0.6585813,849
0.69825137,850
0.67760694,851
0.6545614,852
0.67384875,853
0.6790892,854
0.6760722,855
0.76402456,856
0.7792293,857
0.8031949,858
0.773258,859
0.76913935,860
0.8271309,861
0.91058195,862
0.8811895,863
0.86861765,864
0.87011933,865
0.9384521,866
0.89953065,867
0.78132963,868
0.7738312,869
0.7809541,870
0.79051864,871
0.94729495,872
1.0120484,873
1.0318711,874
1.0911763,875
0.85900885,876
0.8420116,877
0.88601196,878
0.7755467,879
0.7658444,880
0.79192084,881
0.6995868,882
0.7020826,883
0.70964396,884
0.71325326,885
0.7914921,886
0.8179283,887
0.7916306,888
0.9662723,889
0.9239988,890
0.9685546,891
0.93230647,892
0.8118006,893
0.7992929,894
0.79646873,895
0.79795915,896
0.7874058,897
0.7772313,898
0.7927562,899
0.79053795,900
0.7913778,901
0.7796715,902
0.7842348,903
0.80659807,904
0.8693016,905
0.741967,906
0.74694353,907
0.75084656,908
0.5721899,909
0.5577271,910
0.5460501,911
0.5385679,912
0.5358976,913
0.6376338,914
0.652693,915
0.6596429,916
0.6695427,917
0.6773073,918
0.6718798,919
0.6764992,920
0.69083047,921
0.67381775,922
0.78989434,923
0.8088639,924
0.8056268,925
0.7654054,926
0.79005986,927
0.77516055,928
0.71699786,929
0.789187,930
0.7794694,931
0.77142906,932
0.79979444,933
0.68341964,934
0.85922354,935
0.93562526,936
0.9453582,937
0.9553859,938
0.90087754,939
0.8731904,940
0.86370933,941
0.9045502,942
0.761464,943
0.73682386,944
0.7578571,945
0.7590532,946
0.8490462,947
0.8720974,948
0.94199634,949
0.9209075,950
0.91688126,951
0.8954413,952
0.9118459,953
0.94119036,954
0.8687284,955
0.6941278,956
0.6756009,957
0.66349435,958
0.72067475,959
0.6960049,960
0.72911817,961
0.7301797,962
0.7392886,963
0.80227196,964
0.77793646,965
0.74886423,966
0.62534547,967
0.6450364,968
0.5565519,969
0.5515831,970
0.5440386,971
0.5385859,972
0.5356235,973
0.51994765,974
0.5265817,975
0.5183677,976
0.51561135,977
0.53050566,978
0.4883062,979
0.49831414,980
0.48545358,981
0.46360996,982
0.46193558,983
0.41888508,984
0.41626567,985
0.4356756,986
0.45687583,987
0.46272606,988
0.44027394,989
0.4336573,990
0.4315,991
0.42730933,992
0.42133367,993
0.49911344,994
0.49717015,995
0.51644194,996
0.6326338,997
0.59478754,998
0.6597229,999
0.7882113,1000
0.82738906,1001
0.72775286,1002
0.74385744,1003
0.904326,1004
0.9289965,1005
0.9275005,1006
0.9118111,1007
0.91591626,1008
1.0859104,1009
1.1516339,1010
1.1369376,1011
1.176525,1012
1.3080869,1013
1.0908343,1014
1.0524822,1015
1.2077771,1016
0.93524736,1017
1.0364845,1018
0.99441713,1019
0.7468313,1020
0.73210126,1021
0.7479626,1022
0.7984624,1023
0.679545,1024
0.7000589,1025
0.7280853,1026
0.7480485,1027
0.7346799,1028
0.5858321,1029
0.6034017,1030
0.60699934,1031
0.6067732,1032
0.5063564,1033
0.52483785,1034
0.51346487,1035
0.51656693,1036
0.53458023,1037
0.5047811,1038
0.59978366,1039
0.60234606,1040
0.6263719,1041
0.64068115,1042
0.6150666,1043
0.5948984,1044
0.5888716,1045
0.5875816,1046
0.62015426,1047
0.6420659,1048
0.642932,1049
0.65659,1050
0.6613766,1051
0.6600924,1052
0.653995,1053
0.68434954,1054
0.67738426,1055
0.6990876,1056
0.7390429,1057
0.77031255,1058
0.68952525,1059
0.6918382,1060
0.70860887,1061
0.6820398,1062
0.68032044,1063
0.6800414,1064
0.69224036,1065
0.6749131,1066
0.65333414,1067
0.6352017,1068
0.6435774,1069
0.6572401,1070
0.67246664,1071
0.6669407,1072
0.6605809,1073
0.65888155,1074
0.64002365,1075
0.5985162,1076
0.5771948,1077
0.5979852,1078
0.5789986,1079
0.58350545,1080
0.58221066,1081
0.617482,1082
0.5955991,1083
0.59033155,1084
0.56626445,1085
0.5789702,1086
0.58311385,1087
0.5919837,1088
0.5779695,1089
0.541995,1090
0.5203546,1091
0.5332781,1092
0.5271206,1093
0.5205054,1094
0.6622021,1095
0.65632796,1096
0.6376135,1097
0.61409277,1098
0.6286166,1099
0.63532716,1100
0.63762224,1101
0.5931079,1102
0.58151215,1103
0.5845612,1104
0.57865995,1105
0.57298255,1106
0.7550683,1107
0.7407265,1108
0.7335147,1109
0.7237783,1110
0.7245668,1111
0.74485534,1112
0.7484922,1113
0.7693196,1114
0.56995314,1115
0.588717,1116
0.58800703,1117
0.6066293,1118
0.5847889,1119
0.59331274,1120
0.586317,1121
0.5720905,1122
0.5966197,1123
0.6256118,1124
0.6406874,1125
0.6611292,1126
0.5043972,1127
0.5179394,1128
0.51852906,1129
0.5384759,1130
0.52873456,1131
0.5425977,1132
0.69151914,1133
0.76888764,1134
0.76819193,1135
0.7532278,1136
0.78883743,1137
0.7848764,1138
0.8022291,1139
0.8031886,1140
0.8055777,1141
0.9008701,1142
0.8959656,1143
0.8810722,1144
0.8592414,1145
0.8513182,1146
1.0712831,1147
1.0634993,1148
1.0725759,1149
1.0534369,1150
1.0570587,1151
1.3922371,1152
1.1365553,1153
0.9937895,1154
1.0124723,1155
1.145182,1156
1.1421938,1157
1.1225687,1158
1.117235,1159
1.123804,1160
1.1280028,1161
1.0448759,1162
1.0329801,1163
1.059947,1164
1.1441779,1165
1.1469718,1166
0.8541976,1167
0.8409743,1168
0.81245923,1169
0.83759767,1170
0.87630385,1171
0.71973646,1172
0.73399216,1173
0.7069207,1174
0.9371381,1175
0.8009545,1176
0.8055902,1177
0.9492838,1178
0.9085252,1179
0.90072227,1180
0.92539644,1181
0.92626905,1182
0.9301155,1183
0.9662168,1184
0.83089674,1185
0.8454413,1186
0.8298974,1187
0.84495294,1188
0.9662419,1189
0.9539421,1190
0.9382239,1191
0.96683687,1192
1.102463,1193
1.1882075,1194
0.84460276,1195
0.86472887,1196
0.90006536,1197
0.74417883,1198
0.7598582,1199
0.77232605,1200
0.7701442,1201
0.80372864,1202
0.81016296,1203
0.7851862,1204
0.7785057,1205
0.7705009,1206
0.7868491,1207
0.9276962,1208
0.78495497,1209
0.7810353,1210
0.7785168,1211
0.7868812,1212
0.6155967,1213
0.7314543,1214
0.738842,1215
0.7291325,1216
0.71982557,1217
0.7090944,1218
0.7058645,1219
0.6960152,1220
0.6616797,1221
0.62964237,1222
0.629093,1223
0.6053961,1224
0.6376707,1225
0.6496015,1226
0.6674305,1227
0.5503398,1228
0.54466194,1229
0.5308426,1230
0.54253733,1231
0.55845034,1232
0.63527656,1233
0.48859033,1234
0.4927424,1235
0.48832202,1236
0.48295775,1237
0.51639855,1238
0.5172285,1239
0.5109399,1240
0.526333,1241
0.5283102,1242
0.5250958,1243
0.52573884,1244
0.54637206,1245
0.55851984,1246
0.5411386,1247
0.53227895,1248
0.55642235,1249
0.57381797,1250
0.5805569,1251
0.58309454,1252
0.5326941,1253
0.53648895,1254
0.53488845,1255
0.61654246,1256
0.62850124,1257
0.59889716,1258
0.60849935,1259
0.6355684,1260
0.6301064,1261
0.63939893,1262
0.65022767,1263
0.65601045,1264
0.6405844,1265
0.7535428,1266
0.7974384,1267
0.7934038,1268
0.81658244,1269
0.79531115,1270
0.7794382,1271
0.76775897,1272
0.7645323,1273
0.77254575,1274
0.78537714,1275
0.7032292,1276
0.6738587,1277
0.7163208,1278
0.71888715,1279
0.68851686,1280
0.8013332,1281
0.8288094,1282
0.81650716,1283
0.81854033,1284
0.840698,1285
0.66191274,1286
0.6424367,1287
0.6283725,1288
0.637688,1289
0.6408816,1290
0.6239029,1291
0.6136004,1292
0.62263066,1293
0.6193619,1294
0.6449842,1295
0.6486145,1296
0.67952406,1297
0.6339234,1298
0.6425462,1299
0.67518634,1300
0.5178586,1301
0.527443,1302
0.5181313,1303
0.4958237,1304
0.49534458,1305
0.5008254,1306
0.49477372,1307
0.50005805,1308
0.49645355,1309
0.51131773,1310
0.52122927,1311
0.5100863,1312
0.5199634,1313
0.5481071,1314
0.52407914,1315
0.5413187,1316
0.5366238,1317
0.5495591,1318
0.5744533,1319
0.5753594,1320
0.57889384,1321
0.5627794,1322
0.57282156,1323
0.55517805,1324
0.5749015,1325
0.5816631,1326
0.591775,1327
0.57994664,1328
0.57053775,1329
0.59451765,1330
0.6024524,1331
0.5901734,1332
0.590971,1333
0.6564102,1334
0.70154566,1335
0.68752944,1336
0.7071751,1337
0.9134069,1338
0.9040952,1339
0.8684739,1340
0.92127997,1341
0.88969177,1342
0.89275134,1343
0.8919536,1344
0.97485185,1345
0.9631877,1346
0.97107613,1347
0.97775644,1348
1.026308,1349
0.9991005,1350
0.99979186,1351
1.0177934,1352
1.0383896,1353
0.93615335,1354
0.90599257,1355
0.914654,1356
0.89150655,1357
0.67026514,1358
0.70224875,1359
0.8680857,1360
0.87149394,1361
0.8548955,1362
0.8626125,1363
0.864872,1364
0.76525164,1365
0.7643522,1366
0.7726222,1367
0.771361,1368
0.75743216,1369
0.7402946,1370
0.718282,1371
0.7047443,1372
0.71995246,1373
0.7323543,1374
0.7387156,1375
0.7544315,1376
0.7614386,1377
0.7399443,1378
0.76805,1379
0.57075125,1380
0.5669156,1381
0.71668977,1382
0.6861624,1383
0.684884,1384
0.8179193,1385
0.8208886,1386
0.8142649,1387
0.81440145,1388
0.80585706,1389
0.8070916,1390
0.80536056,1391
0.8108294,1392
0.797879,1393
0.7704691,1394
0.8179892,1395
0.7939932,1396
0.80915886,1397
0.8090994,1398
0.789423,1399
0.7780609,1400
0.8635305,1401
0.6689621,1402
0.6811092,1403
0.68417925,1404
0.5140406,1405
0.5134534,1406
0.51150644,1407
0.5068618,1408
0.50348294,1409
0.49635902,1410
0.49580765,1411
0.46248478,1412
0.43729234,1413
0.44198826,1414
0.55675775,1415
0.56890565,1416
0.57295954,1417
0.73071975,1418
0.759528,1419
0.7784512,1420
0.8367471,1421
0.79298645,1422
0.8129474,1423
0.82910293,1424
0.8393587,1425
0.8571474,1426
0.9376319,1427
0.94358206,1428
0.91814756,1429
0.95082206,1430
0.954933,1431
0.9693889,1432
0.9856989,1433
1.0279886,1434
0.84209716,1435
0.8599305,1436
0.887236,1437
0.84998137,1438
0.7761415,1439
0.7994864,1440
0.7047741,1441
0.7276489,1442
0.9014645,1443
0.90072006,1444
0.88817686,1445
0.90019315,1446
0.8475712,1447
0.83983946,1448
0.84091324,1449
0.8360081,1450
0.8977422,1451
0.90675056,1452
0.8930509,1453
0.87833,1454
0.8753803,1455
0.8923319,1456
1.1259826,1457
1.1681422,1458
0.93001944,1459
0.95548433,1460
0.97563165,1461
1.0080304,1462
0.723054,1463
0.7458021,1464
0.74696904,1465
0.73809105,1466
0.74701154,1467
0.7581582,1468
0.7867558,1469
0.77246493,1470
0.6871564,1471
0.66946745,1472
0.67732394,1473
0.6836645,1474
0.8865419,1475
0.86343026,1476
0.7176091,1477
0.73101485,1478
0.72433436,1479
0.70657706,1480
0.6941206,1481
0.7994401,1482
0.8989645,1483
0.89810616,1484
0.8963669,1485
0.9056947,1486
0.9016066,1487
0.90104485,1488
0.90147513,1489
0.98084265,1490
0.9956,1491
0.98778975,1492
1.0104719,1493
1.0345368,1494
0.8569502,1495
0.8796387,1496
0.8825827,1497
0.89689034,1498
0.83093643,1499
0.82514876,1500
0.89795244,1501
0.81909025,1502
0.64531946,1503
0.6388669,1504
0.65859634,1505
0.6401787,1506
0.7446657,1507
0.8184385,1508
0.8153796,1509
0.7557684,1510
0.74844384,1511
0.73760027,1512
0.7295842,1513
0.73688346,1514
0.7281892,1515
0.86045015,1516
0.8801424,1517
0.8552017,1518
0.86537623,1519
0.85801214,1520
0.8470327,1521
0.8371133,1522
0.8343032,1523
0.8402115,1524
0.8182439,1525
0.96857864,1526
0.9238502,1527
0.7860439,1528
0.80783296,1529
0.7956364,1530
0.79489547,1531
0.7489452,1532
0.73648787,1533
0.7649649,1534
0.7779103,1535
0.5799034,1536
0.5865391,1537
0.5950192,1538
0.60787725,1539
0.61601484,1540
0.6886645,1541
0.6935142,1542
0.80732405,1543
0.82503504,1544
0.8675474,1545
0.6929256,1546
0.69302917,1547
0.6969977,1548
0.69729936,1549
0.69666976,1550
0.8792825,1551
0.92596483,1552
0.9433313,1553
0.9154328,1554
0.9098088,1555
0.9061617,1556
0.8924614,1557
0.898944,1558
0.8836608,1559
0.87409616,1560
0.745188,1561
0.77276087,1562
0.6650565,1563
0.6695592,1564
0.65055007,1565
0.6252907,1566
0.6115192,1567
0.6061429,1568
0.7452111,1569
0.7837323,1570
0.7182936,1571
0.6795949,1572
0.65345687,1573
0.6427321,1574
0.6387705,1575
0.64476305,1576
0.6486945,1577
0.637616,1578
0.6366924,1579
0.6554129,1580
0.66972405,1581
0.6617183,1582
0.6645804,1583
0.6597675,1584
0.6726252,1585
0.70309716,1586
0.7254913,1587
0.720344,1588
0.54160666,1589
0.54901695,1590
0.46442056,1591
0.52010554,1592
0.52306074,1593
0.5260707,1594
0.5439106,1595
0.54066086,1596
0.5576118,1597
0.5522255,1598
0.67697775,1599
0.67242646,1600
0.6898943,1601
0.68156433,1602
0.67605954,1603
0.6674572,1604
0.652265,1605
0.6678443,1606
0.69798297,1607
0.8143454,1608
0.7944987,1609
0.7912468,1610
0.7921901,1611
0.754919,1612
0.7631127,1613
0.7853952,1614
0.78512347,1615
0.7820687,1616
0.7918406,1617
0.82699156,1618
0.67337644,1619
0.6622707,1620
0.64796126,1621
0.6567206,1622
0.65387976,1623
0.65211356,1624
0.6681356,1625
0.6750091,1626
0.64595175,1627
0.5367063,1628
0.6232859,1629
0.61742616,1630
0.6083169,1631
0.64236313,1632
0.66042054,1633
0.63846487,1634
0.6278435,1635
0.6463451,1636
0.6434738,1637
0.63810325,1638
0.61742324,1639
0.6129794,1640
0.61526,1641
0.5894482,1642
0.60118437,1643
0.7337235,1644
0.70187044,1645
0.6915277,1646
0.69184417,1647
0.71089464,1648
0.5828644,1649
0.58227104,1650
0.5817697,1651
0.55563366,1652
0.5235182,1653
0.5483625,1654
0.6794925,1655
0.6958534,1656
0.69303983,1657
0.6702469,1658
0.67951035,1659
0.7118378,1660
0.7010437,1661
0.72121596,1662
0.8642674,1663
0.7924382,1664
0.9325916,1665
0.9353844,1666
0.92882216,1667
0.93263364,1668
1.0842706,1669
1.0781591,1670
1.057734,1671
1.0566505,1672
1.0523348,1673
1.0619856,1674
0.8697134,1675
0.85009766,1676
0.86031675,1677
0.86064583,1678
0.8692717,1679
0.8610282,1680
0.8847978,1681
0.9798102,1682
0.7457884,1683
0.8550143,1684
0.68668836,1685
0.6712164,1686
0.7588054,1687
0.7704683,1688
0.656814,1689
0.6613908,1690
0.68594515,1691
0.6966455,1692
0.69164735,1693
0.68234307,1694
0.66232985,1695
0.6841806,1696
0.6647123,1697
0.7826412,1698
0.7599312,1699
0.760853,1700
0.7448534,1701
0.7368988,1702
0.7858835,1703
0.71612823,1704
0.72928846,1705
0.77808493,1706
0.6418974,1707
0.64957803,1708
0.6509961,1709
0.6579413,1710
0.6380777,1711
0.641382,1712
0.6380624,1713
0.6485053,1714
0.6666829,1715
0.6587936,1716
0.70406866,1717
0.6016832,1718
0.6031701,1719
0.57910264,1720
0.5710384,1721
0.5817507,1722
0.8081839,1723
0.7028847,1724
0.7012953,1725
0.6887259,1726
0.71687615,1727
0.7223046,1728
0.71101224,1729
0.70708954,1730
0.6838412,1731
0.68769956,1732
0.71967125,1733
0.73458964,1734
0.73613757,1735
0.7762737,1736
0.76090986,1737
0.75032514,1738
0.72930956,1739
0.94638383,1740
0.96554273,1741
0.99289596,1742
0.94186807,1743
0.9586763,1744
0.9639328,1745
0.9634182,1746
0.9392932,1747
0.9615024,1748
0.9651857,1749
0.9458689,1750
1.0615804,1751
1.1113914,1752
1.0843614,1753
1.0709175,1754
1.053487,1755
1.06299,1756
1.0474718,1757
1.0249133,1758
1.0803403,1759
0.7992628,1760
0.82533616,1761
0.8471299,1762
0.7026185,1763
0.6825403,1764
0.69934624,1765
0.70485765,1766
0.68293554,1767
0.90444124,1768
0.9046228,1769
0.9099533,1770
0.90989137,1771
0.82087785,1772
0.8258929,1773
0.83660245,1774
0.84146047,1775
0.8046649,1776
0.8362073,1777
0.8568777,1778
0.95874804,1779
0.9493869,1780
0.9238696,1781
0.9189432,1782
0.9302644,1783
0.94117755,1784
0.94205636,1785
1.016311,1786
1.1133304,1787
0.8180887,1788
0.83645856,1789
0.83529365,1790
0.8259264,1791
0.8135523,1792
0.8128257,1793
0.79792917,1794
0.7819263,1795
0.87947786,1796
0.83812124,1797
0.85427254,1798
0.69591844,1799
0.6931071,1800
0.7314192,1801
0.7098706,1802
0.82605,1803
0.82694244,1804
0.8216901,1805
0.7338777,1806
0.6943788,1807
0.7133621,1808
0.6938847,1809
0.6999711,1810
0.70988584,1811
0.70814085,1812
0.72848207,1813
0.84690875,1814
0.8716251,1815
0.73511285,1816
0.7479737,1817
0.75462615,1818
0.8320871,1819
0.87145966,1820
0.86502576,1821
0.89118403,1822
0.75603366,1823
0.74101394,1824
0.7222656,1825
0.7278447,1826
0.7243047,1827
0.7440451,1828
0.76815814,1829
0.7929271,1830
0.7956562,1831
0.8092728,1832
0.8205364,1833
0.70341593,1834
0.7068005,1835
0.7026234,1836
0.7775028,1837
0.8238926,1838
0.71883535,1839
0.70410246,1840
0.715585,1841
0.6982023,1842
0.6784183,1843
0.6739466,1844
0.8463175,1845
0.8486689,1846
0.85347855,1847
0.911227,1848
1.0612117,1849
0.999042,1850
0.99995387,1851
0.98330164,1852
1.0049357,1853
0.9859787,1854
1.0028054,1855
1.0565765,1856
0.9230775,1857
0.91345763,1858
0.90103096,1859
0.91307557,1860
0.9425937,1861
0.93670607,1862
0.8851282,1863
0.8948435,1864
0.6638864,1865
0.68380684,1866
0.7060697,1867
0.67811483,1868
0.58495104,1869
0.55502737,1870
0.5747805,1871
0.58613986,1872
0.5704382,1873
0.566026,1874
0.5819125,1875
0.56112635,1876
0.5770534,1877
0.5993812,1878
0.6059037,1879
0.6070754,1880
0.5976545,1881
0.6169331,1882
0.6405648,1883
0.6350565,1884
0.6040902,1885
0.6148808,1886
0.6270402,1887
0.68988204,1888
0.5932418,1889
0.6005619,1890
0.6042161,1891
0.6000404,1892
0.5765929,1893
0.56904304,1894
0.56852895,1895
0.5678958,1896
0.5643543,1897
0.55437636,1898
0.56819975,1899
0.55025434,1900
0.56286854,1901
0.55412966,1902
0.543349,1903
0.6250148,1904
0.6233816,1905
0.63087445,1906
0.6405835,1907
0.730159,1908
0.7763448,1909
0.762433,1910
0.7527478,1911
0.7464882,1912
0.75301725,1913
0.7449024,1914
0.72979575,1915
0.73852766,1916
0.7291443,1917
0.7120129,1918
0.68080693,1919
0.6998265,1920
0.6984691,1921
0.6970569,1922
0.70746934,1923
0.6417253,1924
0.65390307,1925
0.65109086,1926
0.6661631,1927
0.56437904,1928
0.48574317,1929
0.50076205,1930
0.47819406,1931
0.5095744,1932
0.5130438,1933
0.50903517,1934
0.5078206,1935
0.60725236,1936
0.60946006,1937
0.609877,1938
0.61230767,1939
0.6432999,1940
0.6343035,1941
0.6439247,1942
0.65678054,1943
0.651134,1944
0.6469557,1945
0.63023007,1946
0.64773315,1947
0.7291078,1948
0.7327251,1949
0.71915567,1950
0.87754256,1951
0.87143004,1952
0.8503338,1953
0.88620925,1954
0.9096935,1955
0.81516325,1956
0.80502534,1957
0.83144563,1958
0.8449254,1959
0.83067924,1960
0.8245474,1961
0.838246,1962
0.80107135,1963
0.8192125,1964
0.8397246,1965
0.8586684,1966
0.8623087,1967
0.69141716,1968
0.69863284,1969
0.73506063,1970
0.70633334,1971
0.69804674,1972
0.7207293,1973
0.6904112,1974
0.7159718,1975
0.70051837,1976
0.77800894,1977
0.76937646,1978
0.75993073,1979
0.7424077,1980
0.7529774,1981
0.767747,1982
0.9787981,1983
0.9822535,1984
0.9633966,1985
0.9132221,1986
1.0038623,1987
1.0632031,1988
1.1250213,1989
1.1336821,1990
0.9531795,1991
1.1223991,1992
1.1018612,1993
1.0971539,1994
1.0675194,1995
1.1676911,1996
1.0908257,1997
1.1155967,1998
1.0872717,1999
1.1130707,2000
1.1057111,2001
1.14105,2002
0.8799319,2003
0.85538083,2004
0.8700354,2005
0.88185257,2006
0.78568494,2007
0.7357799,2008
0.70364976,2009
0.67440695,2010
0.7211427,2011
0.73003656,2012
0.7373537,2013
0.73356175,2014
0.7230612,2015
0.6956183,2016
0.6911074,2017
0.7041187,2018
0.5926244,2019
0.7078922,2020
0.69967246,2021
0.7227031,2022
0.723717,2023
0.7249611,2024
0.7068097,2025
0.7315334,2026
0.7341213,2027
0.7469193,2028
0.7663942,2029
0.75517607,2030
0.86031896,2031
0.7447832,2032
0.7558235,2033
0.7816827,2034
0.7740411,2035
0.79897887,2036
0.80519426,2037
0.8073395,2038
0.8426471,2039
0.70505285,2040
0.7163767,2041
0.7129882,2042
0.7221086,2043
0.73533934,2044
0.7384134,2045
0.83987856,2046
0.8250406,2047
0.7906515,2048
0.78011626,2049
0.80111665,2050
0.6728142,2051
0.66246325,2052
0.7287579,2053
0.7215584,2054
0.93362015,2055
0.9303137,2056
0.9465532,2057
0.95588106,2058
0.96595055,2059
1.0243821,2060
1.0068274,2061
1.0121266,2062
1.0039912,2063
0.9986821,2064
1.0017613,2065
0.9345053,2066
0.9573477,2067
0.946975,2068
0.9483979,2069
0.9771788,2070
0.9541348,2071
1.0548525,2072
0.9559912,2073
0.9982826,2074
0.75987035,2075
0.7735421,2076
0.7828836,2077
0.87721056,2078
0.88493055,2079
0.84663826,2080
0.88729936,2081
0.88225204,2082
0.888871,2083
0.94485265,2084
0.9378157,2085
0.8501974,2086
0.85727525,2087
0.88528115,2088
0.8834804,2089
0.8669426,2090
0.8687938,2091
0.7437818,2092
0.7292644,2093
0.7626735,2094
0.73457986,2095
0.69922745,2096
0.689457,2097
0.54745686,2098
0.54431444,2099
0.5516128,2100
0.82833844,2101
0.849413,2102
0.8309462,2103
0.8217455,2104
0.81237245,2105
0.8176073,2106
0.8167362,2107
0.94611007,2108
0.96360093,2109
0.9934497,2110
0.9767589,2111
0.9707991,2112
0.9848529,2113
0.9656807,2114
1.0209242,2115
1.0234036,2116
1.1097156,2117
1.1605147,2118
1.1650295,2119
1.2109782,2120
0.84637344,2121
0.824715,2122
0.8393271,2123
0.84515536,2124
0.9137577,2125
0.92793065,2126
0.9983954,2127
0.8316011,2128
0.81327033,2129
0.80402887,2130
0.81089574,2131
0.8331064,2132
0.80267763,2133
0.92663974,2134
0.9203156,2135
0.96317136,2136
0.7924822,2137
0.76109457,2138
0.7606793,2139
0.74936223,2140
0.75672424,2141
0.74378127,2142
0.7346608,2143
0.789745,2144
0.7523108,2145
0.80879045,2146
0.7188678,2147
0.725036,2148
0.73073715,2149
0.71514,2150
0.70639044,2151
0.6827177,2152
0.8151238,2153
0.7929767,2154
0.8133253,2155
0.8106692,2156
0.807661,2157
0.80041635,2158
0.78823715,2159
0.80443686,2160
0.8260795,2161
0.839834,2162
0.83886254,2163
0.8402809,2164
0.7917304,2165
0.7196574,2166
0.7012011,2167
0.6873784,2168
0.67880404,2169
0.6917232,2170
0.78468996,2171
0.8831482,2172
0.8315525,2173
0.65093267,2174
0.6478045,2175
0.6461429,2176
0.63180953,2177
0.68816096,2178
0.80677205,2179
0.77930677,2180
0.76719666,2181
0.7725337,2182
0.77083564,2183
0.8032709,2184
0.81832427,2185
0.93053544,2186
0.9154311,2187
0.9212156,2188
0.94238037,2189
0.97849816,2190
0.9060678,2191
0.78204584,2192
0.8029363,2193
0.8069162,2194
0.7926981,2195
0.7875238,2196
0.8789579,2197
0.9956047,2198
0.84036505,2199
0.8706428,2200
0.94614184,2201
0.9443618,2202
0.9639648,2203
0.9494348,2204
0.90079284,2205
0.7844029,2206
0.7952144,2207
0.88100463,2208
0.8755449,2209
0.842946,2210
0.82515043,2211
0.870541,2212
1.0253818,2213
0.9560362,2214
1.0206342,2215
1.04191,2216
1.0467509,2217
0.84803164,2218
0.88405395,2219
0.928021,2220
0.8200962,2221
0.8125308,2222
0.797075,2223
0.8029346,2224
0.81744146,2225
0.83435076,2226
0.9032737,2227
0.7715452,2228
0.7631886,2229
0.75594515,2230
0.7779176,2231
0.78476995,2232
0.66426796,2233
0.6550284,2234
0.6043861,2235
0.7417418,2236
0.791899,2237
0.6490584,2238
0.6482465,2239
0.6503876,2240
0.64538544,2241
0.7358183,2242
0.7355246,2243
0.7166434,2244
0.72955376,2245
0.7495267,2246
0.73395616,2247
0.73338395,2248
0.7230203,2249
0.8480699,2250
0.9019217,2251
0.90117735,2252
0.857121,2253
0.8336896,2254
0.84457886,2255
0.6712226,2256
0.6815698,2257
0.7075592,2258
0.67940634,2259
0.6743847,2260
0.66693795,2261
0.56717336,2262
0.57248616,2263
0.5764135,2264
0.5703491,2265
0.5626307,2266
0.54811895,2267
0.53616273,2268
0.5499121,2269
0.4542092,2270
0.46741286,2271
0.46493348,2272
0.46308458,2273
0.47695583,2274
0.47619653,2275
0.5083431,2276
0.5056217,2277
0.4733197,2278
0.47411677,2279
0.5538339,2280
0.569124,2281
0.5502513,2282
0.5411481,2283
0.54222596,2284
0.54528826,2285
0.55464506,2286
0.5763554,2287
0.5779734,2288
0.5719714,2289
0.57254034,2290
0.587472,2291
0.59368867,2292
0.60127246,2293
0.59616035,2294
0.59653574,2295
0.599291,2296
0.7320968,2297
0.7387707,2298
0.70468104,2299
0.64675736,2300
0.641044,2301
0.63874376,2302
0.6233002,2303
0.61073935,2304
0.634115,2305
0.61649793,2306
0.61315125,2307
0.6695999,2308
0.6840671,2309
0.696928,2310
0.6923096,2311
0.71131676,2312
0.6688004,2313
0.7621505,2314
0.7635857,2315
0.78618455,2316
0.6588767,2317
0.7112953,2318
0.70943743,2319
0.7211276,2320
0.7384874,2321
0.75451356,2322
0.7644613,2323
0.77205324,2324
0.75312567,2325
0.78302145,2326
0.7974414,2327
0.7532089,2328
0.7414181,2329
0.73532355,2330
0.7178802,2331
0.70413506,2332
0.7515792,2333
0.7560208,2334
0.751918,2335
0.7600153,2336
0.8042302,2337
0.6776102,2338
0.6714354,2339
0.65218836,2340
0.66734755,2341
0.6715758,2342
0.660208,2343
0.6639551,2344
0.66803724,2345
0.66471153,2346
0.65578264,2347
0.66525304,2348
0.6780293,2349
0.6906662,2350
0.67631286,2351
0.6704285,2352
0.6662315,2353
0.5638491,2354
0.5799064,2355
0.6560757,2356
0.62673265,2357
0.62889045,2358
0.6210257,2359
0.6297184,2360
0.5836253,2361
0.58427477,2362
0.581201,2363
0.5714053,2364
0.564022,2365
0.5543689,2366
0.55590695,2367
0.5436991,2368
0.53044397,2369
0.52397966,2370
0.52506983,2371
0.52001846,2372
0.5056069,2373
0.4961658,2374
0.5159365,2375
0.42731613,2376
0.43002528,2377
0.45091388,2378
0.5445704,2379
0.53717995,2380
0.5575719,2381
0.54940665,2382
0.5660723,2383
0.59239095,2384
0.62820876,2385
0.6304825,2386
0.61669594,2387
0.6103936,2388
0.6107782,2389
0.59055436,2390
0.57771367,2391
0.57161826,2392
0.5625859,2393
0.56462824,2394
0.5806346,2395
0.5821269,2396
0.57285464,2397
0.55990195,2398
0.47296238,2399
0.46696147,2400
0.44988194,2401
0.4492012,2402
0.42320567,2403
0.3925611,2404
0.3619552,2405
0.38292053,2406
0.39330387,2407
0.52454805,2408
0.5314837,2409
0.55884665,2410
0.5689947,2411
0.54888916,2412
0.55902016,2413
0.7630948,2414
0.7594934,2415
0.7625466,2416
0.7827418,2417
0.8215086,2418
0.8347648,2419
0.83337134,2420
0.9464592,2421
0.9343576,2422
0.9370938,2423
0.94257873,2424
0.95298815,2425
0.97181284,2426
1.014533,2427
0.8564502,2428
0.8447426,2429
0.8509916,2430
0.8314577,2431
0.94776094,2432
0.9719611,2433
3.179042,2434
3.1863644,2435
3.172238,2436
3.1538556,2437
3.1500897,2438
3.180056,2439
3.3061187,2440
3.1776571,2441
3.181343,2442
3.1889093,2443
3.191028,2444
3.1972218,2445
3.204712,2446
3.1827588,2447
3.2073114,2448
3.194241,2449
3.2151754,2450
3.2511632,2451
3.0969238,2452
3.1384673,2453
0.71279144,2454
0.71112895,2455
0.69587797,2456
0.7092495,2457
0.69542754,2458
0.8769768,2459
0.7470079,2460
0.74673,2461
0.7450902,2462
0.74904495,2463
0.7296176,2464
0.86056215,2465
0.87991786,2466
0.8700182,2467
0.8679019,2468
0.8699817,2469
0.8371579,2470
0.8282337,2471
0.91610825,2472
0.928593,2473
0.90032357,2474
0.87025917,2475
0.87197256,2476
0.87290436,2477
0.89459807,2478
0.68070626,2479
0.67207575,2480
0.735024,2481
0.73211634,2482
0.7325421,2483
0.7278218,2484
0.5985619,2485
0.56983685,2486
0.57095414,2487
0.5737872,2488
0.5646967,2489
0.5747037,2490
0.6059108,2491
0.5297422,2492
0.514031,2493
0.5584352,2494
0.55694556,2495
0.56557894,2496
0.58151495,2497
0.58627385,2498
0.63925856,2499
0.63661844,2500
0.55593646,2501
0.5960323,2502
0.58997613,2503
0.5861676,2504
0.5746772,2505
0.5902327,2506
0.6029284,2507
0.62401986,2508
0.6365206,2509
0.6906003,2510
0.69118667,2511
0.69496465,2512
0.6831632,2513
0.6654277,2514
0.6487613,2515
0.643998,2516
0.89524794,2517
0.9566797,2518
0.84903425,2519
0.85930306,2520
0.86227256,2521
0.83399504,2522
0.82388395,2523
0.8676706,2524
0.887415,2525
0.87810487,2526
0.84983706,2527
0.87678283,2528
0.8915745,2529
0.7673844,2530
0.8471518,2531
0.8604027,2532
0.95158416,2533
0.95182264,2534
0.9894857,2535
1.0456471,2536
0.754854,2537
0.73711133,2538
0.73571557,2539
0.7404485,2540
0.72608167,2541
0.7215604,2542
0.71552503,2543
0.69257736,2544
0.6752398,2545
0.66968083,2546
0.66719157,2547
0.6661923,2548
0.6934959,2549
0.6947089,2550
0.5860185,2551
0.57193995,2552
0.47400638,2553
0.4616304,2554
0.4618382,2555
0.4486238,2556
0.4354247,2557
0.44238245,2558
0.41880032,2559
0.39736566,2560
0.3983612,2561
0.40458098,2562
0.42501822,2563
0.45013314,2564
0.4738192,2565
0.50652003,2566
0.5008656,2567
0.52261186,2568
0.5255157,2569
0.51439524,2570
0.53390366,2571
0.53531766,2572
0.5300415,2573
0.53581196,2574
0.52136385,2575
0.53884256,2576
0.55693895,2577
0.66086686,2578
0.6825173,2579
0.7771909,2580
0.7825463,2581
0.7919845,2582
0.76968217,2583
0.77141786,2584
0.7651901,2585
0.707286,2586
0.6985871,2587
0.6917938,2588
0.6920372,2589
0.7085034,2590
0.7171093,2591
0.74694014,2592
0.7276905,2593
0.7279137,2594
0.73049706,2595
0.7816552,2596
0.79183805,2597
0.678537,2598
0.8171738,2599
0.87837595,2600
0.83821493,2601
0.84279925,2602
0.869315,2603
0.84973127,2604
0.84272885,2605
1.0495383,2606
1.0717382,2607
1.0765905,2608
1.0687851,2609
1.0996629,2610
1.110556,2611
1.0813992,2612
1.0627444,2613
1.0688266,2614
1.0879098,2615
0.9472672,2616
0.95035654,2617
1.0387298,2618
0.94832575,2619
0.95584697,2620
0.9792911,2621
0.9679524,2622
1.0803986,2623
1.1066599,2624
1.132179,2625
0.9168254,2626
0.9100075,2627
0.89970267,2628
0.90844744,2629
1.0199544,2630
1.0189241,2631
1.0317035,2632
1.0432752,2633
1.0721277,2634
1.0584972,2635
1.047562,2636
1.0344803,2637
0.99582016,2638
1.0722791,2639
0.7609956,2640
0.75617427,2641
0.79933876,2642
0.6697403,2643
0.6949365,2644
0.67973197,2645
0.6516306,2646
0.62117475,2647
0.62838477,2648
0.62901217,2649
0.5404571,2650
0.5952623,2651
0.63948435,2652
0.6312511,2653
0.6178393,2654
0.61313325,2655
0.699015,2656
0.69660395,2657
0.6932022,2658
0.67536896,2659
0.6767191,2660
0.6876874,2661
0.68106997,2662
0.7014629,2663
0.72144014,2664
0.7360947,2665
0.73983324,2666
0.7687869,2667
0.7776495,2668
0.80433625,2669
0.79421407,2670
0.87422925,2671
0.87293845,2672
0.89089483,2673
0.87273234,2674
0.9010416,2675
0.7786972,2676
0.807006,2677
0.8094607,2678
0.80230385,2679
0.80194604,2680
0.7972771,2681
0.7815397,2682
0.7637744,2683
0.73022646,2684
0.74368286,2685
0.7255118,2686
0.71058494,2687
0.709585,2688
0.7210301,2689
0.7572479,2690
0.52330464,2691
0.5237849,2692
0.49757248,2693
0.51661456,2694
0.521525,2695
0.52285653,2696
0.51805615,2697
0.51778674,2698
0.52913207,2699
0.55457515,2700
0.5454518,2701
0.5474553,2702
0.5535557,2703
0.551339,2704
0.55518174,2705
0.56555253,2706
0.5638231,2707
0.5411731,2708
0.538159,2709
0.644077,2710
0.6737317,2711
0.68570876,2712
0.69089174,2713
0.6765382,2714
0.67187166,2715
0.67423815,2716
0.65771294,2717
0.6466144,2718
0.65047514,2719
0.6431907,2720
0.6628102,2721
0.6750761,2722
0.6878069,2723
0.7041671,2724
0.68272763,2725
0.69085664,2726
0.70422363,2727
0.7212533,2728
0.7597383,2729
0.58673674,2730
0.56031877,2731
0.54561484,2732
0.5453663,2733
0.54834265,2734
0.7020519,2735
0.71647424,2736
0.7971771,2737
0.795785,2738
0.89917165,2739
0.895258,2740
0.8865007,2741
0.88475424,2742
0.8705877,2743
0.8727124,2744
0.89319396,2745
0.8834074,2746
0.9008508,2747
0.8871849,2748
0.89339334,2749
0.89877474,2750
0.89555514,2751
0.8828373,2752
0.861182,2753
0.87427306,2754
0.710701,2755
0.7149002,2756
0.6204023,2757
0.6402127,2758
0.5180779,2759
0.5042955,2760
0.48818198,2761
0.476982,2762
0.47596896,2763
0.45448047,2764
0.4597946,2765
0.4564999,2766
0.44892067,2767
0.4664112,2768
0.47261414,2769
0.46306825,2770
0.4898024,2771
0.49579966,2772
0.5884065,2773
0.58407724,2774
0.58417094,2775
0.5568792,2776
0.56595415,2777
0.5619929,2778
0.5584753,2779
0.5550306,2780
0.5510988,2781
0.58314043,2782
0.5717729,2783
0.5866205,2784
0.59775734,2785
0.5884385,2786
0.61451775,2787
0.59611064,2788
0.5957243,2789
0.59794503,2790
0.5923306,2791
0.5999762,2792
0.5020038,2793
0.5137342,2794
0.5005073,2795
0.49944213,2796
0.50842416,2797
0.50950277,2798
0.52125597,2799
0.5385363,2800
0.55306405,2801
0.53864175,2802
0.65041333,2803
0.6475589,2804
0.64089173,2805
0.63074976,2806
0.61789244,2807
0.6162628,2808
0.58705556,2809
0.5996774,2810
0.66630447,2811
0.7075794,2812
0.73144156,2813
0.7285466,2814
0.75346667,2815
0.76586705,2816
0.73820025,2817
0.73477465,2818
0.7192743,2819
0.7180029,2820
0.6970422,2821
0.6859899,2822
0.58270013,2823
0.62938887,2824
0.6448819,2825
0.65167975,2826
0.678149,2827
0.79033136,2828
0.7735245,2829
0.8094562,2830
0.9378678,2831
0.88308144,2832
0.8729133,2833
0.9788037,2834
0.9635737,2835
0.94868827,2836
1.1792402,2837
1.1555665,2838
1.1652278,2839
1.1328492,2840
1.1382446,2841
1.1365485,2842
1.114819,2843
1.0692699,2844
1.3383615,2845
1.3942993,2846
1.4551941,2847
1.1520702,2848
1.1723242,2849
1.3191632,2850
1.094688,2851
1.129541,2852
1.2165308,2853
1.06303,2854
1.0571012,2855
1.1297184,2856
0.95237994,2857
0.96570826,2858
0.9772993,2859
0.9730259,2860
0.99464613,2861
1.034249,2862
0.944452,2863
1.2325609,2864
0.96242523,2865
0.9862298,2866
0.97258866,2867
0.9832914,2868
1.0226011,2869
0.8815547,2870
0.87820566,2871
0.89332825,2872
0.8945748,2873
0.76620466,2874
0.7740505,2875
0.79937315,2876
0.80574197,2877
0.7899387,2878
0.78252006,2879
0.81358063,2880
0.7991598,2881
0.7897863,2882
0.8193292,2883
0.5360233,2884
0.55437195,2885
0.5309091,2886
0.5213938,2887
0.5328887,2888
0.54243827,2889
0.542947,2890
0.55209506,2891
0.54388636,2892
0.5722259,2893
0.5791764,2894
0.5624642,2895
0.6124282,2896
0.71889627,2897
0.7252543,2898
0.73093677,2899
0.6794238,2900
0.6921569,2901
0.7676004,2902
0.9046855,2903
0.9793037,2904
1.0243224,2905
1.0028216,2906
1.008835,2907
1.0066807,2908
1.0120424,2909
1.0082985,2910
1.0271016,2911
1.0994102,2912
1.1153612,2913
1.1132349,2914
1.1066662,2915
1.2269909,2916
1.0329726,2917
1.0393704,2918
1.04111,2919
1.0460896,2920
1.0503545,2921
0.9668519,2922
0.8570356,2923
0.73099536,2924
0.7172392,2925
0.72491735,2926
0.71803075,2927
0.7047127,2928
0.7006329,2929
0.74046874,2930
0.87923735,2931
0.76178926,2932
0.7508597,2933
0.87870616,2934
0.9137123,2935
0.81089926,2936
0.774741,2937
0.7586168,2938
0.7652262,2939
0.742552,2940
0.7581999,2941
0.78508043,2942
0.79736906,2943
0.79825187,2944
0.8905974,2945
0.9100813,2946
0.91792697,2947
0.8642624,2948
0.8456742,2949
0.85508394,2950
0.73560554,2951
0.7393647,2952
0.8445364,2953
0.80386084,2954
0.80881834,2955
0.7997432,2956
0.92294174,2957
1.0499222,2958
1.0023628,2959
0.9852493,2960
0.97916275,2961
0.93682534,2962
0.9342121,2963
0.9599636,2964
0.82697767,2965
0.8666867,2966
0.8806116,2967
0.882001,2968
0.9074519,2969
0.91607976,2970
0.89893126,2971
0.9301328,2972
0.8288574,2973
0.6880513,2974
0.6823566,2975
0.68460655,2976
0.61458564,2977
0.54198337,2978
0.5393089,2979
0.66114366,2980
0.6386687,2981
0.6720134,2982
0.7961096,2983
0.8555258,2984
0.8824948,2985
0.85595137,2986
0.87127817,2987
0.85563797,2988
0.82385856,2989
0.81810576,2990
0.8181446,2991
1.0122764,2992
1.0079006,2993
0.9983355,2994
0.9977874,2995
1.0209527,2996
1.0003104,2997
1.0285579,2998
1.1051353,2999
0.89204973,3000
0.8984756,3001
0.9038588,3002
0.83916163,3003
0.76540536,3004
0.7352857,3005
0.7048376,3006
0.7077752,3007
0.71037483,3008
0.7403407,3009
0.7429501,3010
0.76224136,3011
0.62692505,3012
0.6125864,3013
0.6293965,3014
0.6190836,3015
0.6030892,3016
0.6099052,3017
0.6109754,3018
0.6298332,3019
0.63550717,3020
0.6330431,3021
0.63220006,3022
0.647876,3023
0.5564603,3024
0.54321796,3025
0.61084765,3026
0.6066274,3027
0.6099062,3028
0.5967993,3029
0.58380914,3030
0.7252771,3031
0.7480002,3032
0.7258326,3033
0.69904023,3034
0.6992204,3035
0.6924539,3036
0.6999305,3037
0.6835997,3038
0.69067085,3039
0.66299975,3040
0.68607986,3041
0.6931414,3042
0.6875795,3043
0.6887566,3044
0.73276186,3045
0.6688502,3046
0.6845652,3047
0.7109912,3048
0.71770674,3049
0.8540257,3050
0.6902046,3051
0.6707733,3052
0.6612265,3053
0.6568924,3054
0.6653535,3055
0.66102445,3056
0.68000495,3057
0.69472253,3058
0.6823041,3059
0.669727,3060
0.6575694,3061
0.64507097,3062
0.6452113,3063
0.6298844,3064
0.6321166,3065
0.6305839,3066
0.6095053,3067
0.5935901,3068
0.5929787,3069
0.46301898,3070
0.5121772,3071
0.54301697,3072
0.55782914,3073
0.56213075,3074
0.57586473,3075
0.58074236,3076
0.57389414,3077
0.58127475,3078
0.591933,3079
0.61511725,3080
0.61551833,3081
0.6263492,3082
0.62748915,3083
0.6440924,3084
0.6399211,3085
0.6661238,3086
0.6909978,3087
0.7378061,3088
0.8146387,3089
0.8008785,3090
0.74987006,3091
0.70536023,3092
0.7056108,3093
0.8639281,3094
0.8928972,3095
0.88765806,3096
0.8990204,3097
0.87379426,3098
0.8517897,3099
0.81548864,3100
0.8326378,3101
0.8249469,3102
0.8455081,3103
0.8357936,3104
0.85247886,3105
0.8056755,3106
0.8052227,3107
0.7775995,3108
0.66299146,3109
0.67199236,3110
0.65483093,3111
0.6609645,3112
0.777816,3113
0.5796012,3114
0.66987973,3115
0.9086955,3116
0.9134642,3117
0.9148999,3118
1.0370357,3119
1.062312,3120
1.0410601,3121
1.0772011,3122
1.0787414,3123
1.0846764,3124
1.0671923,3125
1.1050984,3126
1.1108277,3127
1.1139778,3128
1.1230488,3129
1.1689212,3130
1.1815467,3131
1.3544785,3132
1.2386603,3133
1.3062817,3134
1.3103366,3135
0.9052612,3136
0.95085466,3137
1.1277977,3138
0.97778106,3139
0.99269533,3140
0.97845244,3141
0.96328706,3142
0.97676176,3143
0.9567195,3144
0.9653252,3145
0.9467574,3146
0.9546449,3147
1.1063704,3148
1.167776,3149
1.3485636,3150
1.3684173,3151
1.1397979,3152
1.0769682,3153
0.90406007,3154
0.91007113,3155
0.9267698,3156
0.9227613,3157
0.75634354,3158
0.7674176,3159
0.7350301,3160
0.7428429,3161
0.76073164,3162
0.76651794,3163
0.7609981,3164
0.7421891,3165
0.7548254,3166
0.931936,3167
0.84037155,3168
0.8294482,3169
0.6776752,3170
0.67593104,3171
0.67679906,3172
0.6824575,3173
0.678185,3174
0.74172586,3175
0.7471792,3176
0.7498583,3177
0.7587459,3178
0.75791144,3179
0.71745336,3180
0.7013124,3181
0.79346925,3182
0.7809917,3183
0.7895349,3184
0.7994826,3185
0.83764374,3186
0.6499424,3187
0.75598025,3188
0.7231588,3189
0.7304124,3190
0.7258734,3191
0.7444429,3192
0.74544036,3193
0.76116294,3194
0.70389247,3195
0.6804422,3196
0.6751889,3197
0.6620887,3198
0.6630133,3199
0.8053769,3200
0.81986696,3201
0.6898835,3202
0.70124084,3203
0.70308775,3204
0.6976387,3205
0.6797366,3206
0.70403075,3207
0.5932288,3208
0.57550454,3209
0.5584509,3210
0.56016564,3211
0.5510582,3212
0.5481211,3213
0.7073789,3214
0.71175766,3215
0.6804911,3216
0.6634842,3217
0.69965917,3218
0.7269426,3219
0.6192418,3220
0.60539335,3221
0.6121354,3222
0.6482925,3223
0.63854355,3224
0.7343454,3225
0.74593854,3226
0.763179,3227
0.7373586,3228
0.7503099,3229
0.7607951,3230
0.7675913,3231
0.78341776,3232
0.80773515,3233
0.6393484,3234
0.64811265,3235
0.6585215,3236
0.66436124,3237
0.6463621,3238
0.6399492,3239
0.6224336,3240
0.6281445,3241
0.6192037,3242
0.67368966,3243
0.6890998,3244
0.5777099,3245
0.5901063,3246
0.6284414,3247
0.6104386,3248
0.6088907,3249
0.5984045,3250
0.58104837,3251
0.577044,3252
0.5753898,3253
0.59640795,3254
0.7226266,3255
0.7986601,3256
0.7734201,3257
0.79408056,3258
0.78942186,3259
0.76023084,3260
0.7372336,3261
0.76070726,3262
0.65190995,3263
0.65651494,3264
0.68385786,3265
0.6677932,3266
0.74523544,3267
0.756967,3268
0.74165934,3269
0.7408221,3270
0.74316674,3271
0.7583037,3272
0.7770662,3273
0.80044603,3274
0.7402948,3275
0.63882995,3276
0.6485636,3277
0.6371319,3278
0.62297934,3279
0.63495624,3280
0.6335927,3281
0.6401389,3282
0.6260483,3283
0.7577097,3284
0.7576547,3285
0.76832473,3286
0.67931575,3287
0.7118007,3288
0.7083803,3289
0.7095406,3290
0.7065288,3291
0.6610496,3292
0.6509505,3293
0.64656866,3294
0.6629584,3295
0.6595239,3296
0.6485121,3297
0.6652825,3298
0.68893033,3299
0.67845476,3300
0.6782535,3301
0.68361694,3302
0.71879226,3303
0.5678242,3304
0.55013394,3305
0.5633825,3306
0.5539889,3307
0.5335057,3308
0.5901049,3309
0.57413745,3310
0.57159394,3311
0.58787185,3312
0.58837986,3313
0.5889509,3314
0.5820963,3315
0.5822587,3316
0.57903564,3317
0.559815,3318
0.5613475,3319
0.5551075,3320
0.5482429,3321
0.5228506,3322
0.5274374,3323
0.6216016,3324
0.60077715,3325
0.5937874,3326
0.6111312,3327
0.63872206,3328
0.58010405,3329
0.60087395,3330
0.60572976,3331
0.61175156,3332
0.62265885,3333
0.74272674,3334
0.7577327,3335
0.7975891,3336
0.80265015,3337
0.7583015,3338
0.7371205,3339
0.7391874,3340
0.7523405,3341
0.74854505,3342
0.775701,3343
0.62436837,3344
0.62853986,3345
0.61964107,3346
0.62819237,3347
0.62608355,3348
0.61581254,3349
0.6136999,3350
0.60374993,3351
0.59455717,3352
0.6160536,3353
0.47576907,3354
0.49717408,3355
0.49568206,3356
0.48390603,3357
0.5071289,3358
0.5040106,3359
0.50224596,3360
0.4882882,3361
0.48197737,3362
0.48226014,3363
0.48842725,3364
0.6473301,3365
0.6756933,3366
0.822586,3367
0.84952307,3368
0.8261692,3369
0.91413414,3370
0.922587,3371
0.9360765,3372
0.962243,3373
1.1701953,3374
1.1909996,3375
1.187856,3376
1.1810309,3377
1.1555367,3378
1.1689792,3379
1.1624265,3380
1.1451267,3381
1.1634561,3382
1.1650528,3383
1.4119709,3384
1.1852069,3385
1.1703019,3386
1.0089978,3387
0.9807944,3388
1.0125765,3389
0.864559,3390
0.8469812,3391
0.82508135,3392
0.80929065,3393
0.5527642,3394
0.51775664,3395
0.5206771,3396
0.6112143,3397
0.63158447,3398
0.7374211,3399
0.7287371,3400
0.7496329,3401
0.7803967,3402
0.79952794,3403
0.6503475,3404
0.72084594,3405
0.7196151,3406
0.766864,3407
0.7544693,3408
0.754333,3409
0.75327545,3410
0.7603586,3411
0.7642984,3412
0.7741116,3413
0.780289,3414
0.7812675,3415
0.78382003,3416
0.64891595,3417
0.64641136,3418
0.55385876,3419
0.6489732,3420
0.6201289,3421
0.6391977,3422
0.6177024,3423
0.6411755,3424
0.52336884,3425
0.52798754,3426
0.5053872,3427
0.5119637,3428
0.5251481,3429
0.51989836,3430
0.5239736,3431
0.5493376,3432
0.55259126,3433
0.56920177,3434
0.56312484,3435
0.5818268,3436
0.62155306,3437
0.7544167,3438
0.88740873,3439
0.77345526,3440
0.80721116,3441
0.7935745,3442
0.9248007,3443
0.90826386,3444
0.89789355,3445
0.8903035,3446
0.8941019,3447
0.90542406,3448
0.8850042,3449
0.8902334,3450
0.87568194,3451
0.8796769,3452
0.87811816,3453
0.834411,3454
0.8451561,3455
0.9251213,3456
0.949156,3457
0.86563253,3458
0.6831638,3459
0.678642,3460
0.66311586,3461
0.69049776,3462
0.5353973,3463
0.5390609,3464
0.5345782,3465
0.54385793,3466
0.54397386,3467
0.53587866,3468
0.54014444,3469
0.5292227,3470
0.5322159,3471
0.5265606,3472
0.5219008,3473
0.52363306,3474
0.5260309,3475
0.42763504,3476
0.46991482,3477
0.48199064,3478
0.5040514,3479
0.48936167,3480
0.5013025,3481
0.51951736,3482
0.51165724,3483
0.5067753,3484
0.5296043,3485
0.5347031,3486
0.53762156,3487
0.56752735,3488
0.5817031,3489
0.5668428,3490
0.5735018,3491
0.57448167,3492
0.580332,3493
0.6131432,3494
0.65742165,3495
0.67827135,3496
0.5692891,3497
0.5366237,3498
0.5297783,3499
0.53281814,3500
0.5219517,3501
0.50607383,3502
0.6248871,3503
0.665136,3504
0.64701754,3505
0.6401043,3506
0.6422408,3507
0.6058651,3508
0.59928226,3509
0.61880696,3510
0.6902714,3511
0.73103744,3512
0.7512529,3513
0.7339305,3514
0.71114993,3515
0.7061853,3516
0.73418736,3517
0.767873,3518
0.76308525,3519
0.768667,3520
0.7907446,3521
0.81473595,3522
0.66454923,3523
0.62140924,3524
0.6082512,3525
0.6019293,3526
0.61511606,3527
0.61499906,3528
0.6442297,3529
0.6711946,3530
0.54557025,3531
0.51392627,3532
0.48755074,3533
0.48266175,3534
0.48615345,3535
0.49033695,3536
0.45301345,3537
0.4218882,3538
0.42570823,3539
0.42060626,3540
0.4401335,3541
0.45077342,3542
0.46986672,3543
0.49179277,3544
0.4930709,3545
0.5009649,3546
0.48834014,3547
0.5175803,3548
0.54524237,3549
0.517035,3550
0.51504594,3551
0.5209735,3552
0.5159966,3553
0.5169289,3554
0.53232896,3555
0.54221165,3556
0.5480058,3557
0.7008886,3558
0.7283509,3559
0.71946025,3560
0.6968109,3561
0.6899002,3562
0.6601096,3563
0.6458206,3564
0.6432722,3565
0.623855,3566
0.6586506,3567
0.6661241,3568
0.64174575,3569
0.64111936,3570
0.6665715,3571
0.77123183,3572
0.83931917,3573
0.8345407,3574
0.88631517,3575
0.9125953,3576
0.98800635,3577
0.97990274,3578
1.1976349,3579
1.2258154,3580
1.2222571,3581
1.2218536,3582
1.1894532,3583
1.181205,3584
1.1756307,3585
1.3001997,3586
1.2951295,3587
1.2973443,3588
1.3390633,3589
1.356254,3590
1.3439403,3591
1.1586796,3592
1.0843856,3593
1.2654835,3594
1.2670338,3595
1.1974957,3596
1.2625939,3597
1.2212337,3598
0.84181905,3599
0.8921768,3600
0.9080247,3601
0.9885036,3602
1.0010577,3603
0.9869409,3604
1.0099999,3605
0.9022858,3606
0.89886945,3607
0.8779092,3608
0.8750308,3609
0.91380286,3610
0.9112972,3611
0.8969173,3612
0.9166716,3613
0.7566171,3614
0.7972069,3615
0.81844145,3616
0.69377327,3617
0.70562166,3618
0.7361082,3619
0.7355809,3620
0.7487216,3621
0.6495998,3622
0.62995285,3623
0.6435059,3624
0.6305941,3625
0.6342882,3626
0.62538636,3627
0.64144117,3628
0.6295702,3629
0.6954231,3630
0.7039286,3631
0.69549644,3632
0.67761827,3633
0.7064388,3634
0.601837,3635
0.59071976,3636
0.6129578,3637
0.6088072,3638
0.58845675,3639
0.5804951,3640
0.59668905,3641
0.59159636,3642
0.59361583,3643
0.59450847,3644
0.60323447,3645
0.9421148,3646
0.96267724,3647
0.9519045,3648
0.9650381,3649
0.8704063,3650
0.8631238,3651
0.8572624,3652
0.87796,3653
0.88218254,3654
0.86693704,3655
0.8688194,3656
0.9464523,3657
0.9653412,3658
1.0719268,3659
1.0900817,3660
1.0735086,3661
1.082197,3662
1.0792165,3663
1.1024181,3664
1.1447717,3665
0.7549336,3666
0.73664194,3667
0.7283165,3668
0.7455765,3669
0.74349,3670
0.75761366,3671
0.7437323,3672
0.73285395,3673
0.7270096,3674
0.7460393,3675
0.7633023,3676
0.6293606,3677
0.6041319,3678
0.4655699,3679
0.45831,3680
0.44717568,3681
0.44066966,3682
0.46154895,3683
0.5862928,3684
0.5827515,3685
0.584538,3686
0.58415395,3687
0.60805833,3688
0.600514,3689
0.5879697,3690
0.673145,3691
0.68661475,3692
0.71304756,3693
0.70738035,3694
0.7014521,3695
0.7079045,3696
0.7096002,3697
0.7160419,3698
0.71984255,3699
0.7304612,3700
0.75158197,3701
0.7379603,3702
0.7554153,3703
0.656196,3704
0.6534454,3705
0.7423531,3706
0.7377526,3707
0.75404847,3708
0.7453371,3709
0.7788937,3710
0.71474105,3711
0.72401273,3712
0.70193785,3713
0.71601456,3714
0.7208531,3715
0.7542634,3716
0.72592276,3717
0.7146459,3718
0.7145909,3719
0.79451317,3720
0.7987644,3721
0.8245401,3722
0.8476775,3723
0.82356215,3724
0.8482093,3725
0.74443406,3726
0.7358147,3727
0.7231586,3728
0.7160055,3729
0.82333046,3730
0.77411604,3731
0.75855833,3732
0.764643,3733
0.74812144,3734
0.9655486,3735
0.9404912,3736
0.9554193,3737
1.0425454,3738
1.0833819,3739
0.99949056,3740
1.0037526,3741
1.0247098,3742
1.0697669,3743
0.971684,3744
0.9325001,3745
0.9664851,3746
0.9915129,3747
0.9936309,3748
1.0413753,3749
0.9467063,3750
0.9626464,3751
0.98552454,3752
0.9595122,3753
0.97880846,3754
0.9256404,3755
1.0133363,3756
0.9650692,3757
0.8511469,3758
0.8659716,3759
0.7443569,3760
0.7406924,3761
0.70199186,3762
0.70154494,3763
0.6985964,3764
0.7006666,3765
0.6649327,3766
0.6540353,3767
0.6732488,3768
0.71684384,3769
0.7218355,3770
0.90737176,3771
0.92149687,3772
0.9344537,3773
0.9495534,3774
0.79387504,3775
0.77330047,3776
0.78244555,3777
0.77541053,3778
0.8485149,3779
0.85425353,3780
0.83544296,3781
0.97573113,3782
1.0654249,3783
1.0926766,3784
1.0910319,3785
1.0789468,3786
1.0576608,3787
1.0854474,3788
0.9574734,3789
0.9320174,3790
0.6946487,3791
0.6537138,3792
0.6649383,3793
0.68006647,3794
0.6744542,3795
0.7028225,3796
0.70908415,3797
0.7297647,3798
0.6230883,3799
0.6310299,3800
0.64186895,3801
0.61778975,3802
0.4991831,3803
0.4933015,3804
0.51623535,3805
0.7320094,3806
0.7820359,3807
0.7886792,3808
0.78659797,3809
0.78385806,3810
0.79558325,3811
0.77924097,3812
0.7725874,3813
0.771374,3814
0.8454541,3815
0.8635685,3816
0.84720474,3817
0.8543532,3818
0.84004486,3819
0.8518949,3820
0.85116935,3821
0.86249846,3822
0.86597544,3823
0.8697645,3824
0.9250434,3825
0.6396942,3826
0.5854053,3827
0.5866542,3828
0.588396,3829
0.60215205,3830
0.71141267,3831
0.7161396,3832
0.7309543,3833
0.69894606,3834
0.73138887,3835
0.74720854,3836
0.7479916,3837
0.7244805,3838
0.72350574,3839
0.714965,3840
0.7098959,3841
0.6827023,3842
0.70179904,3843
0.7803459,3844
0.73727137,3845
0.74644125,3846
0.7526901,3847
0.7792968,3848
0.79030347,3849
0.8105968,3850
0.7015258,3851
0.78395295,3852
0.76221067,3853
0.78910553,3854
0.6529353,3855
0.6479667,3856
0.6426161,3857
0.6544108,3858
0.7045471,3859
0.72340465,3860
0.73048544,3861
0.7543066,3862
0.7645621,3863
0.672554,3864
0.68166405,3865
0.6924082,3866
0.7069197,3867
0.72863907,3868
0.7265211,3869
0.7543219,3870
0.7788713,3871
0.72319764,3872
0.704315,3873
0.7061765,3874
0.6987288,3875
0.6872466,3876
0.68352854,3877
0.71516573,3878
0.62117237,3879
0.5990907,3880
0.61793876,3881
0.5783366,3882
0.5903008,3883
0.56598735,3884
0.5662498,3885
0.5731026,3886
0.58176875,3887
0.5045473,3888
0.49861327,3889
0.49865043,3890
0.47573823,3891
0.44454756,3892
0.44853494,3893
0.4640744,3894
0.47520912,3895
0.48181647,3896
0.49449807,3897
0.4995369,3898
0.5988955,3899
0.5864837,3900
0.58975285,3901
0.60798305,3902
0.593829,3903
0.68388504,3904
0.7705996,3905
0.7878658,3906
0.7539518,3907
0.757992,3908
0.7575682,3909
0.7421834,3910
0.7358168,3911
0.74583715,3912
0.76013094,3913
0.8469867,3914
0.87190706,3915
0.87827027,3916
0.8831479,3917
0.89548445,3918
0.78586495,3919
0.7926369,3920
0.796627,3921
0.80780184,3922
0.8347694,3923
0.80460054,3924
0.66385514,3925
0.6798595,3926
0.69148326,3927
0.7002239,3928
0.727708,3929
0.7315355,3930
0.7435847,3931
0.77326554,3932
0.7736972,3933
0.7505954,3934
0.738667,3935
0.7134004,3936
0.7240056,3937
0.7196533,3938
0.7212604,3939
0.7244356,3940
0.70955294,3941
0.7064648,3942
0.6964805,3943
0.6619464,3944
0.7496061,3945
0.7467668,3946
0.8468506,3947
0.86240846,3948
0.8245215,3949
0.8149844,3950
0.82785934,3951
0.8188596,3952
0.8305905,3953
0.6914972,3954
0.69549936,3955
0.81429446,3956
0.8335238,3957
0.84740525,3958
0.83066636,3959
0.78146684,3960
0.7974952,3961
0.81780887,3962
0.8264523,3963
0.9554357,3964
0.8555374,3965
0.88895816,3966
0.74652135,3967
0.7257249,3968
0.714391,3969
0.7070914,3970
0.70926553,3971
0.7829335,3972
0.7960706,3973
0.7726585,3974
0.846718,3975
0.7298102,3976
0.712919,3977
0.7223105,3978
0.69762194,3979
0.7062824,3980
0.7105628,3981
0.7251845,3982
0.73104066,3983
0.5540318,3984
0.5416038,3985
0.55062085,3986
0.59094775,3987
0.6063112,3988
0.6225381,3989
0.7066757,3990
0.7250053,3991
0.6234658,3992
0.6301617,3993
0.63779235,3994
0.62516993,3995
0.61022323,3996
0.6272904,3997
0.6408395,3998
0.67458373,3999
0.67925763,4000
0.6892327,4001
0.66873443,4002
0.673469,4003
0.8052785,4004
0.8382048,4005
0.8278063,4006
0.7942541,4007
0.8137623,4008
0.9473187,4009
0.78379273,4010
0.77395815,4011
0.767017,4012
0.80131996,4013
0.78546906,4014
0.92497087,4015
0.94252133,4016
0.9619809,4017
0.93743837,4018
0.89904904,4019
0.91333616,4020
0.9321046,4021
1.0645617,4022
1.2551614,4023
1.0610342,4024
0.8716257,4025
1.0466685,4026
1.0766004,4027
1.1200713,4028
1.0592595,4029
0.9996022,4030
1.0009776,4031
0.99162567,4032
1.0067246,4033
1.0253055,4034
0.84717745,4035
0.8320125,4036
0.805703,4037
0.80342215,4038
0.8136269,4039
0.8830664,4040
0.9103607,4041
0.7525232,4042
0.7258679,4043
0.6987763,4044
0.70312035,4045
0.6386418,4046
0.54219264,4047
0.5397474,4048
0.5403124,4049
0.53629386,4050
0.5329267,4051
0.51482207,4052
0.63626045,4053
0.6125624,4054
0.60055315,4055
0.587259,4056
0.60024416,4057
0.6082049,4058
0.6799908,4059
0.5575062,4060
0.56904674,4061
0.5907643,4062
0.60907954,4063
0.6038466,4064
0.6032506,4065
0.60294425,4066
0.5909956,4067
0.5662822,4068
0.56096417,4069
0.5599285,4070
0.5737928,4071
0.5879472,4072
0.5228786,4073
0.5230786,4074
0.5457391,4075
0.5572028,4076
0.5412386,4077
0.54753757,4078
0.5133252,4079
0.60309607,4080
0.58139575,4081
0.5807218,4082
0.57193273,4083
0.57271254,4084
0.55918276,4085
0.5664251,4086
0.547441,4087
0.5473735,4088
0.5539685,4089
0.55155694,4090
0.5536506,4091
0.58199793,4092
0.56054187,4093
0.56006694,4094
0.5485065,4095
0.6335014,4096
0.6370928,4097
0.66829896,4098
0.69594103,4099
0.56122214,4100
0.57953674,4101
0.5773957,4102
0.5639565,4103
0.6476741,4104
0.6579796,4105
0.80181485,4106
0.83019865,4107
0.84194565,4108
1.078308,4109
1.1146604,4110
1.1695986,4111
1.1930149,4112
1.1720701,4113
1.1970335,4114
1.1973445,4115
1.0880836,4116
1.0834997,4117
1.0542378,4118
1.0653062,4119
1.0741426,4120
1.0883559,4121
1.0846128,4122
1.1454935,4123
1.0171919,4124
1.0472394,4125
0.85399646,4126
0.8607988,4127
0.8801423,4128
0.68117785,4129
0.6129936,4130
0.53192145,4131
0.5215812,4132
0.5106228,4133
0.6547947,4134
0.6794114,4135
0.6974549,4136
0.7184183,4137
0.7131885,4138
0.7190069,4139
0.7151576,4140
0.95296264,4141
0.95888937,4142
0.92171365,4143
0.9160906,4144
0.92713964,4145
0.9222603,4146
1.0028143,4147
1.0893812,4148
1.1029344,4149
1.1094923,4150
1.0593195,4151
1.0861489,4152
1.2657475,4153
1.0686889,4154
1.0749778,4155
1.0646,4156
1.0585254,4157
1.1133218,4158
1.1689203,4159
1.3033614,4160
0.87793076,4161
0.8980566,4162
1.2083317,4163
1.2451152,4164
1.2231728,4165
1.251843,4166
1.1998624,4167
1.0930105,4168
1.0812113,4169
1.058696,4170
1.0239366,4171
1.0345465,4172
0.9954451,4173
0.84976214,4174
0.8419243,4175
0.83865356,4176
0.84310335,4177
0.7469073,4178
0.7480194,4179
0.75229967,4180
0.7638964,4181
0.78452873,4182
0.49717727,4183
0.49059913,4184
0.5089817,4185
0.581439,4186
0.5799461,4187
0.552666,4188
0.561899,4189
0.9132277,4190
0.9236145,4191
0.9248725,4192
0.908768,4193
0.91534346,4194
0.9185886,4195
0.9384105,4196
0.9747269,4197
1.001271,4198
1.0000333,4199
1.0050896,4200
1.0125642,4201
1.0176649,4202
1.0226469,4203
1.0344443,4204
1.0393918,4205
1.0165358,4206
1.0375041,4207
1.0622045,4208
1.104145,4209
0.7139546,4210
0.716268,4211
0.6903864,4212
0.7058031,4213
0.6862744,4214
0.6791394,4215
0.68092155,4216
0.67701566,4217
0.6643103,4218
0.6586628,4219
0.65482545,4220
0.6733791,4221
0.6739257,4222
0.6475381,4223
0.66076034,4224
0.65970147,4225
0.56891274,4226
0.6631135,4227
0.65787095,4228
0.6633788,4229
0.77834076,4230
0.7378616,4231
0.737295,4232
0.7746351,4233
0.7560141,4234
0.7606784,4235
0.72876084,4236
0.7351715,4237
0.7502798,4238
0.73413247,4239
0.72022104,4240
0.7330096,4241
0.72102225,4242
0.7271521,4243
0.72801894,4244
0.8143432,4245
0.85629344,4246
0.63129944,4247
0.748373,4248
0.7715602,4249
0.6461301,4250
0.6664713,4251
0.6737244,4252
0.68070555,4253
0.6989975,4254
0.67913055,4255
0.6887748,4256
0.67148054,4257
0.7579272,4258
0.7863739,4259
0.7616258,4260
0.84092253,4261
0.84860384,4262
0.8535342,4263
0.85959077,4264
0.9662178,4265
0.9793537,4266
1.0048771,4267
0.8653894,4268
0.8626986,4269
0.85071594,4270
0.8275131,4271
0.8334659,4272
0.8246866,4273
0.9294648,4274
0.9546454,4275
0.9770161,4276
1.2178319,4277
0.99996763,4278
1.0047784,4279
1.0399935,4280
0.89761335,4281
0.91316706,4282
1.0193815,4283
1.0577166,4284
0.94753397,4285
0.95617956,4286
0.9601456,4287
0.9408014,4288
0.92665696,4289
0.9362167,4290
0.9430681,4291
0.97627634,4292
0.99152255,4293
0.8236251,4294
0.82739985,4295
0.83134186,4296
0.57441306,4297
0.57248664,4298
0.591328,4299
0.5961189,4300
0.6047937,4301
0.63436574,4302
0.6082034,4303
0.6273959,4304
0.64441186,4305
0.6829577,4306
0.68045706,4307
0.70365804,4308
0.71161896,4309
0.6988762,4310
0.7189272,4311
0.71491593,4312
0.7128041,4313
0.72484314,4314
0.7317782,4315
0.73983866,4316
0.74466544,4317
0.7582267,4318
0.7478344,4319
0.77695036,4320
0.7916178,4321
0.8128376,4322
0.6639675,4323
0.7586278,4324
0.72569406,4325
0.72070426,4326
0.8922846,4327
0.8967888,4328
0.92176926,4329
0.9085447,4330
0.89646894,4331
1.0482117,4332
1.0811251,4333
1.0653976,4334
1.0697385,4335
1.2105457,4336
1.2914892,4337
1.2653503,4338
1.2594463,4339
1.2716599,4340
1.2372143,4341
1.2711272,4342
1.3034868,4343
1.0528338,4344
1.0963736,4345
1.0831168,4346
1.0961103,4347
1.0924623,4348
1.0771197,4349
1.1109549,4350
1.1266446,4351
0.9847717,4352
0.99451035,4353
0.97834414,4354
0.98851514,4355
0.9366618,4356
0.80954957,4357
0.8380612,4358
0.8613368,4359
0.8597628,4360
0.8762332,4361
0.862578,4362
0.83736837,4363
0.8304435,4364
0.89619935,4365
0.9010313,4366
0.6265521,4367
0.6486514,4368
0.64167297,4369
0.61899626,4370
0.61284685,4371
0.6209975,4372
0.6117911,4373
0.67408216,4374
0.76653785,4375
0.7507468,4376
0.7522998,4377
0.71172744,4378
0.6978537,4379
0.69377637,4380
0.6827466,4381
0.69582635,4382
0.70490026,4383
0.73725945,4384
0.6272681,4385
0.7567631,4386
0.75951713,4387
0.7452534,4388
0.74926156,4389
0.7522572,4390
1.0253174,4391
1.0175617,4392
1.048834,4393
1.0006672,4394
0.87804294,4395
0.8992472,4396
1.1425912,4397
1.2898995,4398
1.3000815,4399
1.270593,4400
1.2664723,4401
1.2708418,4402
1.2650903,4403
1.3947221,4404
1.329411,4405
1.1205611,4406
1.1020666,4407
1.1495966,4408
1.1810968,4409
1.2159122,4410
0.88116777,4411
0.9018007,4412
0.9144854,4413
0.8990648,4414
0.9531598,4415
0.9565912,4416
0.8093064,4417
0.68403506,4418
0.670197,4419
0.7007646,4420
0.7123343,4421
0.67779243,4422
0.69196546,4423
0.5851494,4424
0.5906594,4425
0.5773025,4426
0.5816936,4427
0.5481147,4428
0.68416786,4429
0.69599134,4430
0.7309976,4431
0.71451217,4432
0.7097806,4433
0.72108084,4434
0.6817572,4435
0.6787839,4436
0.67067575,4437
0.6730669,4438
0.677084,4439
0.671347,4440
0.6779343,4441
0.6913336,4442
0.6761676,4443
0.67571175,4444
0.6972493,4445
0.7090481,4446
0.71313995,4447
0.75417864,4448
0.5337774,4449
0.60454154,4450
0.59983844,4451
0.5985498,4452
0.5987914,4453
0.62086004,4454
0.63799745,4455
0.6556591,4456
0.6777902,4457
0.85537094,4458
0.86008394,4459
0.85114837,4460
0.8591851,4461
0.8427211,4462
0.84778655,4463
0.8405333,4464
0.8188441,4465
0.8337651,4466
0.8602546,4467
0.8579922,4468
0.8447873,4469
0.78106016,4470
0.80327064,4471
0.801812,4472
0.7994908,4473
0.7764789,4474
0.77331495,4475
0.77392596,4476
0.777316,4477
0.61410195,4478
0.5985796,4479
0.5923283,4480
0.61204386,4481
0.622918,4482
0.69284487,4483
0.6959708,4484
0.69999576,4485
0.6946629,4486
0.8526642,4487
0.82940763,4488
0.82888526,4489
0.78880066,4490
0.7658659,4491
0.78464025,4492
0.86125445,4493
0.93058234,4494
0.86927533,4495
0.86998886,4496
0.88099265,4497
0.7961624,4498
0.8355173,4499
0.9927269,4500
0.9011862,4501
1.0909055,4502
0.9868048,4503
0.9535804,4504
1.1066457,4505
1.1827506,4506
1.0635214,4507
1.0177095,4508
1.0064927,4509
1.0287194,4510
1.0603374,4511
1.0800736,4512
0.9456822,4513
0.90578,4514
0.92474914,4515
0.92515945,4516
0.9283113,4517
1.1246004,4518
1.2106518,4519
1.0740527,4520
1.1524528,4521
0.8657617,4522
0.8936016,4523
0.91178167,4524
0.7602809,4525
0.79419464,4526
0.80248564,4527
0.80273026,4528
0.8052346,4529
0.80233884,4530
0.7861167,4531
0.923403,4532
0.95252776,4533
0.96487993,4534
0.9841907,4535
0.97920173,4536
0.9894153,4537
0.87431407,4538
0.75661385,4539
0.72048116,4540
0.7304633,4541
0.74465007,4542
0.79211473,4543
0.8131675,4544
0.7911755,4545
0.78092223,4546
0.76926607,4547
0.7860823,4548
0.8107583,4549
0.80505455,4550
0.8257315,4551
0.6509443,4552
0.6323361,4553
0.6118277,4554
0.72618866,4555
0.80536216,4556
0.80637604,4557
0.7990036,4558
0.84446305,4559
0.83780104,4560
0.8119246,4561
0.82094115,4562
0.7740213,4563
0.75373954,4564
0.7594433,4565
0.74852216,4566
0.7812152,4567
0.76746196,4568
0.78881663,4569
0.79587334,4570
1.0297208,4571
1.06854,4572
1.1056286,4573
1.118856,4574
0.97874284,4575
0.8324277,4576
0.8294924,4577
0.841322,4578
0.8074606,4579
0.8005963,4580
0.7910559,4581
0.76261795,4582
0.77757597,4583
0.8896106,4584
0.87962204,4585
0.8676501,4586
0.9636719,4587
1.0335236,4588
0.9888663,4589
1.1396085,4590
0.932111,4591
0.8988178,4592
0.9303757,4593
0.9407695,4594
1.0558996,4595
1.0564942,4596
1.0599996,4597
1.1000676,4598
1.2338163,4599
1.3133005,4600
1.2852566,4601
1.2735164,4602
1.2710695,4603
1.106874,4604
1.1517096,4605
1.3119527,4606
1.2784073,4607
1.0930046,4608
1.1437833,4609
0.9206377,4610
0.8948599,4611
0.8688919,4612
0.8936294,4613
0.9413462,4614
0.74156743,4615
0.73350465,4616
0.72305864,4617
0.71687835,4618
0.5638373,4619
0.5500247,4620
0.55967605,4621
0.5528087,4622
0.56705266,4623
0.58468616,4624
0.5900866,4625
0.48369467,4626
0.4808779,4627
0.49702272,4628
0.50003606,4629
0.47727707,4630
0.47654453,4631
0.47662032,4632
0.49167192,4633
0.48217556,4634
0.48286837,4635
0.47815448,4636
0.4823394,4637
0.4973506,4638
0.5004205,4639
0.4868905,4640
0.49313956,4641
0.49952346,4642
0.5341732,4643
0.5308256,4644
0.6628299,4645
0.6746332,4646
0.6335138,4647
0.61269873,4648
0.60108566,4649
0.61823446,4650
0.6330762,4651
0.62469196,4652
0.6035514,4653
0.61208034,4654
0.63056153,4655
0.6372967,4656
0.6310378,4657
0.63378394,4658
0.6184151,4659
0.65488046,4660
0.6420921,4661
0.66096693,4662
0.6380342,4663
0.6745699,4664
0.51411283,4665
0.54222184,4666
0.5648536,4667
0.5727549,4668
0.5776131,4669
0.5807418,4670
0.5599857,4671
0.5746656,4672
0.5642094,4673
0.58324385,4674
0.6756542,4675
0.66598475,4676
0.69674075,4677
0.8017145,4678
0.8113414,4679
0.8135969,4680
0.8861519,4681
0.86823523,4682
0.86200356,4683
0.94800806,4684
0.96161926,4685
0.95895034,4686
1.0076143,4687
1.2347866,4688
1.2587211,4689
1.2681838,4690
1.2526437,4691
1.2727193,4692
1.2987942,4693
1.3466591,4694
1.1563485,4695
1.2046922,4696
1.2171583,4697
1.0609162,4698
1.0621334,4699
1.0465407,4700
0.9923802,4701
0.97810334,4702
0.975145,4703
0.8972835,4704
1.0076636,4705
1.0716658,4706
1.0328422,4707
0.82094747,4708
0.750079,4709
0.7189156,4710
0.72558016,4711
0.7247427,4712
0.7272552,4713
0.82797724,4714
0.8205845,4715
0.8484152,4716
0.8630982,4717
1.0231299,4718
1.0612197,4719
1.0748723,4720
1.1857419,4721
1.1802249,4722
1.1834118,4723
1.3127922,4724
1.147675,4725
1.1210104,4726
1.1078359,4727
1.128462,4728
1.1398118,4729
1.1497747,4730
1.1301401,4731
1.1431375,4732
1.2013135,4733
1.0894637,4734
1.0657066,4735
1.3016312,4736
1.3367646,4737
1.1990428,4738
1.0692439,4739
1.0584046,4740
0.9194445,4741
0.9124142,4742
0.95264864,4743
0.8258468,4744
0.83107245,4745
0.8203207,4746
0.8147374,4747
0.8092975,4748
0.8163543,4749
0.81741804,4750
0.83013,4751
0.8240375,4752
0.82707953,4753
0.8045399,4754
0.817554,4755
0.53432876,4756
0.53813124,4757
0.54797935,4758
0.5558745,4759
0.5713397,4760
0.5896938,4761
0.5832835,4762
0.56212664,4763
0.5627768,4764
0.5847641,4765
0.5706296,4766
0.5860964,4767
0.58230203,4768
0.5767967,4769
0.6132086,4770
0.5987358,4771
0.6117654,4772
0.610234,4773
0.7232677,4774
0.7220805,4775
0.69867766,4776
0.70949775,4777
0.6857515,4778
0.6649875,4779
0.715455,4780
0.53962433,4781
0.5495874,4782
0.54752535,4783
0.54450774,4784
0.53890455,4785
0.5547754,4786
0.5629381,4787
0.58793414,4788
0.67857915,4789
0.65178514,4790
0.7742498,4791
0.76077414,4792
0.8276669,4793
0.87117404,4794
0.85243684,4795
0.8779484,4796
0.84402984,4797
0.8598996,4798
0.8702641,4799
0.8576738,4800
0.8798855,4801
0.869292,4802
0.85938704,4803
0.8777526,4804
0.82826036,4805
0.8221828,4806
0.8196686,4807
0.8603583,4808
0.75490576,4809
0.7653569,4810
0.613144,4811
0.6196268,4812
0.63233864,4813
0.49829507,4814
0.50703216,4815
0.5283739,4816
0.5257971,4817
0.565889,4818
0.56674206,4819
0.5734497,4820
0.5681086,4821
0.70551676,4822
0.6932738,4823
0.7109472,4824
0.9784848,4825
1.1829123,4826
1.2293855,4827
1.2442708,4828
1.1897992,4829
1.199179,4830
1.206431,4831
1.3140497,4832
1.3520377,4833
1.3499887,4834
1.3537035,4835
1.4052881,4836
1.5016797,4837
1.3872796,4838
1.3723702,4839
1.3942341,4840
1.556101,4841
1.4003748,4842
1.4487343,4843
1.4384222,4844
1.1825887,4845
0.9371922,4846
0.80864745,4847
0.77231807,4848
0.7836461,4849
0.8217523,4850
0.8784818,4851
0.7795427,4852
0.74765134,4853
0.7373881,4854
0.7511302,4855
0.7467889,4856
0.65629065,4857
0.77970046,4858
0.79675627,4859
0.92831755,4860
0.83535117,4861
0.75606054,4862
0.7628737,4863
0.7700277,4864
0.7917513,4865
0.816849,4866
0.93840736,4867
0.96170425,4868
0.9750781,4869
0.9869135,4870
0.9199605,4871
0.9063126,4872
0.94717,4873
0.9463667,4874
0.94871795,4875
0.93821526,4876
1.0889517,4877
0.91607857,4878
0.9324922,4879
0.80015785,4880
0.8028459,4881
0.7852745,4882
0.7833495,4883
0.7743991,4884
0.7719659,4885
0.7796076,4886
0.6069771,4887
0.5998504,4888
0.595064,4889
0.58233744,4890
0.6245619,4891
0.6384951,4892
0.62111914,4893
0.6456353,4894
0.6574916,4895
0.65816253,4896
0.6863147,4897
0.69160324,4898
0.69781023,4899
0.7079268,4900
0.8306075,4901
0.8398182,4902
0.8558769,4903
0.8369278,4904
0.9786496,4905
0.9689612,4906
0.9736902,4907
0.9843293,4908
0.9916019,4909
0.98314404,4910
1.0096222,4911
1.1157564,4912
1.0838186,4913
1.0677334,4914
1.0853502,4915
1.0724393,4916
0.8317903,4917
0.7990647,4918
0.8132475,4919
0.804534,4920
0.6885547,4921
0.66302854,4922
0.6810482,4923
0.700386,4924
0.60783166,4925
0.5872156,4926
0.5739744,4927
0.64544606,4928
0.62602377,4929
0.6306921,4930
0.6752977,4931
0.5266141,4932
0.52264076,4933
0.55450165,4934
0.5812606,4935
0.5871679,4936
0.6033129,4937
0.7451172,4938
0.72890437,4939
0.7651654,4940
0.7823925,4941
0.7943358,4942
0.7799556,4943
0.79636693,4944
1.0589688,4945
1.0816193,4946
1.0995063,4947
0.99668396,4948
1.1473653,4949
1.1172829,4950
1.2896477,4951
1.2170731,4952
1.2140125,4953
1.2220409,4954
1.2378162,4955
1.2173443,4956
1.2344184,4957
1.0538375,4958
1.0670205,4959
1.0631359,4960
1.0532879,4961
1.05464,4962
1.0616173,4963
1.1170844,4964
0.8420061,4965
0.8570285,4966
0.8684932,4967
0.9100432,4968
0.7615976,4969
0.7619296,4970
0.65010726,4971
0.6317439,4972
0.642749,4973
0.6172527,4974
0.5971908,4975
0.59919375,4976
0.6005883,4977
0.6280169,4978
0.6338986,4979
0.6375292,4980
0.63381886,4981
0.63021827,4982
0.63461417,4983
0.58087194,4984
0.6409459,4985
0.635406,4986
0.7150683,4987
0.7276831,4988
0.729944,4989
0.7409764,4990
0.73935837,4991
0.74851036,4992
0.7207407,4993
0.71998435,4994
0.7038812,4995
0.7055177,4996
0.71546996,4997
0.70403296,4998
0.6952931,4999
0.70306,5000
0.6853981,5001
0.85136515,5002
0.8394452,5003
0.8443527,5004
0.74650955,5005
0.77961385,5006
0.65692323,5007
0.65530103,5008
0.6638704,5009
0.6631378,5010
0.72191817,5011
0.69732195,5012
0.8373288,5013
0.8523601,5014
0.8663956,5015
0.8560222,5016
0.8793976,5017
0.91572165,5018
4.6650457,5019
4.602958,5020
4.6336946,5021
4.5156884,5022
4.5229893,5023
4.5150294,5024
4.496401,5025
4.4768486,5026
4.4916186,5027
4.5084057,5028
4.535639,5029
4.531297,5030
4.433574,5031
4.474528,5032
4.325475,5033
4.402793,5034
4.3888736,5035
4.3838134,5036
4.387783,5037
4.402795,5038
0.6320028,5039
0.71568596,5040
0.80018115,5041
0.68387365,5042
0.6893522,5043
0.68554467,5044
0.6866937,5045
0.6813551,5046
0.66725767,5047
0.68709475,5048
0.66888696,5049
0.64989424,5050
0.69448304,5051
0.72403395,5052
0.8446145,5053
0.7482556,5054
0.824821,5055
0.85144407,5056
0.8475868,5057
0.9484969,5058
0.99394745,5059
0.9480371,5060
0.86757576,5061
0.87807715,5062
0.8851807,5063
0.89431745,5064
0.8940678,5065
0.8884863,5066
1.0026121,5067
0.97865325,5068
0.97314614,5069
0.98699033,5070
0.9582941,5071
0.9767366,5072
0.81107986,5073
0.84286684,5074
0.72297394,5075
0.7171579,5076
0.7092533,5077
0.62896246,5078
0.6152806,5079
0.60294825,5080
0.5819315,5081
0.6910569,5082
0.6995522,5083
0.6910929,5084
0.70866454,5085
0.7451747,5086
0.6723236,5087
0.65121233,5088
0.6349228,5089
0.64128715,5090
0.6891161,5091
0.7005937,5092
0.7249466,5093
0.72730327,5094
0.795706,5095
0.76923263,5096
0.7539073,5097
0.7455237,5098
0.7446878,5099
0.8827565,5100
1.022755,5101
0.9739764,5102
1.0090904,5103
1.0165483,5104
1.0069275,5105
0.96731615,5106
0.937567,5107
0.96809405,5108
0.972859,5109
0.9974908,5110
0.8488353,5111
0.8423882,5112
0.8761364,5113
0.8971016,5114
0.8118828,5115
0.7854846,5116
0.78115386,5117
0.82805705,5118
0.87825793,5119
0.83201784,5120
0.77407175,5121
0.7986908,5122
0.6544843,5123
0.648028,5124
0.65043294,5125
0.65656173,5126
0.6495544,5127
0.72333825,5128
0.7310884,5129
0.73034596,5130
0.73586595,5131
0.7355458,5132
0.8167847,5133
0.8096565,5134
0.80939656,5135
0.8058456,5136
0.7938567,5137
0.75716645,5138
0.75263155,5139
0.7338321,5140
0.60965234,5141
0.60200727,5142
0.7161116,5143
0.7124124,5144
0.8114281,5145
0.83826095,5146
0.85872436,5147
0.7675974,5148
0.75334686,5149
0.88233,5150
0.90335953,5151
0.9757336,5152
0.8121024,5153
0.8138624,5154
0.7983687,5155
1.0387582,5156
1.0392433,5157
1.040773,5158
1.0836445,5159
1.0860434,5160
1.1227866,5161
1.1487455,5162
0.9541329,5163
0.97665375,5164
0.92410797,5165
0.9672563,5166
0.93544245,5167
0.96130943,5168
0.9702858,5169
0.84524727,5170
0.8018325,5171
0.87673736,5172
0.89369464,5173
0.92463416,5174
0.93321073,5175
0.7845894,5176
0.7718485,5177
0.78344154,5178
0.7434483,5179
0.7698151,5180
0.7387384,5181
0.75989306,5182
0.83620024,5183
0.81815696,5184
0.7278805,5185
0.88627213,5186
0.9249639,5187
0.8789269,5188
0.8782123,5189
0.8714102,5190
0.9087497,5191
0.7864473,5192
0.79581916,5193
0.9670216,5194
1.1954485,5195
1.1586956,5196
1.1473112,5197
1.1431687,5198
1.1354814,5199
1.1619836,5200
1.1491501,5201
1.1524261,5202
0.9952731,5203
1.0157417,5204
1.1793334,5205
0.9628454,5206
0.9730462,5207
0.9864327,5208
0.9783495,5209
0.97473145,5210
0.960726,5211
1.0059102,5212
1.0292273,5213
1.0058258,5214
0.75700307,5215
0.76930404,5216
0.7730879,5217
0.7595671,5218
0.7675714,5219
0.72897065,5220
0.7427748,5221
0.72959214,5222
0.7337674,5223
0.7380864,5224
0.62042403,5225
0.5996139,5226
0.5955916,5227
0.61807656,5228
0.607976,5229
0.6346407,5230
0.63923967,5231
0.6127943,5232
0.6170979,5233
0.5184048,5234
0.53865874,5235
0.5355541,5236
0.5378494,5237
0.5540112,5238
0.54337025,5239
0.54657483,5240
0.5477594,5241
0.5581458,5242
0.56547374,5243
0.574384,5244
0.6981376,5245
0.6854544,5246
0.6971305,5247
0.6846457,5248
0.6778916,5249
0.6661676,5250
0.6768245,5251
0.6675807,5252
0.6635699,5253
0.6678199,5254
0.6372483,5255
0.64929694,5256
0.64647627,5257
0.7062545,5258
0.7559447,5259
0.9015318,5260
0.88303983,5261
0.8717412,5262
0.9042423,5263
1.0796137,5264
0.9089175,5265
0.90484786,5266
0.8778891,5267
0.89038324,5268
0.9061637,5269
0.9009871,5270
1.0867025,5271
1.1586919,5272
1.1067792,5273
1.193978,5274
1.1754771,5275
1.2684686,5276
1.3422098,5277
1.3248444,5278
1.3122867,5279
0.9945496,5280
0.9903918,5281
0.9890648,5282
0.9734431,5283
0.81730425,5284
0.80735457,5285
0.7926973,5286
0.81074464,5287
0.78329116,5288
0.7689984,5289
0.8261658,5290
0.7513207,5291
0.7249288,5292
0.72714216,5293
0.72346014,5294
0.76645035,5295
0.6034974,5296
0.59031427,5297
0.58838147,5298
0.5873023,5299
0.57870424,5300
0.56153786,5301
0.5482658,5302
0.56089735,5303
0.5663876,5304
0.58996785,5305
0.6203403,5306
0.5965016,5307
0.59789324,5308
0.6292878,5309
0.6126472,5310
0.47643957,5311
0.4780028,5312
0.4548877,5313
0.44655395,5314
0.4822065,5315
0.5768222,5316
0.5687334,5317
0.57812953,5318
0.58475935,5319
0.58330274,5320
0.6107636,5321
0.62038887,5322
0.5880027,5323
0.59673864,5324
0.60033214,5325
0.66049933,5326
0.64614785,5327
0.6843341,5328
0.6670205,5329
0.66189694,5330
0.67216843,5331
0.6735228,5332
0.78590614,5333
0.7817206,5334
0.76991796,5335
0.7111738,5336
0.6919041,5337
0.6626838,5338
0.80428916,5339
0.77098465,5340
0.74642634,5341
0.73383176,5342
0.73064965,5343
0.7863856,5344
0.78012633,5345
0.68722963,5346
0.7306624,5347
0.7056984,5348
0.68278676,5349
0.6751215,5350
0.6614246,5351
0.6723116,5352
0.5577736,5353
0.5590756,5354
0.54320544,5355
0.61655706,5356
0.6124535,5357
0.6164392,5358
0.49138173,5359
0.5084253,5360
0.5344724,5361
0.55207103,5362
0.54357606,5363
0.5264274,5364
0.53022426,5365
0.5300492,5366
0.61581457,5367
0.6132695,5368
0.6626295,5369
0.6701377,5370
0.6681414,5371
0.7644165,5372
0.7479438,5373
0.75427765,5374
0.7656056,5375
0.717589,5376
0.7213217,5377
0.77120644,5378
0.78208214,5379
0.79986376,5380
0.78732985,5381
0.8203586,5382
0.84699625,5383
0.909733,5384
0.906356,5385
0.94129485,5386
0.8605537,5387
0.84722733,5388
0.80409914,5389
0.8157383,5390
0.8594631,5391
0.74945265,5392
0.7586217,5393
0.7343757,5394
0.7515396,5395
0.73866045,5396
0.74636114,5397
0.79979783,5398
0.7608469,5399
0.95224714,5400
0.95372176,5401
0.9629442,5402
1.2163429,5403
1.1150054,5404
1.1189454,5405
1.1124184,5406
1.1008967,5407
1.1339667,5408
1.1184098,5409
1.0948853,5410
1.1223909,5411
1.1083205,5412
1.104224,5413
1.1188519,5414
1.2197238,5415
1.2644876,5416
1.3017952,5417
1.2868439,5418
1.3007779,5419
1.0222815,5420
1.0701832,5421
1.1036812,5422
0.7889982,5423
0.7536656,5424
0.74498403,5425
0.75015366,5426
0.79265946,5427
0.7767182,5428
0.77345854,5429
0.74913794,5430
0.7114357,5431
0.8855388,5432
0.89367837,5433
0.96209955,5434
0.74088913,5435
0.74806434,5436
0.78569937,5437
0.7125527,5438
0.717371,5439
0.71156603,5440
0.72720337,5441
0.71743673,5442
0.7346846,5443
0.73325396,5444
0.75994354,5445
0.78687614,5446
0.7575616,5447
0.7750731,5448
0.7647278,5449
0.9008528,5450
0.9371008,5451
0.7655241,5452
0.7670827,5453
0.7584459,5454
0.7654534,5455
0.76571965,5456
0.77913576,5457
0.6578167,5458
0.6658208,5459
0.67134356,5460
0.65579414,5461
0.74434114,5462
0.8353879,5463
0.927285,5464
0.9103434,5465
0.8917668,5466
0.87826276,5467
0.8487152,5468
0.86925143,5469
0.7219694,5470
0.7165588,5471
0.8024158,5472
1.0165509,5473
1.0117998,5474
1.0477744,5475
1.0773221,5476
1.078392,5477
1.0780625,5478
1.0574696,5479
1.0723871,5480
1.0974232,5481
1.0168757,5482
0.8926068,5483
0.7667079,5484
0.7538946,5485
0.7747443,5486
0.7751462,5487
0.781766,5488
0.76468503,5489
0.7557505,5490
0.79132444,5491
0.7557351,5492
0.64574504,5493
0.6691673,5494
0.682826,5495
0.6660693,5496
0.66380256,5497
0.7922081,5498
0.75195765,5499
0.74437094,5500
0.74103934,5501
0.89631957,5502
0.9328872,5503
0.93056506,5504
0.91581154,5505
0.8958705,5506
0.891111,5507
0.8678103,5508
0.8641697,5509
0.90104073,5510
0.884325,5511
1.0150616,5512
0.7622886,5513
0.7541574,5514
0.83197725,5515
0.9051719,5516
0.9626434,5517
0.9026985,5518
0.91912544,5519
0.97020185,5520
1.0231882,5521
0.85625976,5522
0.8757547,5523
0.88021713,5524
0.877425,5525
0.9206871,5526
0.91241884,5527
0.9242169,5528
0.92551225,5529
0.8918593,5530
0.898979,5531
0.8065002,5532
0.791862,5533
0.82645357,5534
0.75731766,5535
0.6975927,5536
0.71264684,5537
0.5090052,5538
0.6195304,5539
0.58241004,5540
0.5853305,5541
0.598313,5542
0.5923603,5543
0.6004222,5544
0.6185436,5545
0.6155781,5546
0.6447305,5547
0.62922555,5548
0.6349577,5549
0.64442044,5550
0.64885056,5551
0.6610069,5552
0.6417803,5553
0.61477464,5554
0.6048362,5555
0.6057592,5556
0.8208735,5557
0.8714592,5558
0.7406666,5559
0.7404109,5560
0.7336792,5561
0.737751,5562
0.7413787,5563
0.74309695,5564
0.7308764,5565
0.72834706,5566
0.7043808,5567
4.001817,5568
4.0077147,5569
4.0121975,5570
4.0280232,5571
4.0075164,5572
4.006913,5573
4.020341,5574
4.064682,5575
4.0996037,5576
3.8758166,5577
3.8488157,5578
3.8503523,5579
3.863299,5580
3.8473382,5581
3.8155968,5582
3.806551,5583
3.8254502,5584
3.840854,5585
3.8516395,5586
3.8900988,5587
0.50019133,5588
0.5095079,5589
0.502402,5590
0.49378678,5591
0.903795,5592
0.89954084,5593
0.8933159,5594
0.87068105,5595
0.8694589,5596
0.8607859,5597
0.9932336,5598
1.045757,5599
1.0567365,5600
1.06779,5601
1.0633552,5602
1.0582293,5603
1.0425059,5604
1.0442677,5605
1.0587347,5606
1.0659882,5607
1.0935692,5608
1.0987346,5609
1.1312051,5610
1.1503799,5611
0.6452866,5612
0.6592519,5613
0.67252195,5614
0.7004375,5615
0.7104381,5616
0.73687696,5617
0.61282706,5618
0.5581147,5619
0.5486641,5620
0.5399249,5621
0.5452676,5622
0.5598639,5623
0.56941503,5624
0.56930566,5625
0.55041605,5626
0.56457275,5627
0.5709991,5628
0.56261414,5629
0.5760987,5630
0.5755593,5631
0.6013943,5632
0.5862236,5633
0.56456167,5634
0.5645085,5635
0.54875666,5636
0.5315171,5637
0.5303204,5638
0.5124543,5639
0.50501174,5640
0.52185,5641
0.52447903,5642
0.5226762,5643
0.63433915,5644
0.63098544,5645
0.6358377,5646
0.64198196,5647
0.6870958,5648
0.688184,5649
0.6769384,5650
0.67127854,5651
0.65241575,5652
0.65602964,5653
0.65449834,5654
0.64977545,5655
0.6676026,5656
0.66076195,5657
0.8572541,5658
0.8824526,5659
0.89580655,5660
0.8681531,5661
0.9015743,5662
0.9348089,5663
0.7525352,5664
0.75933677,5665
0.80702627,5666
0.98598975,5667
0.8958765,5668
0.89560777,5669
0.8768683,5670
0.8710325,5671
0.8656853,5672
0.8561537,5673
0.88281024,5674
0.8798404,5675
0.8743809,5676
0.8884511,5677
0.6594742,5678
0.65079236,5679
0.6462298,5680
0.65485847,5681
0.67351496,5682
0.6862881,5683
0.6710919,5684
0.6899014,5685
0.69012856,5686
0.5168566,5687
0.51816714,5688
0.5206009,5689
0.700743,5690
0.70700943,5691
0.825148,5692
0.8523255,5693
0.82529694,5694
0.8192501,5695
0.8128679,5696
0.80966216,5697
0.8107488,5698
0.7958581,5699
0.79456145,5700
0.8844721,5701
0.884713,5702
0.97372246,5703
0.98254114,5704
1.0792098,5705
1.0743326,5706
1.0701743,5707
1.096329,5708
1.0924525,5709
0.8336271,5710
0.8532222,5711
0.7532221,5712
0.7401998,5713
0.74668914,5714
0.76670426,5715
0.78346556,5716
0.7852557,5717
0.77818835,5718
0.7744348,5719
0.8141946,5720
0.7695642,5721
0.76485425,5722
0.6212183,5723
0.61917883,5724
0.5090303,5725
0.6133118,5726
0.6224026,5727
0.638079,5728
0.797203,5729
0.80205727,5730
0.8632065,5731
0.8415898,5732
0.85215205,5733
0.8410061,5734
0.83107793,5735
0.8236605,5736
0.83544487,5737
1.0559672,5738
1.0391356,5739
1.0280187,5740
1.0162295,5741
1.1397595,5742
1.1552185,5743
1.3254144,5744
1.429379,5745
1.0769714,5746
1.1234196,5747
1.160245,5748
0.9741132,5749
1.0119644,5750
0.8836145,5751
0.9201786,5752
0.9101718,5753
1.0224762,5754
1.1402164,5755
1.1789694,5756
1.1801738,5757
0.97229844,5758
0.9682787,5759
0.9782025,5760
0.9696947,5761
0.8475072,5762
0.889792,5763
0.8608409,5764
0.88204145,5765
0.983148,5766
0.98003477,5767
0.93594533,5768
0.9397722,5769
0.9659844,5770
0.9708304,5771
0.97252035,5772
0.99784017,5773
0.92386734,5774
0.80755097,5775
0.82715136,5776
0.8243613,5777
0.8126964,5778
0.7779587,5779
0.75453,5780
0.762865,5781
0.9235926,5782
0.93470293,5783
0.77625465,5784
0.781461,5785
0.68440354,5786
0.65636575,5787
0.6632303,5788
0.6735115,5789
0.6490675,5790
0.74270666,5791
0.73564935,5792
1.1267729,5793
1.1586845,5794
1.0731332,5795
1.1048627,5796
1.1085868,5797
1.1889338,5798
1.201763,5799
1.2280959,5800
1.2234018,5801
1.0546579,5802
1.0450546,5803
1.0373077,5804
1.0261338,5805
1.02739,5806
1.0536053,5807
1.0584934,5808
1.0643936,5809
1.0636187,5810
0.97848266,5811
1.0072854,5812
0.601146,5813
0.6059578,5814
0.61286265,5815
0.58222395,5816
0.5934399,5817
0.48850036,5818
0.5924805,5819
0.57375765,5820
0.57536125,5821
0.6057588,5822
0.5969717,5823
0.6292267,5824
0.65553164,5825
0.6664638,5826
0.64541936,5827
0.6457443,5828
0.6526939,5829
0.6660672,5830
0.6343214,5831
0.6443067,5832
0.6727143,5833
0.78475386,5834
0.75375885,5835
0.8436855,5836
0.85492903,5837
0.8908371,5838
0.74716705,5839
0.755672,5840
0.7592333,5841
0.76273596,5842
0.78204226,5843
0.79759026,5844
0.7732032,5845
0.7944014,5846
0.79447585,5847
0.7867356,5848
0.79075927,5849
0.7901726,5850
0.80821276,5851
0.8291316,5852
0.8096278,5853
0.7074736,5854
0.87114245,5855
0.7312658,5856
0.7378012,5857
0.7156662,5858
0.69537705,5859
0.6845796,5860
0.6978792,5861
0.6461541,5862
0.63094443,5863
0.61468214,5864
0.638359,5865
0.61378497,5866
0.6139425,5867
0.6425414,5868
0.6149826,5869
0.6319901,5870
0.6293288,5871
0.5959008,5872
0.7435324,5873
0.7378034,5874
0.6005024,5875
0.60009503,5876
0.62046105,5877
0.62256026,5878
0.63655764,5879
0.6705646,5880
0.637483,5881
0.6504532,5882
0.6658412,5883
0.6618434,5884
0.656492,5885
0.8691689,5886
0.8922057,5887
0.8783191,5888
0.88544416,5889
0.8721158,5890
0.90598625,5891
0.9570343,5892
0.81950384,5893
0.80767775,5894
0.8145573,5895
0.8084629,5896
0.82748485,5897
0.83836347,5898
0.8209256,5899
0.81614804,5900
0.80987746,5901
0.807845,5902
0.81998706,5903
0.8228085,5904
0.86052114,5905
0.60257685,5906
0.624488,5907
0.64378744,5908
0.6590793,5909
0.6544983,5910
0.6103517,5911
0.5620796,5912
0.64669883,5913
0.6489103,5914
0.89832705,5915
0.9088166,5916
0.88407683,5917
0.85041064,5918
0.85336286,5919
0.8755739,5920
0.8586345,5921
0.89785385,5922
0.90636325,5923
1.0023949,5924
0.99768656,5925
0.9990526,5926
0.9696965,5927
0.96610904,5928
0.95859426,5929
0.9731128,5930
1.0051923,5931
1.0693332,5932
0.952558,5933
1.1118473,5934
0.77000177,5935
0.7803804,5936
0.78197443,5937
0.78266495,5938
0.77297705,5939
0.7657056,5940
0.76284957,5941
0.74927384,5942
0.722267,5943
0.6192453,5944
0.6387942,5945
0.66022277,5946
0.6615165,5947
0.66172713,5948
0.65776885,5949
0.6702832,5950
0.65463006,5951
0.6327727,5952
0.62172556,5953
0.5047823,5954
0.5062814,5955
0.59249324,5956
0.59598535,5957
0.6196462,5958
0.6112739,5959
0.6028328,5960
0.60154766,5961
0.5865613,5962
0.580432,5963
0.6636,5964
0.6434854,5965
0.7153072,5966
0.7214549,5967
0.7142244,5968
0.7268254,5969
0.7283046,5970
0.73610634,5971
0.7478532,5972
0.76053727,5973
0.75050825,5974
0.7673514,5975
0.6483214,5976
0.64930946,5977
0.6375781,5978
0.62851816,5979
0.62544715,5980
0.6366369,5981
0.66781586,5982
0.6662491,5983
0.54073775,5984
0.548885,5985
0.47250855,5986
0.4713715,5987
0.49376273,5988
0.48615634,5989
0.4694045,5990
0.48897257,5991
0.4798227,5992
0.5972804,5993
0.60151845,5994
0.59071356,5995
0.573231,5996
0.58360803,5997
0.60885715,5998
0.6211026,5999
0.6371325,6000
0.6372731,6001
0.6383872,6002
0.66428536,6003
0.6922593,6004
0.7085941,6005
0.71543723,6006
0.7308835,6007
0.7049838,6008
0.69321257,6009
0.6890932,6010
0.67562836,6011
0.73847735,6012
0.55277586,6013
0.550619,6014
0.575223,6015
0.7034198,6016
0.7968676,6017
0.8291579,6018
0.8323566,6019
0.8491469,6020
0.92081285,6021
0.9966883,6022
0.9810436,6023
1.0529027,6024
1.0314009,6025
1.1000441,6026
1.0673888,6027
1.0573134,6028
1.0777102,6029
1.0834732,6030
1.1435124,6031
1.1004493,6032
1.2207772,6033
1.2568998,6034
1.2728186,6035
1.1889491,6036
0.9941084,6037
0.9480331,6038
0.963586,6039
0.99048936,6040
0.9428756,6041
0.8089186,6042
0.8284078,6043
0.71522963,6044
0.7111664,6045
0.66649604,6046
0.69926697,6047
0.6973015,6048
0.71243906,6049
0.8436691,6050
0.81753385,6051
0.8265677,6052
0.6948243,6053
0.6917851,6054
0.6910891,6055
0.69854003,6056
0.68625313,6057
0.6732552,6058
0.66220945,6059
0.67492956,6060
0.65540946,6061
0.79241073,6062
0.7999572,6063
0.79225534,6064
0.78791994,6065
0.77986795,6066
0.7663024,6067
0.74978656,6068
0.835311,6069
0.7230745,6070
0.8296129,6071
0.8491263,6072
0.8107653,6073
0.81037116,6074
0.84360504,6075
0.83065283,6076
0.9706271,6077
0.96914595,6078
0.93908113,6079
0.9284289,6080
0.93208194,6081
0.8181987,6082
0.8062737,6083
0.8012912,6084
0.82099515,6085
0.96050894,6086
1.1880392,6087
1.2012857,6088
1.1111883,6089
1.084848,6090
0.93686277,6091
0.9271011,6092
0.9281895,6093
0.9370764,6094
1.0801147,6095
1.1123561,6096
0.9551693,6097
0.97507876,6098
0.9611161,6099
0.9979204,6100
0.98060983,6101
0.9713933,6102
1.157839,6103
1.1846817,6104
1.2607094,6105
1.1820732,6106
0.8482423,6107
0.8551767,6108
0.85432625,6109
0.87906265,6110
1.0706847,6111
1.1021353,6112
1.1147151,6113
1.1519183,6114
0.96558106,6115
0.9660751,6116
0.9493778,6117
0.9521117,6118
0.9556416,6119
0.92979455,6120
0.963659,6121
1.0614661,6122
0.82257295,6123
0.80878496,6124
0.7792808,6125
0.90146726,6126
0.8895757,6127
0.8965792,6128
0.9168478,6129
0.9552007,6130
0.7823184,6131
0.77931404,6132
0.8126595,6133
0.78833234,6134
0.8131981,6135
0.904425,6136
0.9079149,6137
1.0751624,6138
1.0260104,6139
1.0397333,6140
1.0901922,6141
1.0449005,6142
1.0492289,6143
1.0422969,6144
1.0574903,6145
0.9222613,6146
0.928802,6147
0.9240507,6148
0.9321599,6149
0.9129852,6150
0.82823515,6151
0.81554544,6152
0.78605384,6153
0.78587884,6154
0.80982774,6155
0.71578306,6156
0.73120224,6157
0.58716804,6158
0.6485083,6159
0.6380711,6160
0.60852814,6161
0.62859803,6162
0.640336,6163
0.6384817,6164
0.642102,6165
0.6315391,6166
0.6015014,6167
0.60230756,6168
0.60782784,6169
0.6478998,6170
0.65014803,6171
0.65087044,6172
0.65898514,6173
0.69585145,6174
0.6983931,6175
0.6703363,6176
0.67224663,6177
0.7066579,6178
0.61206156,6179
0.6034749,6180
0.5852543,6181
0.5517128,6182
0.5403928,6183
0.7302959,6184
0.73694223,6185
0.7388355,6186
0.74930817,6187
0.76105356,6188
0.75603056,6189
0.72698385,6190
0.7119366,6191
0.71189046,6192
0.71397036,6193
0.67538786,6194
0.69479364,6195
0.7320602,6196
0.8646569,6197
0.8387335,6198
0.8503428,6199
1.0011642,6200
0.9632277,6201
1.0814376,6202
1.0933663,6203
0.84740156,6204
0.8412321,6205
0.85084504,6206
0.8560407,6207
0.86552626,6208
0.8614061,6209
0.8700728,6210
0.95082915,6211
0.9163127,6212
0.9881181,6213
0.9985494,6214
0.9420115,6215
0.9560449,6216
0.77993304,6217
0.87991995,6218
0.84375703,6219
0.71062255,6220
0.74498093,6221
0.64217323,6222
0.64745116,6223
0.804058,6224
0.77452177,6225
0.83277845,6226
0.821088,6227
0.77206236,6228
0.76410764,6229
0.7866131,6230
0.7972611,6231
0.96699625,6232
0.8377185,6233
0.8223973,6234
0.8240346,6235
0.8308631,6236
0.8686324,6237
0.73924226,6238
0.85014206,6239
0.846148,6240
0.8501793,6241
0.87643564,6242
0.87423784,6243
0.7265759,6244
0.71292067,6245
0.6665943,6246
0.7061258,6247
0.72097266,6248
0.72216713,6249
0.7112424,6250
0.7147663,6251
0.5611009,6252
0.5671875,6253
0.5676716,6254
0.57808894,6255
0.56994843,6256
0.5844843,6257
0.6102344,6258
0.52013075,6259
0.56983614,6260
0.56623846,6261
0.5938396,6262
0.59930253,6263
0.60165,6264
0.6873212,6265
0.70599097,6266
0.6896425,6267
0.6874263,6268
0.6738649,6269
0.7785175,6270
0.80096006,6271
0.77719927,6272
0.78772616,6273
0.7585364,6274
0.75366205,6275
0.7580108,6276
0.7430685,6277
0.77059114,6278
0.77131546,6279
0.7315006,6280
0.7359703,6281
0.71011716,6282
0.7189366,6283
0.7341237,6284
0.66502726,6285
0.76068205,6286
0.7678771,6287
0.77229035,6288
0.80306184,6289
0.67911285,6290
0.70241255,6291
0.6833404,6292
0.6850437,6293
0.6820482,6294
0.6795527,6295
0.6878,6296
0.68156385,6297
0.6637216,6298
0.67644507,6299
0.65727973,6300
0.6666197,6301
0.6836859,6302
0.67396545,6303
0.66149485,6304
0.67162,6305
0.5474767,6306
0.5384081,6307
0.54165596,6308
0.5210369,6309
0.5204184,6310
0.51306486,6311
0.5306491,6312
0.58951974,6313
0.6726663,6314
0.66516167,6315
0.66986716,6316
0.67017424,6317
0.6755121,6318
0.6872093,6319
0.69333094,6320
0.68411607,6321
0.68563324,6322
0.7063038,6323
0.70681626,6324
0.70722854,6325
0.7274605,6326
0.7419452,6327
0.7363541,6328
0.7171165,6329
0.8686809,6330
0.89244485,6331
1.0039852,6332
0.9578162,6333
0.8567499,6334
0.85430735,6335
0.8591328,6336
0.850687,6337
0.8457664,6338
0.8201225,6339
0.81254447,6340
0.8038006,6341
0.79882276,6342
0.7633479,6343
0.7826015,6344
0.8801942,6345
0.9240045,6346
0.91871125,6347
0.9504597,6348
0.96595764,6349
0.85421014,6350
0.88137174,6351
0.6854663,6352
0.6825426,6353
0.6793448,6354
0.7147652,6355
0.72764295,6356
0.727324,6357
0.7238075,6358
0.7422102,6359
0.7548424,6360
0.76941377,6361
0.78393674,6362
0.8035526,6363
0.82826185,6364
0.74939406,6365
0.6449593,6366
0.6397057,6367
0.7536978,6368
0.7929921,6369
0.67322904,6370
0.68916124,6371
0.6888128,6372
0.7771608,6373
0.8222711,6374
0.91033393,6375
0.94262713,6376
0.92045164,6377
0.92498416,6378
0.9519131,6379
0.95947754,6380
0.9537338,6381
1.0116472,6382
0.99583894,6383
0.92537534,6384
0.92046946,6385
0.9171715,6386
0.97270525,6387
0.8326016,6388
0.8286478,6389
0.8451241,6390
0.84321684,6391
0.8390478,6392
0.7237123,6393
0.8312953,6394
0.7178631,6395
0.67758894,6396
0.7024721,6397
0.70172876,6398
0.65930957,6399
0.7137009,6400
0.70225614,6401
0.68983644,6402
0.7055571,6403
0.9856115,6404
0.97797656,6405
0.99843127,6406
0.9633908,6407
0.9554996,6408
0.9764459,6409
0.94653165,6410
1.0335481,6411
1.0437186,6412
1.0495517,6413
0.924852,6414
0.9295015,6415
0.92552406,6416
0.9163288,6417
0.916763,6418
0.975674,6419
0.8902742,6420
0.94534975,6421
0.97266936,6422
0.9908726,6423
0.73910505,6424
0.77217376,6425
0.7769588,6426
0.81016695,6427
0.804061,6428
0.786224,6429
0.82190436,6430
0.6894452,6431
0.8350975,6432
0.85861367,6433
0.8889948,6434
0.8746864,6435
0.87459207,6436
0.8824687,6437
0.8358326,6438
0.809664,6439
0.9093777,6440
0.77707154,6441
0.92888105,6442
0.9318935,6443
0.93277067,6444
0.8956173,6445
0.9465263,6446
0.9263372,6447
0.95452607,6448
0.9369805,6449
0.92742693,6450
0.9304866,6451
0.78134507,6452
0.76949275,6453
0.7452156,6454
0.7446829,6455
0.7467246,6456
0.7165508,6457
0.7411513,6458
0.7475891,6459
0.6599071,6460
0.69977206,6461
0.5383901,6462
0.54649985,6463
0.6847471,6464
0.69849503,6465
0.5904795,6466
0.6290236,6467
0.64744294,6468
0.6607895,6469
0.6665055,6470
0.6573993,6471
0.6715236,6472
0.6709286,6473
0.65687853,6474
0.666472,6475
0.64638007,6476
0.69719726,6477
0.6852705,6478
0.71381897,6479
0.74251944,6480
0.71117854,6481
0.80246717,6482
0.81466776,6483
0.6953571,6484
0.71294236,6485
0.699728,6486
0.6869269,6487
0.6894632,6488
0.70766234,6489
0.7184151,6490
0.71730644,6491
0.7159323,6492
0.7355826,6493
0.8439591,6494
0.83567095,6495
0.86464155,6496
0.8621568,6497
0.8726306,6498
0.89591765,6499
0.7791405,6500
0.79247373,6501
0.71166414,6502
0.6996474,6503
0.6980674,6504
0.6868826,6505
0.67047364,6506
0.6737679,6507
0.67396635,6508
0.68073523,6509
0.68007284,6510
0.6841267,6511
0.6900866,6512
0.7007782,6513
0.5596122,6514
0.5667031,6515
0.5573035,6516
0.5536791,6517
0.58335716,6518
0.5720511,6519
0.75381523,6520
0.72926134,6521
0.76154256,6522
0.7585196,6523
0.7494014,6524
0.75250745,6525
0.7534817,6526
0.73690873,6527
0.75348556,6528
0.7316159,6529
0.7481691,6530
0.7436682,6531
0.7320503,6532
0.7277236,6533
0.7232739,6534
0.7263305,6535
0.7363709,6536
0.721414,6537
0.69644004,6538
0.6986498,6539
0.54742414,6540
0.5199298,6541
0.5107883,6542
0.5104093,6543
0.49074328,6544
0.65526015,6545
0.6587685,6546
0.6449718,6547
0.6403433,6548
0.63093495,6549
0.62333715,6550
0.6166587,6551
0.74473417,6552
0.77337265,6553
0.7787952,6554
0.78428006,6555
0.7710576,6556
0.7394147,6557
0.74995047,6558
0.7804607,6559
0.78874373,6560
0.79955703,6561
0.7743378,6562
0.7847965,6563
0.8050404,6564
0.6397211,6565
0.64133507,6566
0.7416682,6567
0.77526945,6568
0.79165304,6569
0.8164242,6570
0.85248476,6571
0.6776788,6572
0.6602398,6573
0.68028814,6574
0.6862934,6575
0.6859726,6576
0.7809091,6577
0.77121186,6578
0.7550447,6579
0.7302534,6580
0.726409,6581
0.8279133,6582
0.83372164,6583
0.8250466,6584
0.8356361,6585
0.8525437,6586
0.72073984,6587
0.6595984,6588
0.6566441,6589
0.7662991,6590
0.7894561,6591
0.7967549,6592
0.790535,6593
0.8164346,6594
0.80818075,6595
0.7870796,6596
0.68214244,6597
0.74210584,6598
0.7686282,6599
0.7921039,6600
0.8604755,6601
0.87164044,6602
0.90089965,6603
0.91825706,6604
0.9203047,6605
0.9242545,6606
0.8955241,6607
0.92015123,6608
0.9515988,6609
0.8159253,6610
0.79922754,6611
0.7949126,6612
0.81354856,6613
0.82500494,6614
0.860087,6615
0.8374412,6616
1.0004011,6617
0.86580795,6618
0.8624839,6619
0.8623995,6620
0.85887927,6621
0.70909846,6622
0.69711185,6623
0.687093,6624
0.689904,6625
0.68484914,6626
0.6828673,6627
0.6734018,6628
0.67256415,6629
0.663365,6630
0.65845084,6631
0.66202813,6632
0.63612294,6633
0.6231182,6634
0.6396961,6635
0.71067023,6636
0.5994352,6637
0.5933333,6638
0.5899258,6639
0.58675665,6640
0.5767801,6641
0.5421586,6642
0.5729378,6643
0.58824164,6644
0.6806139,6645
0.7393003,6646
0.7959682,6647
0.7963198,6648
0.8177149,6649
0.8041049,6650
0.79452986,6651
0.7955109,6652
0.7849279,6653
0.8374012,6654
0.83693296,6655
0.76824206,6656
0.8755468,6657
0.8819162,6658
0.9712404,6659
0.96261793,6660
0.96681917,6661
0.9486518,6662
0.9075246,6663
0.9348198,6664
0.8419075,6665
1.1384456,6666
1.0573173,6667
1.0734593,6668
1.0631156,6669
1.0724667,6670
1.0760906,6671
1.0686519,6672
1.0974536,6673
1.0735157,6674
1.0832028,6675
1.1459279,6676
0.9885207,6677
1.1476715,6678
1.0499862,6679
1.0595587,6680
1.0981303,6681
1.0785377,6682
1.0570838,6683
1.0935354,6684
1.1437012,6685
0.83244956,6686
0.8595516,6687
0.8329477,6688
0.85163695,6689
0.822674,6690
0.8038666,6691
0.80349725,6692
1.0037347,6693
1.0110137,6694
1.0253918,6695
0.97204834,6696
1.0072637,6697
1.0434304,6698
0.9691542,6699
0.9665727,6700
0.9460248,6701
0.9711299,6702
1.2795407,6703
1.3128221,6704
1.451447,6705
1.3050413,6706
1.3208306,6707
1.2749505,6708
1.2521726,6709
1.2552227,6710
1.3279603,6711
1.323763,6712
1.0195714,6713
1.003943,6714
0.9970636,6715
0.9705342,6716
1.0026717,6717
0.91899544,6718
0.9317772,6719
0.9074963,6720
0.93052155,6721
0.9188282,6722
0.6974884,6723
0.70756716,6724
0.51058656,6725
0.560317,6726
0.64811116,6727
0.6528111,6728
0.6524576,6729
0.64713496,6730
0.64421415,6731
0.64789194,6732
0.6695607,6733
0.656951,6734
0.65703285,6735
0.6685668,6736
0.67672896,6737
0.6633533,6738
0.6740358,6739
0.67685246,6740
0.6235874,6741
0.6159378,6742
0.6247666,6743
0.6279188,6744
0.6646394,6745
0.6579125,6746
0.540143,6747
0.5505167,6748
0.53748465,6749
0.5398358,6750
0.53070664,6751
0.5912633,6752
0.5842189,6753
0.61388516,6754
0.6047939,6755
0.5802451,6756
0.5665029,6757
0.7013887,6758
0.6892923,6759
0.68376404,6760
0.6886802,6761
0.6812241,6762
0.66420954,6763
0.69958586,6764
0.7063978,6765
0.69285464,6766
0.6910886,6767
0.68420714,6768
0.7136461,6769
0.72019136,6770
0.7355123,6771
0.6347632,6772
0.62861,6773
0.6326104,6774
0.6268551,6775
0.6357124,6776
0.6706,6777
0.59346926,6778
0.5771486,6779
0.5751965,6780
0.68166137,6781
0.68050593,6782
0.6838788,6783
0.67206824,6784
0.6441978,6785
0.6397701,6786
0.647711,6787
0.6258122,6788
0.6242988,6789
0.63970095,6790
0.6588579,6791
0.6743349,6792
0.76866555,6793
0.75665575,6794
0.7666609,6795
0.7713699,6796
0.78261775,6797
0.7026654,6798
0.697769,6799
0.71737665,6800
0.6077238,6801
0.6447345,6802
0.6541524,6803
0.66185033,6804
0.6675692,6805
0.70402694,6806
0.68350035,6807
0.68591046,6808
0.67523134,6809
0.67214257,6810
0.80127317,6811
0.825145,6812
0.6928188,6813
0.6960173,6814
0.69452167,6815
0.7085446,6816
0.82942384,6817
0.8181896,6818
0.8176783,6819
0.81283104,6820
0.8019418,6821
0.97218233,6822
0.95271665,6823
0.91987777,6824
1.1426605,6825
1.0723627,6826
1.0804144,6827
1.0723767,6828
1.0946549,6829
1.1216396,6830
0.9352523,6831
0.9387856,6832
1.0001827,6833
1.0142325,6834
0.990637,6835
0.979151,6836
0.8204129,6837
0.8319686,6838
0.84726465,6839
0.79674006,6840
0.8276726,6841
0.69064677,6842
0.6943161,6843
0.71464646,6844
0.53773123,6845
0.5312569,6846
0.5305091,6847
0.5348152,6848
0.53590864,6849
0.5228917,6850
0.6109708,6851
0.5956342,6852
0.6001637,6853
0.59189105,6854
0.72127724,6855
0.74289185,6856
0.71893716,6857
0.6950042,6858
0.69350904,6859
0.692778,6860
0.6930818,6861
0.67445093,6862
0.6778894,6863
0.7074208,6864
0.73436546,6865
0.7176366,6866
0.74004763,6867
0.73368806,6868
0.7452128,6869
0.74090636,6870
0.62053347,6871
0.63831496,6872
0.6476376,6873
0.6747031,6874
0.49783117,6875
0.6064832,6876
0.6148043,6877
0.61277544,6878
0.62257963,6879
0.63764673,6880
0.63111,6881
0.63232446,6882
0.6279098,6883
0.638844,6884
0.6252701,6885
0.62709546,6886
0.6484781,6887
0.62548614,6888
0.62573427,6889
0.6295182,6890
0.64744323,6891
0.65085006,6892
0.66044724,6893
0.6583617,6894
0.6699134,6895
0.5403711,6896
0.55188316,6897
0.56145406,6898
0.55926436,6899
0.5757903,6900
0.59163785,6901
0.5934318,6902
0.66735667,6903
0.6397142,6904
0.6575385,6905
0.6583165,6906
0.61860055,6907
0.625203,6908
0.6323487,6909
0.6168028,6910
0.6222128,6911
0.6380586,6912
0.6165448,6913
0.63138956,6914
0.6126648,6915
0.60617197,6916
0.61189574,6917
0.620452,6918
0.61103195,6919
0.5766493,6920
0.5786753,6921
0.60427874,6922
0.6350347,6923
0.66597193,6924
0.6534212,6925
0.66326296,6926
0.6607434,6927
0.6391597,6928
0.7294989,6929
0.74398804,6930
0.72409296,6931
0.72792155,6932
0.88859767,6933
0.8247831,6934
0.8465505,6935
0.8650859,6936
0.86046463,6937
0.87595475,6938
0.8919204,6939
0.9105124,6940
1.0526891,6941
1.0962378,6942
0.8876923,6943
0.86425555,6944
0.87469834,6945
0.9971558,6946
1.0083003,6947
1.0209829,6948
0.8478966,6949
0.8143333,6950
0.8239631,6951
1.03918,6952
0.79147184,6953
0.8465448,6954
0.8247984,6955
0.77541184,6956
0.78891397,6957
0.76468706,6958
0.7773543,6959
0.8189961,6960
0.7083805,6961
0.71881485,6962
0.7428834,6963
0.736605,6964
0.73769957,6965
0.67092305,6966
0.6403604,6967
0.6234776,6968
0.638056,6969
0.74344605,6970
0.77650726,6971
0.7783091,6972
0.77306455,6973
0.73903245,6974
0.74552864,6975
0.72192055,6976
0.74355286,6977
0.74430585,6978
0.7469151,6979
0.73280805,6980
0.7335837,6981
0.73783004,6982
0.7365627,6983
0.7337768,6984
0.715089,6985
0.71368676,6986
0.7142216,6987
0.7053569,6988
0.71826434,6989
0.62034714,6990
0.63840157,6991
0.5143596,6992
0.51633227,6993
0.64237815,6994
0.722008,6995
0.74169266,6996
0.7081027,6997
0.7054637,6998
0.76550066,6999
0.7572449,7000
0.8977919,7001
0.9088846,7002
0.8999219,7003
0.90918213,7004
1.1721722,7005
1.0610703,7006
1.0588236,7007
1.0674736,7008
1.0691603,7009
1.0661708,7010
1.0849994,7011
1.0761262,7012
1.0549868,7013
0.97064745,7014
0.8112998,7015
0.81280655,7016
0.88945544,7017
0.85559374,7018
0.7389575,7019
0.7776739,7020
0.6171963,7021
0.6095659,7022
0.6363534,7023
0.64811265,7024
0.5186752,7025
0.5111485,7026
0.50670105,7027
0.51064134,7028
0.48768026,7029
0.5470089,7030
0.57197934,7031
0.59931874,7032
0.6157761,7033
0.59850335,7034
0.6142449,7035
0.6137712,7036
0.614846,7037
0.6255079,7038
0.62318075,7039
0.88343763,7040
0.87769353,7041
0.95547014,7042
0.9283957,7043
0.9665532,7044
0.94816893,7045
0.96838564,7046
0.98133296,7047
0.9760846,7048
1.0062939,7049
0.914812,7050
0.92496413,7051
0.8951463,7052
0.89845735,7053
0.8907713,7054
0.8795351,7055
0.87552893,7056
0.85158694,7057
0.86610603,7058
0.91265947,7059
0.61467534,7060
0.6185498,7061
0.4994661,7062
0.49791694,7063
0.47236675,7064
0.48870477,7065
0.47960845,7066
0.46470973,7067
0.44379148,7068
0.43864778,7069
0.42042592,7070
0.41337678,7071
0.42893285,7072
0.42721802,7073
0.42270356,7074
0.42951748,7075
0.43439728,7076
0.42740303,7077
0.4073996,7078
0.40348732,7079
0.39025903,7080
0.38593277,7081
0.41029847,7082
0.402372,7083
0.4518573,7084
0.44682372,7085
0.45697254,7086
0.46972665,7087
0.46383956,7088
0.59505635,7089
0.59748864,7090
0.5805339,7091
0.5754638,7092
0.5788105,7093
0.60776615,7094
0.612658,7095
0.6148916,7096
0.61627734,7097
0.63342553,7098
0.6355701,7099
0.63942546,7100
0.64069444,7101
0.6342328,7102
0.65103835,7103
0.59652734,7104
0.6064898,7105
0.758259,7106
0.74942887,7107
0.78641295,7108
0.68719345,7109
0.69605696,7110
0.69071627,7111
0.68424666,7112
0.6997763,7113
0.7027819,7114
0.78667784,7115
0.78161776,7116
0.7829942,7117
0.7985871,7118
0.80472,7119
0.7946567,7120
0.7883594,7121
0.85761154,7122
0.83050805,7123
0.83897585,7124
0.8764622,7125
0.7127948,7126
0.7051236,7127
0.7149826,7128
0.713093,7129
0.70791215,7130
0.9096974,7131
0.91412985,7132
0.9334768,7133
1.0810809,7134
0.9765091,7135
1.0394087,7136
1.007887,7137
0.99854636,7138
1.0109687,7139
1.0003098,7140
1.0251724,7141
0.9109363,7142
0.9141082,7143
0.9085994,7144
0.899322,7145
0.9181546,7146
0.99705124,7147
1.0035002,7148
1.0195475,7149
1.0340253,7150
0.8777046,7151
0.81618303,7152
0.7984474,7153
0.6381382,7154
0.66202813,7155
0.57338506,7156
0.5803344,7157
0.5912855,7158
0.57548916,7159
0.58772767,7160
0.58468795,7161
0.570749,7162
0.5499623,7163
0.5586786,7164
0.5871479,7165
0.5985602,7166
0.48292607,7167
0.47395158,7168
0.4921269,7169
0.50065964,7170
0.50700957,7171
0.4984391,7172
0.520055,7173
0.53896827,7174
0.55683076,7175
0.54299486,7176
0.5294588,7177
0.5375528,7178
0.5715292,7179
0.56281155,7180
0.6644748,7181
0.6634189,7182
0.6747613,7183
0.66908324,7184
0.67279917,7185
0.6568519,7186
0.7729479,7187
0.78521913,7188
0.7637896,7189
0.75443894,7190
0.7484283,7191
0.7430109,7192
0.72710204,7193
0.7138868,7194
0.7235206,7195
0.72127825,7196
0.828374,7197
0.81949663,7198
0.79011214,7199
0.80309165,7200
0.7125358,7201
0.71852416,7202
0.7036852,7203
0.7226181,7204
0.78895676,7205
0.8162953,7206
0.6453607,7207
0.67255235,7208
0.80135936,7209
0.81193274,7210
0.828398,7211
0.8173376,7212
0.8374568,7213
0.8227362,7214
0.8022521,7215
0.91647875,7216
0.8640689,7217
0.858772,7218
0.84450895,7219
0.84945273,7220
0.87518173,7221
0.87382203,7222
0.8945478,7223
0.8851927,7224
0.8039001,7225
0.8190435,7226
0.8372102,7227
0.863356,7228
0.71299845,7229
0.7071249,7230
0.7973827,7231
0.8071156,7232
0.78913087,7233
0.8148735,7234
0.82602966,7235
0.91757524,7236
0.7494324,7237
0.7909472,7238
0.8131406,7239
0.81651044,7240
0.7826435,7241
0.77198625,7242
0.7737565,7243
0.78708875,7244
0.80689573,7245
0.7651101,7246
0.77710813,7247
0.74657804,7248
0.7482843,7249
0.98183477,7250
0.8133449,7251
0.82494247,7252
0.83961266,7253
0.8235526,7254
0.84264237,7255
0.7089824,7256
0.69423,7257
0.6353867,7258
0.67192,7259
0.6705594,7260
0.6828828,7261
0.7085094,7262
0.6825617,7263
0.6899782,7264
0.6568212,7265
0.66716963,7266
0.6722194,7267
0.683748,7268
0.8774968,7269
0.6718714,7270
0.6786033,7271
0.6947476,7272
0.6826117,7273
0.6805144,7274
0.69448286,7275
0.7164497,7276
0.7685807,7277
0.7769344,7278
0.7688134,7279
0.87777656,7280
0.90444213,7281
0.9457101,7282
1.0480523,7283
1.0837586,7284
1.0929139,7285
1.0710995,7286
1.108091,7287
1.1136253,7288
0.9034734,7289
0.8939422,7290
0.89079344,7291
0.8849823,7292
0.8860188,7293
0.8729704,7294
0.8584393,7295
0.8935707,7296
0.76201606,7297
0.77701616,7298
0.8030177,7299
0.65973544,7300
0.6704982,7301
0.64047647,7302
0.68698347,7303
0.5702884,7304
0.59223807,7305
0.5965566,7306
0.60088193,7307
0.5996718,7308
0.6051773,7309
0.6197731,7310
0.6086937,7311
0.58577627,7312
0.58949995,7313
0.7145441,7314
0.7247699,7315
0.7365744,7316
0.75574934,7317
0.83121705,7318
0.8109755,7319
0.91170084,7320
0.9052257,7321
0.91093606,7322
0.7498081,7323
0.74803877,7324
0.7493814,7325
0.7619568,7326
0.7324765,7327
0.70880735,7328
0.72038925,7329
0.73124725,7330
0.72242624,7331
0.7259091,7332
0.73968667,7333
0.6087408,7334
0.634089,7335
0.67576844,7336
0.7343241,7337
0.5905958,7338
0.60977435,7339
0.5817952,7340
0.5836537,7341
0.5920266,7342
0.5983793,7343
0.5985115,7344
0.704897,7345
0.6599633,7346
0.6770084,7347
0.6832505,7348
0.6753064,7349
0.7682384,7350
0.78804046,7351
0.7549231,7352
0.7580032,7353
0.749855,7354
0.7486232,7355
0.79886085,7356
0.759509,7357
0.7357913,7358
0.75274557,7359
0.62027067,7360
0.6006913,7361
0.6458566,7362
0.6408072,7363
0.68654466,7364
0.5612142,7365
0.5668984,7366
0.5863892,7367
0.60441625,7368
0.5757135,7369
0.46749505,7370
0.47401825,7371
0.48697063,7372
0.48689166,7373
0.49430358,7374
0.5089929,7375
0.5164026,7376
0.5397923,7377
0.64635575,7378
0.6646567,7379
0.72707385,7380
0.7731735,7381
0.7518732,7382
0.75046813,7383
0.75764745,7384
0.8835019,7385
0.8862834,7386
0.87175417,7387
0.88962847,7388
0.8957132,7389
1.170616,7390
1.1897871,7391
1.2035141,7392
1.2037345,7393
1.1944014,7394
1.1740236,7395
1.1671433,7396
1.1464664,7397
0.99464643,7398
1.1243834,7399
0.9838335,7400
0.95037895,7401
0.9086718,7402
0.9139587,7403
0.9240747,7404
0.77438766,7405
0.7699397,7406
0.7677419,7407
0.77548707,7408
0.7943225,7409
0.53152764,7410
0.5447301,7411
0.55649805,7412
0.5604624,7413
0.60085195,7414
0.5906382,7415
0.5751394,7416
0.57445616,7417
0.57504165,7418
0.51284295,7419
0.6148034,7420
0.63856125,7421
0.6828081,7422
0.8666586,7423
0.87848634,7424
0.87315476,7425
0.8810935,7426
0.8755138,7427
0.8763092,7428
0.8831875,7429
0.88462174,7430
0.8641501,7431
0.87328887,7432
0.8796874,7433
0.8545728,7434
0.85823655,7435
0.89140993,7436
0.89999306,7437
0.9301616,7438
0.94677126,7439
0.76918703,7440
0.7612064,7441
0.7864411,7442
0.5128596,7443
0.53572166,7444
0.528714,7445
0.5127461,7446
0.5123707,7447
0.5134106,7448
0.5298099,7449
0.51718533,7450
0.5258577,7451
0.5165726,7452
0.5125756,7453
0.5256204,7454
0.5331267,7455
0.5297041,7456
0.53614914,7457
0.5349111,7458
0.53686285,7459
0.5393058,7460
0.56025827,7461
0.58230865,7462
0.6648871,7463
0.64630944,7464
0.62244517,7465
0.6595914,7466
0.6471512,7467
0.74676466,7468
0.73695236,7469
0.7614786,7470
0.84601164,7471
0.8530632,7472
0.8560014,7473
0.83329725,7474
1.002336,7475
0.9909387,7476
0.9562057,7477
0.9801083,7478
0.94828093,7479
0.9444857,7480
0.95999604,7481
0.93481475,7482
0.8085318,7483
0.8282778,7484
0.9043555,7485
0.8885757,7486
0.93508285,7487
0.8678338,7488
0.89801973,7489
0.90603477,7490
0.79225546,7491
0.7969275,7492
0.7748442,7493
0.7728276,7494
0.6686882,7495
0.6488919,7496
0.6626828,7497
0.6700897,7498
0.6856847,7499
0.6893066,7500
0.75356805,7501
0.85920364,7502
0.90992236,7503
0.94960856,7504
0.8659741,7505
0.87612337,7506
0.9154478,7507
0.77962065,7508
0.77599573,7509
0.7861345,7510
0.78829557,7511
0.7715239,7512
0.7679603,7513
0.75853926,7514
0.7609657,7515
0.76653886,7516
0.74405634,7517
0.71126807,7518
0.7152996,7519
0.7959304,7520
0.7529203,7521
0.57508236,7522
0.53969085,7523
0.53229773,7524
0.50329655,7525
0.49027485,7526
0.48854506,7527
0.50336015,7528
0.5427157,7529
0.54297125,7530
0.53520584,7531
0.5402237,7532
0.5337559,7533
0.53199464,7534
0.53121567,7535
0.51841044,7536
0.50649226,7537
0.64067304,7538
0.7264196,7539
0.69907016,7540
0.72620547,7541
0.7316968,7542
0.7423763,7543
0.7801208,7544
0.789412,7545
0.7677797,7546
0.7590349,7547
0.7436777,7548
0.69679415,7549
0.75784606,7550
0.7844604,7551
0.8328068,7552
0.82933474,7553
0.83254516,7554
0.8486178,7555
0.87790877,7556
0.8970437,7557
0.7964573,7558
0.74341226,7559
0.60530454,7560
0.60535794,7561
0.5945276,7562
0.6073426,7563
0.609663,7564
0.6148559,7565
0.8000284,7566
0.89040077,7567
0.92743593,7568
0.93685794,7569
0.9319717,7570
0.9454043,7571
0.90230644,7572
0.9296834,7573
0.92535067,7574
0.9230951,7575
0.9087994,7576
1.0486217,7577
1.0437232,7578
1.0416123,7579
1.0408832,7580
1.041717,7581
1.0333449,7582
1.0137864,7583
1.0421646,7584
1.0528886,7585
0.8249971,7586
0.65389544,7587
0.7219417,7588
0.7057877,7589
0.7139761,7590
0.6937078,7591
0.65080935,7592
0.6370725,7593
0.64387125,7594
0.65786326,7595
0.6841284,7596
0.5176144,7597
0.51081437,7598
0.5636149,7599
0.5916554,7600
0.59751457,7601
0.59509706,7602
0.6085448,7603
0.600854,7604
0.6112112,7605
0.6424186,7606
0.69289565,7607
0.58353144,7608
0.5802095,7609
0.57146513,7610
0.5627544,7611
0.55740696,7612
0.6478699,7613
0.69016045,7614
0.77287054,7615
0.7753541,7616
0.7815299,7617
0.8059645,7618
0.75675344,7619
0.7135487,7620
0.7125927,7621
0.71738464,7622
0.94764894,7623
0.97271216,7624
0.9479428,7625
0.9386223,7626
0.9072067,7627
0.96868396,7628
1.0204521,7629
1.0014244,7630
1.0130633,7631
1.0342636,7632
0.9021927,7633
0.91637254,7634
0.77630514,7635
0.76967424,7636
0.7536442,7637
0.7212898,7638
0.73743004,7639
0.7737468,7640
0.7813445,7641
0.8246414,7642
0.57903,7643
0.5919144,7644
0.6027969,7645
0.6122834,7646
0.6251265,7647
0.5685211,7648
0.5572733,7649
0.55233663,7650
0.513604,7651
0.7178737,7652
0.71385527,7653
0.76233345,7654
0.76180375,7655
0.7572542,7656
0.76226866,7657
0.7944685,7658
0.78383636,7659
0.7933339,7660
0.8216013,7661
0.98954356,7662
0.9959459,7663
0.97299165,7664
0.9529305,7665
0.9659946,7666
0.95283026,7667
0.9832518,7668
0.98675317,7669
1.0052258,7670
1.0340848,7671
0.74832565,7672
0.7740993,7673
0.76547426,7674
0.7553762,7675
0.7474736,7676
0.7346458,7677
0.7504184,7678
0.7466592,7679
0.74645513,7680
0.761322,7681
0.51547074,7682
0.5200198,7683
0.5324826,7684
0.52772224,7685
0.5216636,7686
0.5337899,7687
0.50254256,7688
0.51573855,7689
0.6447993,7690
0.6597437,7691
0.65312463,7692
0.6419452,7693
0.645723,7694
0.66058207,7695
0.67634064,7696
0.6625792,7697
0.65214455,7698
0.734393,7699
0.7389919,7700
0.73666674,7701
0.76370925,7702
0.752323,7703
0.72539717,7704
0.72696376,7705
0.7203615,7706
0.71118563,7707
0.7485292,7708
0.7702494,7709
0.60621786,7710
0.5911304,7711
0.6064463,7712
0.59310716,7713
0.6211942,7714
0.6376687,7715
0.62013096,7716
0.63202447,7717
0.6592482,7718
0.60990953,7719
0.60997754,7720
0.59527665,7721
0.63716453,7722
0.64958304,7723
0.75591433,7724
0.7409539,7725
0.8706958,7726
0.87437284,7727
0.8619981,7728
0.8553592,7729
0.8757079,7730
0.9247621,7731
0.88882166,7732
0.88059324,7733
0.86397386,7734
0.83536685,7735
0.8375747,7736
0.92141825,7737
0.952955,7738
0.8443825,7739
0.8677589,7740
0.92378926,7741
0.9880629,7742
0.9479289,7743
0.7702841,7744
0.7994809,7745
0.63146967,7746
0.6646894,7747
0.66509783,7748
0.6544663,7749
0.6221901,7750
0.6078612,7751
0.61339176,7752
0.6210873,7753
0.64200354,7754
0.649503,7755
0.65971917,7756
0.5624497,7757
0.5736801,7758
0.5767414,7759
0.55611074,7760
0.55096424,7761
0.4785957,7762
0.48042896,7763
0.51621914,7764
