timestamp,can_id,dlc,data_hex,scenario,is_attack
1762980692.540414,0x1a,8,00000000dd72c5ca,normal,0
1762980692.5404322,0x2f,8,0bff0000dd72c5ca,normal,0
1762980692.5404387,0x43,8,01020000dd72c5ca,normal,0
1762980692.540443,0x58,8,07330000dd72c5ca,normal,0
1762980692.5404475,0x6d,8,00000000dd72c5ca,normal,0
1762980692.5404515,0x1c9,8,00000000dd72c5ca,normal,0
1762980692.6342309,0x1a,8,00000000eb79f7c1,normal,0
1762980692.634244,0x2f,8,0bff0000eb79f7c1,normal,0
1762980692.6342487,0x43,8,011d0000eb79f7c1,normal,0
1762980692.6342528,0x58,8,07ff0000eb79f7c1,normal,0
1762980692.6342566,0x6d,8,00000000eb79f7c1,normal,0
1762980692.6342616,0x1c9,8,00000000eb79f7c1,normal,0
1762980692.6692512,0x1a,8,00000000a2fb79f3,normal,0
1762980692.669265,0x2f,8,0bff0000a2fb79f3,normal,0
1762980692.66927,0x43,8,00f40000a2fb79f3,normal,0
1762980692.6692736,0x58,8,08cb0000a2fb79f3,normal,0
1762980692.6692774,0x6d,8,00000000a2fb79f3,normal,0
1762980692.6692822,0x1c9,8,00000000a2fb79f3,normal,0
1762980692.7090747,0x1a,8,00000000199e2f2c,normal,0
1762980692.7090878,0x2f,8,0bff0000199e2f2c,normal,0
1762980692.7090921,0x43,8,00b70000199e2f2c,normal,0
1762980692.7090962,0x58,8,09980000199e2f2c,normal,0
1762980692.7090995,0x6d,8,00000000199e2f2c,normal,0
1762980692.7091043,0x1c9,8,00000000199e2f2c,normal,0
1762980692.7902837,0x1a,8,0000000028c17050,normal,0
1762980692.7903085,0x2f,8,0bff000028c17050,normal,0
1762980692.7903206,0x43,8,0050000028c17050,normal,0
1762980692.7903314,0x58,8,0a65000028c17050,normal,0
1762980692.7903411,0x6d,8,0000000028c17050,normal,0
1762980692.7903512,0x1c9,8,0000000028c17050,normal,0
1762980692.844755,0x1a,8,00000000f51a543b,normal,0
1762980692.8447754,0x2f,8,0bff0000f51a543b,normal,0
1762980692.8447857,0x43,8,00780000f51a543b,normal,0
1762980692.8447952,0x58,8,0aa30000f51a543b,normal,0
1762980692.844804,0x6d,8,00000000f51a543b,normal,0
1762980692.844813,0x1c9,8,00000000f51a543b,normal,0
1762980692.8970304,0x1a,8,00000000a8abca47,normal,0
1762980692.897043,0x2f,8,0bff0000a8abca47,normal,0
1762980692.8970473,0x43,8,008b0000a8abca47,normal,0
1762980692.897051,0x58,8,0aa70000a8abca47,normal,0
1762980692.8970542,0x6d,8,00000000a8abca47,normal,0
1762980692.8970585,0x1c9,8,00000000a8abca47,normal,0
1762980692.9523814,0x1a,8,0000000004ea77f1,normal,0
1762980692.9523933,0x2f,8,0bff000004ea77f1,normal,0
1762980692.9523978,0x43,8,008b000004ea77f1,normal,0
1762980692.9524016,0x58,8,0aac000004ea77f1,normal,0
1762980692.9524047,0x6d,8,0000000004ea77f1,normal,0
1762980692.9524086,0x1c9,8,0000000004ea77f1,normal,0
1762980692.984539,0x1a,8,00000000f55a6c92,normal,0
1762980692.984555,0x2f,8,0bff0000f55a6c92,normal,0
1762980692.984561,0x43,8,00850000f55a6c92,normal,0
1762980692.9845657,0x58,8,0aa70000f55a6c92,normal,0
1762980692.98457,0x6d,8,00000000f55a6c92,normal,0
1762980692.9845757,0x1c9,8,00000000f55a6c92,normal,0
1762980693.0182219,0x1a,8,000000003acd9bb9,normal,0
1762980693.0182364,0x2f,8,0bff00003acd9bb9,normal,0
1762980693.0182424,0x43,8,007d00003acd9bb9,normal,0
1762980693.018248,0x58,8,0aab00003acd9bb9,normal,0
1762980693.0182528,0x6d,8,000000003acd9bb9,normal,0
1762980693.0182588,0x1c9,8,000000003acd9bb9,normal,0
1762980693.0521061,0x1a,8,0000000080333644,normal,0
1762980693.0521207,0x2f,8,0bff000080333644,normal,0
1762980693.0521262,0x43,8,0078000080333644,normal,0
1762980693.0521307,0x58,8,0aad000080333644,normal,0
1762980693.0521355,0x6d,8,0000000080333644,normal,0
1762980693.0521405,0x1c9,8,0000000080333644,normal,0
1762980693.087872,0x1a,8,00000000f4b2d4ff,normal,0
1762980693.0878859,0x2f,8,0bff0000f4b2d4ff,normal,0
1762980693.0878906,0x43,8,00780000f4b2d4ff,normal,0
1762980693.0878944,0x58,8,0ab20000f4b2d4ff,normal,0
1762980693.087898,0x6d,8,00000000f4b2d4ff,normal,0
1762980693.0879023,0x1c9,8,00000000f4b2d4ff,normal,0
1762980693.1232853,0x1a,8,000000004accae5b,normal,0
1762980693.123334,0x2f,8,0bff00004accae5b,normal,0
1762980693.1233392,0x43,8,007f00004accae5b,normal,0
1762980693.1233432,0x58,8,0ab600004accae5b,normal,0
1762980693.123347,0x6d,8,000000004accae5b,normal,0
1762980693.1233518,0x1c9,8,000000004accae5b,normal,0
1762980693.156048,0x1a,8,00000000d1279503,normal,0
1762980693.1560607,0x2f,8,0bff0000d1279503,normal,0
1762980693.1560657,0x43,8,00890000d1279503,normal,0
1762980693.15607,0x58,8,0aba0000d1279503,normal,0
1762980693.1560738,0x6d,8,00000000d1279503,normal,0
1762980693.1560779,0x1c9,8,00000000d1279503,normal,0
1762980693.2255905,0x1a,8,00000000cb21cefc,normal,0
1762980693.225606,0x2f,8,0bff0000cb21cefc,normal,0
1762980693.2256114,0x43,8,00a20000cb21cefc,normal,0
1762980693.2256162,0x58,8,0ada0000cb21cefc,normal,0
1762980693.2256212,0x6d,8,00000000cb21cefc,normal,0
1762980693.2256267,0x1c9,8,00000000cb21cefc,normal,0
1762980693.2605455,0x1a,8,00000000ae23a54f,normal,0
1762980693.2605574,0x2f,8,0bff0000ae23a54f,normal,0
1762980693.260562,0x43,8,00ad0000ae23a54f,normal,0
1762980693.2605658,0x58,8,0aca0000ae23a54f,normal,0
1762980693.2605689,0x6d,8,00000000ae23a54f,normal,0
1762980693.260573,0x1c9,8,00000000ae23a54f,normal,0
1762980693.2963269,0x1a,8,0000000001c54e87,normal,0
1762980693.2963421,0x2f,8,0bff000001c54e87,normal,0
1762980693.2963479,0x43,8,00b6000001c54e87,normal,0
1762980693.296353,0x58,8,0ad0000001c54e87,normal,0
1762980693.2963574,0x6d,8,0000000001c54e87,normal,0
1762980693.2963626,0x1c9,8,0000000001c54e87,normal,0
1762980693.3354352,0x1a,8,00000000504b1be3,normal,0
1762980693.335457,0x2f,8,0bff0000504b1be3,normal,0
1762980693.3354676,0x43,8,00be0000504b1be3,normal,0
1762980693.335477,0x58,8,0ad90000504b1be3,normal,0
1762980693.3354862,0x6d,8,00000000504b1be3,normal,0
1762980693.3354952,0x1c9,8,00000000504b1be3,normal,0
1762980693.3688645,0x1a,8,00000000377175db,normal,0
1762980693.368886,0x2f,8,0bff0000377175db,normal,0
1762980693.3688977,0x43,8,00c40000377175db,normal,0
1762980693.3689084,0x58,8,0adc0000377175db,normal,0
1762980693.3689182,0x6d,8,00000000377175db,normal,0
1762980693.3689287,0x1c9,8,00000000377175db,normal,0
1762980693.440942,0x1a,8,00000000267817ef,normal,0
1762980693.4409647,0x2f,8,0bff0000267817ef,normal,0
1762980693.4409761,0x43,8,00d10000267817ef,normal,0
1762980693.4409866,0x58,8,0b130000267817ef,normal,0
1762980693.4409962,0x6d,8,00000000267817ef,normal,0
1762980693.4410062,0x1c9,8,00000000267817ef,normal,0
1762980693.501049,0x1a,8,000000001d42ba58,normal,0
1762980693.5010655,0x2f,8,0bff00001d42ba58,normal,0
1762980693.5010703,0x43,8,00de00001d42ba58,normal,0
1762980693.5010738,0x58,8,0b1600001d42ba58,normal,0
1762980693.5010772,0x6d,8,000000001d42ba58,normal,0
1762980693.501081,0x1c9,8,000000001d42ba58,normal,0
1762980693.5343616,0x1a,8,00000000980a60ea,normal,0
1762980693.534373,0x2f,8,0bff0000980a60ea,normal,0
1762980693.5343776,0x43,8,00e60000980a60ea,normal,0
1762980693.5343814,0x58,8,0b000000980a60ea,normal,0
1762980693.5343852,0x6d,8,00000000980a60ea,normal,0
1762980693.534389,0x1c9,8,00000000980a60ea,normal,0
1762980693.6041777,0x1a,8,000000009c87e4bc,normal,0
1762980693.6042001,0x2f,8,0bff00009c87e4bc,normal,0
1762980693.6042123,0x43,8,00f900009c87e4bc,normal,0
1762980693.6042233,0x58,8,0b4000009c87e4bc,normal,0
1762980693.6042333,0x6d,8,000000009c87e4bc,normal,0
1762980693.6042438,0x1c9,8,000000009c87e4bc,normal,0
1762980693.64424,0x1a,8,0000000047c05180,normal,0
1762980693.6442544,0x2f,8,0bff000047c05180,normal,0
1762980693.6442604,0x43,8,0104000047c05180,normal,0
1762980693.644265,0x58,8,0b26000047c05180,normal,0
1762980693.644269,0x6d,8,0000000047c05180,normal,0
1762980693.6442742,0x1c9,8,0000000047c05180,normal,0
1762980693.6797075,0x1a,8,00000000122f64a7,normal,0
1762980693.67972,0x2f,8,0bff0000122f64a7,normal,0
1762980693.6797247,0x43,8,010d0000122f64a7,normal,0
1762980693.6797283,0x58,8,0b270000122f64a7,normal,0
1762980693.6797318,0x6d,8,00000000122f64a7,normal,0
1762980693.679736,0x1c9,8,00000000122f64a7,normal,0
1762980693.7090771,0x1a,8,00000000c8f683d2,normal,0
1762980693.70909,0x2f,8,0bff0000c8f683d2,normal,0
1762980693.7090967,0x43,8,01140000c8f683d2,normal,0
1762980693.7091012,0x58,8,0b270000c8f683d2,normal,0
1762980693.7091055,0x6d,8,00000000c8f683d2,normal,0
1762980693.7091112,0x1c9,8,00000000c8f683d2,normal,0
1762980693.7380157,0x1a,8,000000003b83340c,normal,0
1762980693.7380283,0x2f,8,0bff00003b83340c,normal,0
1762980693.738033,0x43,8,011b00003b83340c,normal,0
1762980693.7380373,0x58,8,0b2d00003b83340c,normal,0
1762980693.7380407,0x6d,8,000000003b83340c,normal,0
1762980693.738045,0x1c9,8,000000003b83340c,normal,0
1762980693.7650914,0x1a,8,00000000458f6951,normal,0
1762980693.765103,0x2f,8,0bff0000458f6951,normal,0
1762980693.7651072,0x43,8,01220000458f6951,normal,0
1762980693.7651105,0x58,8,0b320000458f6951,normal,0
1762980693.7651136,0x6d,8,00000000458f6951,normal,0
1762980693.7651174,0x1c9,8,00000000458f6951,normal,0
1762980693.8236005,0x1a,8,000000001c7e6b90,normal,0
1762980693.823612,0x2f,8,0bff00001c7e6b90,normal,0
1762980693.823616,0x43,8,012f00001c7e6b90,normal,0
1762980693.8236194,0x58,8,0b7e00001c7e6b90,normal,0
1762980693.8236225,0x6d,8,000000001c7e6b90,normal,0
1762980693.8236265,0x1c9,8,000000001c7e6b90,normal,0
1762980693.8580248,0x1a,8,00000000148e27d5,normal,0
1762980693.8580365,0x2f,8,0bff0000148e27d5,normal,0
1762980693.858041,0x43,8,01370000148e27d5,normal,0
1762980693.858045,0x58,8,0b5b0000148e27d5,normal,0
1762980693.8580482,0x6d,8,00000000148e27d5,normal,0
1762980693.858052,0x1c9,8,00000000148e27d5,normal,0
1762980693.8907561,0x1a,8,00000000692157e5,normal,0
1762980693.890772,0x2f,8,0bff0000692157e5,normal,0
1762980693.8907793,0x43,8,013f0000692157e5,normal,0
1762980693.8907855,0x58,8,0b690000692157e5,normal,0
1762980693.8907921,0x6d,8,00000000692157e5,normal,0
1762980693.8907988,0x1c9,8,00000000692157e5,normal,0
1762980693.9299417,0x1a,8,00000000a34b2e1f,normal,0
1762980693.9300363,0x2f,8,0bff0000a34b2e1f,normal,0
1762980693.9300408,0x43,8,01490000a34b2e1f,normal,0
1762980693.9300444,0x58,8,0b820000a34b2e1f,normal,0
1762980693.9300478,0x6d,8,00000000a34b2e1f,normal,0
1762980693.9300516,0x1c9,8,00000000a34b2e1f,normal,0
1762980693.966843,0x1a,8,00000000f75917d6,normal,0
1762980693.9668677,0x2f,8,0bff0000f75917d6,normal,0
1762980693.96688,0x43,8,01520000f75917d6,normal,0
1762980693.9668906,0x58,8,0b8c0000f75917d6,normal,0
1762980693.9669006,0x6d,8,00000000f75917d6,normal,0
1762980693.9669106,0x1c9,8,00000000f75917d6,normal,0
1762980694.0013056,0x1a,8,00000000eb9a68c3,normal,0
1762980694.0013254,0x2f,8,0bff0000eb9a68c3,normal,0
1762980694.0013363,0x43,8,015a0000eb9a68c3,normal,0
1762980694.001346,0x58,8,0b970000eb9a68c3,normal,0
1762980694.0013554,0x6d,8,00000000eb9a68c3,normal,0
1762980694.0013654,0x1c9,8,00000000eb9a68c3,normal,0
1762980694.036082,0x1a,8,000000003cbb4097,normal,0
1762980694.0361042,0x2f,8,0bff00003cbb4097,normal,0
1762980694.0361164,0x43,8,016300003cbb4097,normal,0
1762980694.0361273,0x58,8,0ba700003cbb4097,normal,0
1762980694.0361376,0x6d,8,000000003cbb4097,normal,0
1762980694.0361483,0x1c9,8,000000003cbb4097,normal,0
1762980694.0653079,0x1a,8,000000003865d3f1,normal,0
1762980694.0653276,0x2f,8,0bff00003865d3f1,normal,0
1762980694.0653389,0x43,8,016b00003865d3f1,normal,0
1762980694.0653489,0x58,8,0baa00003865d3f1,normal,0
1762980694.0653584,0x6d,8,000000003865d3f1,normal,0
1762980694.0653687,0x1c9,8,000000003865d3f1,normal,0
1762980694.1023927,0x1a,8,00000000dae4f5a2,normal,0
1762980694.102423,0x2f,8,0bff0000dae4f5a2,normal,0
1762980694.1024277,0x43,8,01740000dae4f5a2,normal,0
1762980694.102431,0x58,8,0bd00000dae4f5a2,normal,0
1762980694.1024344,0x6d,8,00000000dae4f5a2,normal,0
1762980694.1024382,0x1c9,8,00000000dae4f5a2,normal,0
1762980694.1326003,0x1a,8,0000000028b85c4f,normal,0
1762980694.132613,0x2f,8,0bff000028b85c4f,normal,0
1762980694.1326172,0x43,8,017b000028b85c4f,normal,0
1762980694.132621,0x58,8,0bcb000028b85c4f,normal,0
1762980694.1326244,0x6d,8,0000000028b85c4f,normal,0
1762980694.1326282,0x1c9,8,0000000028b85c4f,normal,0
1762980694.166742,0x1a,8,00000000d61573af,normal,0
1762980694.1667557,0x2f,8,0bff0000d61573af,normal,0
1762980694.1667602,0x43,8,01830000d61573af,normal,0
1762980694.166764,0x58,8,0be40000d61573af,normal,0
1762980694.1667674,0x6d,8,00000000d61573af,normal,0
1762980694.1667714,0x1c9,8,00000000d61573af,normal,0
1762980694.197542,0x1a,8,00000000afd1f669,normal,0
1762980694.1975563,0x2f,8,0bff0000afd1f669,normal,0
1762980694.1975622,0x43,8,018b0000afd1f669,normal,0
1762980694.1975667,0x58,8,0bf40000afd1f669,normal,0
1762980694.1975708,0x6d,8,00000000afd1f669,normal,0
1762980694.197576,0x1c9,8,00000000afd1f669,normal,0
1762980694.2379186,0x1a,8,0000000033942cae,normal,0
1762980694.2379293,0x2f,8,0bff000033942cae,normal,0
1762980694.2379334,0x43,8,0195000033942cae,normal,0
1762980694.2379375,0x58,8,0c2c000033942cae,normal,0
1762980694.237941,0x6d,8,0000000033942cae,normal,0
1762980694.2379448,0x1c9,8,0000000033942cae,normal,0
1762980694.272318,0x1a,8,00000000dc646041,normal,0
1762980694.2723317,0x2f,8,0bff0000dc646041,normal,0
1762980694.2723367,0x43,8,019d0000dc646041,normal,0
1762980694.2723403,0x58,8,0c310000dc646041,normal,0
1762980694.2723439,0x6d,8,00000000dc646041,normal,0
1762980694.2723482,0x1c9,8,00000000dc646041,normal,0
1762980694.3078208,0x1a,8,000000008fbc7930,normal,0
1762980694.3078318,0x2f,8,0bff00008fbc7930,normal,0
1762980694.307836,0x43,8,01a600008fbc7930,normal,0
1762980694.3078396,0x58,8,0c4b00008fbc7930,normal,0
1762980694.3078432,0x6d,8,000000008fbc7930,normal,0
1762980694.3078473,0x1c9,8,000000008fbc7930,normal,0
1762980694.379936,0x1a,8,00000000104265a4,normal,0
1762980694.379952,0x2f,8,0bff0000104265a4,normal,0
1762980694.3799574,0x43,8,01b80000104265a4,normal,0
1762980694.3799617,0x58,8,0d180000104265a4,normal,0
1762980694.379966,0x6d,8,00000000104265a4,normal,0
1762980694.3799715,0x1c9,8,00000000104265a4,normal,0
1762980694.4176116,0x1a,8,00000000d61da392,normal,0
1762980694.4176333,0x2f,8,0bff0000d61da392,normal,0
1762980694.4176452,0x43,8,01c20000d61da392,normal,0
1762980694.417656,0x58,8,0cab0000d61da392,normal,0
1762980694.4176667,0x6d,8,00000000d61da392,normal,0
1762980694.4176774,0x1c9,8,00000000d61da392,normal,0
1762980694.4479344,0x1a,8,000000004ddbba8f,normal,0
1762980694.4479542,0x2f,8,0bff00004ddbba8f,normal,0
1762980694.447961,0x43,8,01c900004ddbba8f,normal,0
1762980694.4479668,0x58,8,0ca400004ddbba8f,normal,0
1762980694.4479725,0x6d,8,000000004ddbba8f,normal,0
1762980694.4479797,0x1c9,8,000000004ddbba8f,normal,0
1762980694.509282,0x1a,8,000000003fee1ba0,normal,0
1762980694.5093029,0x2f,8,0bff00003fee1ba0,normal,0
1762980694.5093148,0x43,8,01d900003fee1ba0,normal,0
1762980694.5093255,0x58,8,0d7000003fee1ba0,normal,0
1762980694.5093358,0x6d,8,000000003fee1ba0,normal,0
1762980694.5093458,0x1c9,8,000000003fee1ba0,normal,0
1762980694.5373445,0x1a,8,00000000d844db04,normal,0
1762980694.537356,0x2f,8,0bff0000d844db04,normal,0
1762980694.5373604,0x43,8,01e00000d844db04,normal,0
1762980694.537364,0x58,8,0cf20000d844db04,normal,0
1762980694.5373673,0x6d,8,00000000d844db04,normal,0
1762980694.5373714,0x1c9,8,00000000d844db04,normal,0
1762980694.566414,0x1a,8,00000000b49bec85,normal,0
1762980694.5664253,0x2f,8,0bff0000b49bec85,normal,0
1762980694.5664299,0x43,8,01e70000b49bec85,normal,0
1762980694.5664334,0x58,8,0d0e0000b49bec85,normal,0
1762980694.5664365,0x6d,8,00000000b49bec85,normal,0
1762980694.5664408,0x1c9,8,00000000b49bec85,normal,0
1762980694.5980392,0x1a,8,0000000089f18d27,normal,0
1762980694.5980577,0x2f,8,0bff000089f18d27,normal,0
1762980694.5980623,0x43,8,01ef000089f18d27,normal,0
1762980694.5980656,0x58,8,0d41000089f18d27,normal,0
1762980694.598069,0x6d,8,0000000089f18d27,normal,0
1762980694.598073,0x1c9,8,0000000089f18d27,normal,0
1762980694.6324487,0x1a,8,0000000084f4842e,normal,0
1762980694.6324637,0x2f,8,0bff000084f4842e,normal,0
1762980694.632469,0x43,8,01f8000084f4842e,normal,0
1762980694.6324735,0x58,8,0d86000084f4842e,normal,0
1762980694.632478,0x6d,8,0000000084f4842e,normal,0
1762980694.6324837,0x1c9,8,0000000084f4842e,normal,0
1762980694.6952553,0x1a,8,000000005bba4731,normal,0
1762980694.6952674,0x2f,8,0bff00005bba4731,normal,0
1762980694.6952722,0x43,8,020800005bba4731,normal,0
1762980694.695276,0x58,8,0e5300005bba4731,normal,0
1762980694.6952796,0x6d,8,000000005bba4731,normal,0
1762980694.695284,0x1c9,8,000000005bba4731,normal,0
1762980694.7281787,0x1a,8,00000000c7103ed2,normal,0
1762980694.7281897,0x2f,8,0bff0000c7103ed2,normal,0
1762980694.7281935,0x43,8,02110000c7103ed2,normal,0
1762980694.728197,0x58,8,0e070000c7103ed2,normal,0
1762980694.7282002,0x6d,8,00000000c7103ed2,normal,0
1762980694.728204,0x1c9,8,00000000c7103ed2,normal,0
1762980694.764381,0x1a,8,000000000fa0650c,normal,0
1762980694.7643933,0x2f,8,0aa200000fa0650c,normal,0
1762980694.7643976,0x43,8,021a00000fa0650c,normal,0
1762980694.764401,0x58,8,0e5600000fa0650c,normal,0
1762980694.7644043,0x6d,8,000000000fa0650c,normal,0
1762980694.764408,0x1c9,8,000000000fa0650c,normal,0
1762980694.8017802,0x1a,8,0000000047115d6e,normal,0
1762980694.8017917,0x2f,8,04d5000047115d6e,normal,0
1762980694.8017962,0x43,8,0224000047115d6e,normal,0
1762980694.8017995,0x58,8,0e64000047115d6e,normal,0
1762980694.8018029,0x6d,8,0000000047115d6e,normal,0
1762980694.8018072,0x1c9,8,0000000047115d6e,normal,0
1762980694.8768742,0x1a,8,04cc000005376007,normal,0
1762980694.8768947,0x2f,8,0000000005376007,normal,0
1762980694.8768992,0x43,8,0238000005376007,normal,0
1762980694.8769023,0x58,8,0e64000005376007,normal,0
1762980694.876906,0x6d,8,0000000005376007,normal,0
1762980694.8769097,0x1c9,8,0000000005376007,normal,0
1762980694.9066625,0x1a,8,04cc0000a3508576,normal,0
1762980694.9066734,0x2f,8,00000000a3508576,normal,0
1762980694.906678,0x43,8,023f0000a3508576,normal,0
1762980694.9066818,0x58,8,0e640000a3508576,normal,0
1762980694.906685,0x6d,8,00000000a3508576,normal,0
1762980694.9066892,0x1c9,8,00000000a3508576,normal,0
1762980694.9435694,0x1a,8,04cc0000cd4fd574,normal,0
1762980694.9435866,0x2f,8,00000000cd4fd574,normal,0
1762980694.9435909,0x43,8,02480000cd4fd574,normal,0
1762980694.9435945,0x58,8,0e640000cd4fd574,normal,0
1762980694.9435978,0x6d,8,00000000cd4fd574,normal,0
1762980694.943602,0x1c9,8,00000000cd4fd574,normal,0
1762980694.9792187,0x1a,8,04cc0000e46d7445,normal,0
1762980694.9792309,0x2f,8,00000000e46d7445,normal,0
1762980694.9792354,0x43,8,02520000e46d7445,normal,0
1762980694.979239,0x58,8,0e640000e46d7445,normal,0
1762980694.9792423,0x6d,8,00000000e46d7445,normal,0
1762980694.9792464,0x1c9,8,00000000e46d7445,normal,0
1762980695.0162647,0x1a,8,04cc000026d2a590,normal,0
1762980695.0162761,0x2f,8,0000000026d2a590,normal,0
1762980695.016281,0x43,8,025c000026d2a590,normal,0
1762980695.0162845,0x58,8,0d97000026d2a590,normal,0
1762980695.0162878,0x6d,8,0000000026d2a590,normal,0
1762980695.016292,0x1c9,8,0000000026d2a590,normal,0
1762980695.0576248,0x1a,8,04cc00005d331681,normal,0
1762980695.0576365,0x2f,8,000000005d331681,normal,0
1762980695.057641,0x43,8,026700005d331681,normal,0
1762980695.0576444,0x58,8,0e5700005d331681,normal,0
1762980695.057648,0x6d,8,000000005d331681,normal,0
1762980695.057652,0x1c9,8,000000005d331681,normal,0
1762980695.0940955,0x1a,8,04cc00007074f972,normal,0
1762980695.0941055,0x2f,8,000000007074f972,normal,0
1762980695.09411,0x43,8,027100007074f972,normal,0
1762980695.0941133,0x58,8,0e6400007074f972,normal,0
1762980695.0941164,0x6d,8,000000007074f972,normal,0
1762980695.0941205,0x1c9,8,000000007074f972,normal,0
1762980695.1319363,0x1a,8,04cc00007899215d,normal,0
1762980695.1319587,0x2f,8,000000007899215d,normal,0
1762980695.1319702,0x43,8,027a00007899215d,normal,0
1762980695.1319807,0x58,8,0e6400007899215d,normal,0
1762980695.1319902,0x6d,8,000000007899215d,normal,0
1762980695.1320004,0x1c9,8,000000007899215d,normal,0
1762980695.1704571,0x1a,8,04cc0000e246bd82,normal,0
1762980695.1704726,0x2f,8,00000000e246bd82,normal,0
1762980695.170477,0x43,8,02840000e246bd82,normal,0
1762980695.1704805,0x58,8,0e640000e246bd82,normal,0
1762980695.170484,0x6d,8,00000000e246bd82,normal,0
1762980695.1704884,0x1c9,8,00000000e246bd82,normal,0
1762980695.2380152,0x1a,8,04cc00005753329c,normal,0
1762980695.238032,0x2f,8,000000005753329c,normal,0
1762980695.238037,0x43,8,029700005753329c,normal,0
1762980695.2380407,0x58,8,0e6400005753329c,normal,0
1762980695.238044,0x6d,8,000000005753329c,normal,0
1762980695.2380483,0x1c9,8,000000005753329c,normal,0
1762980695.271265,0x1a,8,04cc000091da8573,normal,0
1762980695.2712789,0x2f,8,0000000091da8573,normal,0
1762980695.2712843,0x43,8,02a0000091da8573,normal,0
1762980695.2712886,0x58,8,0e64000091da8573,normal,0
1762980695.2712927,0x6d,8,0000000091da8573,normal,0
1762980695.271298,0x1c9,8,0000000091da8573,normal,0
1762980695.3102822,0x1a,8,04cc0000b91d2abb,normal,0
1762980695.3102973,0x2f,8,00000000b91d2abb,normal,0
1762980695.3103034,0x43,8,02aa0000b91d2abb,normal,0
1762980695.3103085,0x58,8,0e640000b91d2abb,normal,0
1762980695.310313,0x6d,8,00000000b91d2abb,normal,0
1762980695.3103197,0x1c9,8,00000000b91d2abb,normal,0
1762980695.3486648,0x1a,8,04cc00007b08f87c,normal,0
1762980695.348677,0x2f,8,000000007b08f87c,normal,0
1762980695.3486817,0x43,8,02b400007b08f87c,normal,0
1762980695.3486855,0x58,8,0d9700007b08f87c,normal,0
1762980695.3486893,0x6d,8,000000007b08f87c,normal,0
1762980695.3486936,0x1c9,8,000000007b08f87c,normal,0
1762980695.3884585,0x1a,8,04cc0000bafeeab5,normal,0
1762980695.3884692,0x2f,8,00000000bafeeab5,normal,0
1762980695.3884735,0x43,8,02bf0000bafeeab5,normal,0
1762980695.3884776,0x58,8,0e640000bafeeab5,normal,0
1762980695.388481,0x6d,8,00000000bafeeab5,normal,0
1762980695.3884854,0x1c9,8,00000000bafeeab5,normal,0
1762980695.4309034,0x1a,8,04cc000051543cba,normal,0
1762980695.4309242,0x2f,8,0000000051543cba,normal,0
1762980695.4309354,0x43,8,02cb000051543cba,normal,0
1762980695.4309459,0x58,8,0e64000051543cba,normal,0
1762980695.430956,0x6d,8,0000000051543cba,normal,0
1762980695.430966,0x1c9,8,0000000051543cba,normal,0
1762980695.5055707,0x1a,8,04cc00001bb635cf,normal,0
1762980695.5055923,0x2f,8,000000001bb635cf,normal,0
1762980695.505604,0x43,8,02de00001bb635cf,normal,0
1762980695.5056145,0x58,8,0e6400001bb635cf,normal,0
1762980695.5056243,0x6d,8,000000001bb635cf,normal,0
1762980695.5056345,0x1c9,8,000000001bb635cf,normal,0
1762980695.5390723,0x1a,8,04cc0000082a8645,normal,0
1762980695.5390844,0x2f,8,00000000082a8645,normal,0
1762980695.5390894,0x43,8,02e80000082a8645,normal,0
1762980695.5390933,0x58,8,0e640000082a8645,normal,0
1762980695.5390966,0x6d,8,00000000082a8645,normal,0
1762980695.5391006,0x1c9,8,00000000082a8645,normal,0
1762980695.5776594,0x1a,8,04cc0000bfed8b3a,normal,0
1762980695.5776825,0x2f,8,00000000bfed8b3a,normal,0
1762980695.577695,0x43,8,02f20000bfed8b3a,normal,0
1762980695.577706,0x58,8,0e640000bfed8b3a,normal,0
1762980695.5777168,0x6d,8,00000000bfed8b3a,normal,0
1762980695.5777268,0x1c9,8,00000000bfed8b3a,normal,0
1762980695.618948,0x1a,8,04cc00006cda9381,normal,0
1762980695.6189692,0x2f,8,000000006cda9381,normal,0
1762980695.6189814,0x43,8,02fd00006cda9381,normal,0
1762980695.6189926,0x58,8,0d9700006cda9381,normal,0
1762980695.6190026,0x6d,8,000000006cda9381,normal,0
1762980695.6190128,0x1c9,8,000000006cda9381,normal,0
1762980695.6608226,0x1a,8,04cc00000b149d1c,normal,0
1762980695.6608453,0x2f,8,000000000b149d1c,normal,0
1762980695.6608567,0x43,8,030900000b149d1c,normal,0
1762980695.6608703,0x58,8,0e6400000b149d1c,normal,0
1762980695.66088,0x6d,8,000000000b149d1c,normal,0
1762980695.6608906,0x1c9,8,000000000b149d1c,normal,0
1762980695.6967816,0x1a,8,04cc0000637e9980,normal,0
1762980695.6968038,0x2f,8,00000000637e9980,normal,0
1762980695.6968083,0x43,8,03130000637e9980,normal,0
1762980695.6968124,0x58,8,0e640000637e9980,normal,0
1762980695.6968155,0x6d,8,00000000637e9980,normal,0
1762980695.6968195,0x1c9,8,00000000637e9980,normal,0
1762980695.725637,0x1a,8,04cc0000dde1baae,normal,0
1762980695.7256489,0x2f,8,00000000dde1baae,normal,0
1762980695.7256532,0x43,8,031b0000dde1baae,normal,0
1762980695.725657,0x58,8,0e640000dde1baae,normal,0
1762980695.7256606,0x6d,8,00000000dde1baae,normal,0
1762980695.7256649,0x1c9,8,00000000dde1baae,normal,0
1762980695.7563384,0x1a,8,04cc0000ba0b3b4e,normal,0
1762980695.756349,0x2f,8,00000000ba0b3b4e,normal,0
1762980695.7563536,0x43,8,03230000ba0b3b4e,normal,0
1762980695.7563572,0x58,8,0e640000ba0b3b4e,normal,0
1762980695.7563608,0x6d,8,00000000ba0b3b4e,normal,0
1762980695.7563648,0x1c9,8,00000000ba0b3b4e,normal,0
1762980695.7848647,0x1a,8,04cc0000295dfee3,normal,0
1762980695.784876,0x2f,8,00000000295dfee3,normal,0
1762980695.7848804,0x43,8,032b0000295dfee3,normal,0
1762980695.7848837,0x58,8,0e640000295dfee3,normal,0
1762980695.7848868,0x6d,8,00000000295dfee3,normal,0
1762980695.784891,0x1c9,8,00000000295dfee3,normal,0
1762980695.8150835,0x1a,8,04cc0000ae0dcbab,normal,0
1762980695.8150978,0x2f,8,00000000ae0dcbab,normal,0
1762980695.8151023,0x43,8,03330000ae0dcbab,normal,0
1762980695.8151062,0x58,8,0e640000ae0dcbab,normal,0
1762980695.8151093,0x6d,8,00000000ae0dcbab,normal,0
1762980695.8151135,0x1c9,8,00000000ae0dcbab,normal,0
1762980695.8694654,0x1a,8,04cc0000a702080d,normal,0
1762980695.8694832,0x2f,8,00000000a702080d,normal,0
1762980695.8694875,0x43,8,03420000a702080d,normal,0
1762980695.869491,0x58,8,0e640000a702080d,normal,0
1762980695.8694944,0x6d,8,00000000a702080d,normal,0
1762980695.8694985,0x1c9,8,00000000a702080d,normal,0
1762980695.9037328,0x1a,8,04cc0000266e5486,normal,0
1762980695.903746,0x2f,8,00000000266e5486,normal,0
1762980695.9037516,0x43,8,034b0000266e5486,normal,0
1762980695.903756,0x58,8,0d970000266e5486,normal,0
1762980695.90376,0x6d,8,00000000266e5486,normal,0
1762980695.9037652,0x1c9,8,00000000266e5486,normal,0
1762980695.9387546,0x1a,8,04cc0000b4c00991,normal,0
1762980695.938776,0x2f,8,00000000b4c00991,normal,0
1762980695.9387884,0x43,8,03540000b4c00991,normal,0
1762980695.938799,0x58,8,0e640000b4c00991,normal,0
1762980695.9388092,0x6d,8,00000000b4c00991,normal,0
1762980695.9388196,0x1c9,8,00000000b4c00991,normal,0
1762980695.971802,0x1a,8,04cc00004004bf12,normal,0
1762980695.9718246,0x2f,8,000000004004bf12,normal,0
1762980695.9718363,0x43,8,035d00004004bf12,normal,0
1762980695.9718466,0x58,8,0e6400004004bf12,normal,0
1762980695.9718573,0x6d,8,000000004004bf12,normal,0
1762980695.9718745,0x1c9,8,000000004004bf12,normal,0
1762980696.0087028,0x1a,8,04cc0000b08cf58a,normal,0
1762980696.0087976,0x2f,8,00000000b08cf58a,normal,0
1762980696.008802,0x43,8,03680000b08cf58a,normal,0
1762980696.0088055,0x58,8,0e640000b08cf58a,normal,0
1762980696.0088086,0x6d,8,00000000b08cf58a,normal,0
1762980696.0088127,0x1c9,8,00000000b08cf58a,normal,0
1762980696.078673,0x1a,8,04cc00009b4e4045,normal,0
1762980696.0786853,0x2f,8,000000009b4e4045,normal,0
1762980696.0786896,0x43,8,037b00009b4e4045,normal,0
1762980696.078693,0x58,8,0e6400009b4e4045,normal,0
1762980696.0786963,0x6d,8,000000009b4e4045,normal,0
1762980696.0787003,0x1c9,8,000000009b4e4045,normal,0
1762980696.1196573,0x1a,8,04cc00008e7f2991,normal,0
1762980696.1196797,0x2f,8,000000008e7f2991,normal,0
1762980696.1196916,0x43,8,038600008e7f2991,normal,0
1762980696.1197026,0x58,8,0d9700008e7f2991,normal,0
1762980696.1197126,0x6d,8,000000008e7f2991,normal,0
1762980696.119723,0x1c9,8,000000008e7f2991,normal,0
1762980696.1535852,0x1a,8,04cc0000ebaab0aa,normal,0
1762980696.1535974,0x2f,8,00000000ebaab0aa,normal,0
1762980696.153602,0x43,8,038f0000ebaab0aa,normal,0
1762980696.1536057,0x58,8,0e640000ebaab0aa,normal,0
1762980696.1536098,0x6d,8,00000000ebaab0aa,normal,0
1762980696.1536143,0x1c9,8,00000000ebaab0aa,normal,0
1762980696.193824,0x1a,8,04cc0000da0edb67,normal,0
1762980696.1938367,0x2f,8,00000000da0edb67,normal,0
1762980696.1938412,0x43,8,039a0000da0edb67,normal,0
1762980696.193845,0x58,8,0e640000da0edb67,normal,0
1762980696.1938481,0x6d,8,00000000da0edb67,normal,0
1762980696.1938524,0x1c9,8,00000000da0edb67,normal,0
1762980696.223672,0x1a,8,04cc0000c99ac917,normal,0
1762980696.2237144,0x2f,8,00000000c99ac917,normal,0
1762980696.2237196,0x43,8,03a20000c99ac917,normal,0
1762980696.2237244,0x58,8,0e640000c99ac917,normal,0
1762980696.2237287,0x6d,8,00000000c99ac917,normal,0
1762980696.2237341,0x1c9,8,00000000c99ac917,normal,0
1762980696.254139,0x1a,8,04cc0000cf54bde4,normal,0
1762980696.2541509,0x2f,8,00000000cf54bde4,normal,0
1762980696.2541552,0x43,8,03aa0000cf54bde4,normal,0
1762980696.254159,0x58,8,0e640000cf54bde4,normal,0
1762980696.2541623,0x6d,8,00000000cf54bde4,normal,0
1762980696.2541664,0x1c9,8,00000000cf54bde4,normal,0
1762980696.2839668,0x1a,8,04cc00006b56dd65,normal,0
1762980696.2839797,0x2f,8,000000006b56dd65,normal,0
1762980696.2839837,0x43,8,03b300006b56dd65,normal,0
1762980696.2839868,0x58,8,0e6400006b56dd65,normal,0
1762980696.28399,0x6d,8,000000006b56dd65,normal,0
1762980696.2839942,0x1c9,8,000000006b56dd65,normal,0
1762980696.3173735,0x1a,8,04cc0000fec1871c,normal,0
1762980696.317398,0x2f,8,00000000fec1871c,normal,0
1762980696.3174036,0x43,8,03bc0000fec1871c,normal,0
1762980696.3174078,0x58,8,0d970000fec1871c,normal,0
1762980696.3174117,0x6d,8,00000000fec1871c,normal,0
1762980696.3174167,0x1c9,8,00000000fec1871c,normal,0
1762980696.352275,0x1a,8,04cc0000eb4cc8fa,normal,0
1762980696.352288,0x2f,8,00000000eb4cc8fa,normal,0
1762980696.3522928,0x43,8,03c50000eb4cc8fa,normal,0
1762980696.3522966,0x58,8,0e640000eb4cc8fa,normal,0
1762980696.3522997,0x6d,8,00000000eb4cc8fa,normal,0
1762980696.3523035,0x1c9,8,00000000eb4cc8fa,normal,0
1762980696.387031,0x1a,8,04cc000030bded33,normal,0
1762980696.387043,0x2f,8,0000000030bded33,normal,0
1762980696.3870478,0x43,8,03ce000030bded33,normal,0
1762980696.3870513,0x58,8,0e64000030bded33,normal,0
1762980696.3870547,0x6d,8,0000000030bded33,normal,0
1762980696.387059,0x1c9,8,0000000030bded33,normal,0
1762980696.460178,0x1a,8,04cc0000c1cb24ac,normal,0
1762980696.460191,0x2f,8,00000000c1cb24ac,normal,0
1762980696.460197,0x43,8,03e20000c1cb24ac,normal,0
1762980696.4602015,0x58,8,0e640000c1cb24ac,normal,0
1762980696.4602056,0x6d,8,00000000c1cb24ac,normal,0
1762980696.4602106,0x1c9,8,00000000c1cb24ac,normal,0
1762980696.5020657,0x1a,8,04cc00005c7597fc,normal,0
1762980696.5020764,0x2f,8,000000005c7597fc,normal,0
1762980696.502081,0x43,8,03ed00005c7597fc,normal,0
1762980696.5020843,0x58,8,0e6400005c7597fc,normal,0
1762980696.5020876,0x6d,8,000000005c7597fc,normal,0
1762980696.502092,0x1c9,8,000000005c7597fc,normal,0
1762980696.5388231,0x1a,8,04cc00001ccc989a,normal,0
1762980696.5388367,0x2f,8,000000001ccc989a,normal,0
1762980696.5388408,0x43,8,03f700001ccc989a,normal,0
1762980696.5388443,0x58,8,0d9700001ccc989a,normal,0
1762980696.5388482,0x6d,8,000000001ccc989a,normal,0
1762980696.5388525,0x1c9,8,000000001ccc989a,normal,0
1762980696.5720556,0x1a,8,04cc000045d892a9,normal,0
1762980696.572068,0x2f,8,0000000045d892a9,normal,0
1762980696.5720723,0x43,8,03ff000045d892a9,normal,0
1762980696.5720758,0x58,8,0e64000045d892a9,normal,0
1762980696.5720792,0x6d,8,0000000045d892a9,normal,0
1762980696.5720835,0x1c9,8,0000000045d892a9,normal,0
1762980696.602481,0x1a,8,04cc00001252fc4e,normal,0
1762980696.6024942,0x2f,8,000000001252fc4e,normal,0
1762980696.6024985,0x43,8,040800001252fc4e,normal,0
1762980696.602502,0x58,8,0e6400001252fc4e,normal,0
1762980696.6025057,0x6d,8,000000001252fc4e,normal,0
1762980696.6025095,0x1c9,8,000000001252fc4e,normal,0
1762980696.631473,0x1a,8,04cc0000ae5b8611,normal,0
1762980696.6314855,0x2f,8,00000000ae5b8611,normal,0
1762980696.6314895,0x43,8,040f0000ae5b8611,normal,0
1762980696.631493,0x58,8,0e640000ae5b8611,normal,0
1762980696.6314962,0x6d,8,00000000ae5b8611,normal,0
1762980696.6315002,0x1c9,8,00000000ae5b8611,normal,0
1762980696.6621873,0x1a,8,04cc0000993bc74b,normal,0
1762980696.6622,0x2f,8,00000000993bc74b,normal,0
1762980696.6622043,0x43,8,04170000993bc74b,normal,0
1762980696.662208,0x58,8,0e640000993bc74b,normal,0
1762980696.662211,0x6d,8,00000000993bc74b,normal,0
1762980696.6622152,0x1c9,8,00000000993bc74b,normal,0
1762980696.6928523,0x1a,8,04cc0000289e6014,normal,0
1762980696.692868,0x2f,8,00000000289e6014,normal,0
1762980696.6928728,0x43,8,041f0000289e6014,normal,0
1762980696.692876,0x58,8,0e640000289e6014,normal,0
1762980696.6928794,0x6d,8,00000000289e6014,normal,0
1762980696.6928835,0x1c9,8,00000000289e6014,normal,0
1762980696.7253377,0x1a,8,04cc00005d3da6d1,normal,0
1762980696.7253602,0x2f,8,000000005d3da6d1,normal,0
1762980696.7253647,0x43,8,042d00005d3da6d1,normal,0
1762980696.725368,0x58,8,0d9700005d3da6d1,normal,0
1762980696.7253711,0x6d,8,000000005d3da6d1,normal,0
1762980696.7253752,0x1c9,8,000000005d3da6d1,normal,0
1762980696.7548735,0x1a,8,04cc0000557854b7,normal,0
1762980696.7548847,0x2f,8,00000000557854b7,normal,0
1762980696.7548892,0x43,8,04320000557854b7,normal,0
1762980696.7548923,0x58,8,0e640000557854b7,normal,0
1762980696.754896,0x6d,8,00000000557854b7,normal,0
1762980696.7549002,0x1c9,8,00000000557854b7,normal,0
1762980696.7922237,0x1a,8,04cc0000c66ad2c6,normal,0
1762980696.7922356,0x2f,8,00000000c66ad2c6,normal,0
1762980696.7922401,0x43,8,043c0000c66ad2c6,normal,0
1762980696.792244,0x58,8,0e640000c66ad2c6,normal,0
1762980696.7922475,0x6d,8,00000000c66ad2c6,normal,0
1762980696.7922516,0x1c9,8,00000000c66ad2c6,normal,0
1762980696.825973,0x1a,8,04cc00004f636925,normal,0
1762980696.825986,0x2f,8,000000004f636925,normal,0
1762980696.8259902,0x43,8,044400004f636925,normal,0
1762980696.8259938,0x58,8,0e6400004f636925,normal,0
1762980696.8259974,0x6d,8,000000004f636925,normal,0
1762980696.8260012,0x1c9,8,000000004f636925,normal,0
1762980696.8643663,0x1a,8,04cc00002bc8c141,normal,0
1762980696.8643794,0x2f,8,000000002bc8c141,normal,0
1762980696.864385,0x43,8,044e00002bc8c141,normal,0
1762980696.8643897,0x58,8,0e6400002bc8c141,normal,0
1762980696.8643944,0x6d,8,000000002bc8c141,normal,0
1762980696.864399,0x1c9,8,000000002bc8c141,normal,0
1762980696.899896,0x1a,8,04cc0000ae535748,normal,0
1762980696.899907,0x2f,8,00000000ae535748,normal,0
1762980696.8999119,0x43,8,04570000ae535748,normal,0
1762980696.8999157,0x58,8,0d970000ae535748,normal,0
1762980696.8999188,0x6d,8,00000000ae535748,normal,0
1762980696.8999233,0x1c9,8,00000000ae535748,normal,0
1762980696.9415631,0x1a,8,04cc0000d8c5109d,normal,0
1762980696.941574,0x2f,8,00000000d8c5109d,normal,0
1762980696.941578,0x43,8,04680000d8c5109d,normal,0
1762980696.9415815,0x58,8,0e640000d8c5109d,normal,0
1762980696.9415846,0x6d,8,00000000d8c5109d,normal,0
1762980696.9415884,0x1c9,8,00000000d8c5109d,normal,0
1762980696.979617,0x1a,8,04cc000028829285,normal,0
1762980696.9796321,0x2f,8,0000000028829285,normal,0
1762980696.9796371,0x43,8,0477000028829285,normal,0
1762980696.9796402,0x58,8,0e64000028829285,normal,0
1762980696.9796436,0x6d,8,0000000028829285,normal,0
1762980696.9796479,0x1c9,8,0000000028829285,normal,0
1762980697.0146596,0x1a,8,04cc00006c870a69,normal,0
1762980697.0146713,0x2f,8,000000006c870a69,normal,0
1762980697.0146756,0x43,8,047c00006c870a69,normal,0
1762980697.0146792,0x58,8,0e6400006c870a69,normal,0
1762980697.0146828,0x6d,8,000000006c870a69,normal,0
1762980697.0146868,0x1c9,8,000000006c870a69,normal,0
1762980697.0542037,0x1a,8,04cc0000ab98180a,normal,0
1762980697.0542197,0x2f,8,00000000ab98180a,normal,0
1762980697.054226,0x43,8,04770000ab98180a,normal,0
1762980697.0542305,0x58,8,0e640000ab98180a,normal,0
1762980697.0542347,0x6d,8,00000000ab98180a,normal,0
1762980697.0542405,0x1c9,8,00000000ab98180a,normal,0
1762980697.092915,0x1a,8,04cc00005d5328d0,normal,0
1762980697.0929365,0x2f,8,000000005d5328d0,normal,0
1762980697.0929482,0x43,8,047a00005d5328d0,normal,0
1762980697.092959,0x58,8,0d9700005d5328d0,normal,0
1762980697.0929685,0x6d,8,000000005d5328d0,normal,0
1762980697.0929787,0x1c9,8,000000005d5328d0,normal,0
1762980697.1300466,0x1a,8,04cc00004ec6bec1,normal,0
1762980697.130067,0x2f,8,000000004ec6bec1,normal,0
1762980697.1300786,0x43,8,048100004ec6bec1,normal,0
1762980697.1300895,0x58,8,0e6400004ec6bec1,normal,0
1762980697.1300993,0x6d,8,000000004ec6bec1,normal,0
1762980697.1301095,0x1c9,8,000000004ec6bec1,normal,0
1762980697.20117,0x1a,8,04cc00004e8cda17,normal,0
1762980697.2011855,0x2f,8,000000004e8cda17,normal,0
1762980697.20119,0x43,8,049200004e8cda17,normal,0
1762980697.2011938,0x58,8,0e6400004e8cda17,normal,0
1762980697.2011971,0x6d,8,000000004e8cda17,normal,0
1762980697.201201,0x1c9,8,000000004e8cda17,normal,0
1762980697.2365124,0x1a,8,04cc0000eb739a18,normal,0
1762980697.2365348,0x2f,8,00000000eb739a18,normal,0
1762980697.2365468,0x43,8,04a00000eb739a18,normal,0
1762980697.2365572,0x58,8,0e640000eb739a18,normal,0
1762980697.236567,0x6d,8,00000000eb739a18,normal,0
1762980697.236577,0x1c9,8,00000000eb739a18,normal,0
1762980697.2737906,0x1a,8,04cc0000d3d7b5bd,normal,0
1762980697.273811,0x2f,8,00000000d3d7b5bd,normal,0
1762980697.2738228,0x43,8,04af0000d3d7b5bd,normal,0
1762980697.2738333,0x58,8,0d970000d3d7b5bd,normal,0
1762980697.273843,0x6d,8,00000000d3d7b5bd,normal,0
1762980697.273853,0x1c9,8,00000000d3d7b5bd,normal,0
1762980697.3118684,0x1a,8,04cc0000110a31f7,normal,0
1762980697.3118904,0x2f,8,00000000110a31f7,normal,0
1762980697.311902,0x43,8,04b40000110a31f7,normal,0
1762980697.311912,0x58,8,0e640000110a31f7,normal,0
1762980697.3119218,0x6d,8,00000000110a31f7,normal,0
1762980697.3119318,0x1c9,8,00000000110a31f7,normal,0
1762980697.350039,0x1a,8,04cc0000520395db,normal,0
1762980697.3500597,0x2f,8,00000000520395db,normal,0
1762980697.3500717,0x43,8,04be0000520395db,normal,0
1762980697.3500822,0x58,8,0e640000520395db,normal,0
1762980697.3500922,0x6d,8,00000000520395db,normal,0
1762980697.3501027,0x1c9,8,00000000520395db,normal,0
1762980697.3858204,0x1a,8,04cc00000b5fec41,normal,0
1762980697.385832,0x2f,8,000000000b5fec41,normal,0
1762980697.3858366,0x43,8,04c600000b5fec41,normal,0
1762980697.38584,0x58,8,0e6400000b5fec41,normal,0
1762980697.385843,0x6d,8,000000000b5fec41,normal,0
1762980697.385847,0x1c9,8,000000000b5fec41,normal,0
1762980697.4227061,0x1a,8,04cc00009be91fb8,normal,0
1762980697.4227295,0x2f,8,000000009be91fb8,normal,0
1762980697.4227417,0x43,8,04cf00009be91fb8,normal,0
1762980697.4227521,0x58,8,0d9700009be91fb8,normal,0
1762980697.422762,0x6d,8,000000009be91fb8,normal,0
1762980697.4227724,0x1c9,8,000000009be91fb8,normal,0
1762980697.4562292,0x1a,8,04cc0000a7148356,normal,0
1762980697.4562953,0x2f,8,00000000a7148356,normal,0
1762980697.4562993,0x43,8,04d10000a7148356,normal,0
1762980697.4563031,0x58,8,0e640000a7148356,normal,0
1762980697.4563065,0x6d,8,00000000a7148356,normal,0
1762980697.4563105,0x1c9,8,00000000a7148356,normal,0
1762980697.4866228,0x1a,8,04cc00000b01e03f,normal,0
1762980697.4866364,0x2f,8,000000000b01e03f,normal,0
1762980697.486642,0x43,8,04d500000b01e03f,normal,0
1762980697.4866462,0x58,8,0e6400000b01e03f,normal,0
1762980697.4866505,0x6d,8,000000000b01e03f,normal,0
1762980697.4866557,0x1c9,8,000000000b01e03f,normal,0
1762980697.5216267,0x1a,8,04cc00003c2a342a,normal,0
1762980697.521638,0x2f,8,000000003c2a342a,normal,0
1762980697.5216427,0x43,8,04dd00003c2a342a,normal,0
1762980697.521646,0x58,8,0e6400003c2a342a,normal,0
1762980697.5216494,0x6d,8,000000003c2a342a,normal,0
1762980697.5216537,0x1c9,8,000000003c2a342a,normal,0
1762980697.557749,0x1a,8,04cc0000bf6adcfe,normal,0
1762980697.5577633,0x2f,8,00000000bf6adcfe,normal,0
1762980697.5577674,0x43,8,04de0000bf6adcfe,normal,0
1762980697.5577712,0x58,8,0e640000bf6adcfe,normal,0
1762980697.5577748,0x6d,8,00000000bf6adcfe,normal,0
1762980697.5577788,0x1c9,8,00000000bf6adcfe,normal,0
1762980697.6009748,0x1a,8,04cc0000faabc854,normal,0
1762980697.6009967,0x2f,8,00000000faabc854,normal,0
1762980697.6010084,0x43,8,04d80000faabc854,normal,0
1762980697.601019,0x58,8,0d970000faabc854,normal,0
1762980697.601029,0x6d,8,00000000faabc854,normal,0
1762980697.6010392,0x1c9,8,00000000faabc854,normal,0
1762980697.6407142,0x1a,8,04cc0000b4ee18e1,normal,0
1762980697.6407359,0x2f,8,00000000b4ee18e1,normal,0
1762980697.6407473,0x43,8,04d80000b4ee18e1,normal,0
1762980697.6407578,0x58,8,0e640000b4ee18e1,normal,0
1762980697.640768,0x6d,8,00000000b4ee18e1,normal,0
1762980697.6407788,0x1c9,8,00000000b4ee18e1,normal,0
1762980697.7017188,0x1a,8,04cc0000b890d434,normal,0
1762980697.7017505,0x2f,8,00000000b890d434,normal,0
1762980697.7017543,0x43,8,04ce0000b890d434,normal,0
1762980697.7017577,0x58,8,0e640000b890d434,normal,0
1762980697.7017608,0x6d,8,00000000b890d434,normal,0
1762980697.7017646,0x1c9,8,00000000b890d434,normal,0
1762980697.7642515,0x1a,8,04cc0000d2502785,normal,0
1762980697.7642753,0x2f,8,00000000d2502785,normal,0
1762980697.7642858,0x43,8,04c20000d2502785,normal,0
1762980697.7642956,0x58,8,0d970000d2502785,normal,0
1762980697.7643049,0x6d,8,00000000d2502785,normal,0
1762980697.7643144,0x1c9,8,00000000d2502785,normal,0
1762980697.8018892,0x1a,8,04cc0000320fdc0a,normal,0
1762980697.801902,0x2f,8,00000000320fdc0a,normal,0
1762980697.801906,0x43,8,04c20000320fdc0a,normal,0
1762980697.8019094,0x58,8,0e640000320fdc0a,normal,0
1762980697.801913,0x6d,8,00000000320fdc0a,normal,0
1762980697.801917,0x1c9,8,00000000320fdc0a,normal,0
1762980697.8386855,0x1a,8,04cc000023d9dd15,normal,0
1762980697.8386986,0x2f,8,0000000023d9dd15,normal,0
1762980697.8387034,0x43,8,04c4000023d9dd15,normal,0
1762980697.8387072,0x58,8,0e64000023d9dd15,normal,0
1762980697.8387108,0x6d,8,0000000023d9dd15,normal,0
1762980697.838715,0x1c9,8,0000000023d9dd15,normal,0
1762980697.8756442,0x1a,8,04cc000097e45219,normal,0
1762980697.8756554,0x2f,8,0000000097e45219,normal,0
1762980697.8756597,0x43,8,04ca000097e45219,normal,0
1762980697.8756633,0x58,8,0e64000097e45219,normal,0
1762980697.8756664,0x6d,8,0000000097e45219,normal,0
1762980697.8756707,0x1c9,8,0000000097e45219,normal,0
1762980697.9153874,0x1a,8,04cc000046bbc4a6,normal,0
1762980697.9154022,0x2f,8,0000000046bbc4a6,normal,0
1762980697.9154074,0x43,8,04c5000046bbc4a6,normal,0
1762980697.915412,0x58,8,0d97000046bbc4a6,normal,0
1762980697.9154165,0x6d,8,0000000046bbc4a6,normal,0
1762980697.9154215,0x1c9,8,0000000046bbc4a6,normal,0
1762980697.955275,0x1a,8,04cc00008bb25379,normal,0
1762980697.9552867,0x2f,8,000000008bb25379,normal,0
1762980697.9552913,0x43,8,04bf00008bb25379,normal,0
1762980697.9552946,0x58,8,0e6400008bb25379,normal,0
1762980697.9552977,0x6d,8,000000008bb25379,normal,0
1762980697.9553018,0x1c9,8,000000008bb25379,normal,0
1762980697.9877343,0x1a,8,04cc0000a98a134c,normal,0
1762980697.9878902,0x2f,8,00000000a98a134c,normal,0
1762980697.987895,0x43,8,04be0000a98a134c,normal,0
1762980697.9878988,0x58,8,0e640000a98a134c,normal,0
1762980697.9879022,0x6d,8,00000000a98a134c,normal,0
1762980697.9879062,0x1c9,8,00000000a98a134c,normal,0
1762980698.017548,0x1a,8,04cc00001c0cfeea,normal,0
1762980698.0175588,0x2f,8,000000001c0cfeea,normal,0
1762980698.0175633,0x43,8,04bf00001c0cfeea,normal,0
1762980698.017567,0x58,8,0e6400001c0cfeea,normal,0
1762980698.0175705,0x6d,8,000000001c0cfeea,normal,0
1762980698.0175748,0x1c9,8,000000001c0cfeea,normal,0
1762980698.0503292,0x1a,8,04cc0000221d9983,normal,0
1762980698.0503433,0x2f,8,00000000221d9983,normal,0
1762980698.0503507,0x43,8,04c20000221d9983,normal,0
1762980698.0503552,0x58,8,0d970000221d9983,normal,0
1762980698.0503595,0x6d,8,00000000221d9983,normal,0
1762980698.0503652,0x1c9,8,00000000221d9983,normal,0
1762980698.07957,0x1a,8,04cc0000d02ddf36,normal,0
1762980698.0795834,0x2f,8,00000000d02ddf36,normal,0
1762980698.079589,0x43,8,04c80000d02ddf36,normal,0
1762980698.0795934,0x58,8,0e5e0000d02ddf36,normal,0
1762980698.0795975,0x6d,8,00000000d02ddf36,normal,0
1762980698.0796027,0x1c9,8,00000000d02ddf36,normal,0
1762980698.1088247,0x1a,8,04cc0000a89d0089,normal,0
1762980698.1088462,0x2f,8,00000000a89d0089,normal,0
1762980698.108858,0x43,8,04d10000a89d0089,normal,0
1762980698.1088722,0x58,8,0e640000a89d0089,normal,0
1762980698.1088824,0x6d,8,00000000a89d0089,normal,0
1762980698.1088927,0x1c9,8,00000000a89d0089,normal,0
1762980698.136731,0x1a,8,04cc0000079f6b64,normal,0
1762980698.1367435,0x2f,8,00000000079f6b64,normal,0
1762980698.1367488,0x43,8,04d50000079f6b64,normal,0
1762980698.136753,0x58,8,0e640000079f6b64,normal,0
1762980698.1367574,0x6d,8,00000000079f6b64,normal,0
1762980698.1367621,0x1c9,8,00000000079f6b64,normal,0
1762980698.1660943,0x1a,8,04cc0000cbf2f4d8,normal,0
1762980698.1661086,0x2f,8,00000000cbf2f4d8,normal,0
1762980698.166114,0x43,8,04dc0000cbf2f4d8,normal,0
1762980698.1661184,0x58,8,0e640000cbf2f4d8,normal,0
1762980698.1661227,0x6d,8,00000000cbf2f4d8,normal,0
1762980698.1661277,0x1c9,8,00000000cbf2f4d8,normal,0
1762980698.2233071,0x1a,8,04cc0000fb9c4f05,normal,0
1762980698.2233276,0x2f,8,00000000fb9c4f05,normal,0
1762980698.2233386,0x43,8,04db0000fb9c4f05,normal,0
1762980698.2233484,0x58,8,0e640000fb9c4f05,normal,0
1762980698.223358,0x6d,8,00000000fb9c4f05,normal,0
1762980698.223368,0x1c9,8,00000000fb9c4f05,normal,0
1762980698.2550716,0x1a,8,04cc00008953578e,normal,0
1762980698.2550914,0x2f,8,000000008953578e,normal,0
1762980698.2551033,0x43,8,04dc00008953578e,normal,0
1762980698.255114,0x58,8,0d9700008953578e,normal,0
1762980698.255124,0x6d,8,000000008953578e,normal,0
1762980698.2551348,0x1c9,8,000000008953578e,normal,0
1762980698.2860088,0x1a,8,04cc00001e7b5a1d,normal,0
1762980698.2860324,0x2f,8,000000001e7b5a1d,normal,0
1762980698.286044,0x43,8,04da00001e7b5a1d,normal,0
1762980698.2860544,0x58,8,0e6400001e7b5a1d,normal,0
1762980698.2860641,0x6d,8,000000001e7b5a1d,normal,0
1762980698.2860742,0x1c9,8,000000001e7b5a1d,normal,0
1762980698.3161714,0x1a,8,04cc00007c7e9987,normal,0
1762980698.3161838,0x2f,8,000000007c7e9987,normal,0
1762980698.3161883,0x43,8,04d500007c7e9987,normal,0
1762980698.316192,0x58,8,0e6400007c7e9987,normal,0
1762980698.3161952,0x6d,8,000000007c7e9987,normal,0
1762980698.3161998,0x1c9,8,000000007c7e9987,normal,0
1762980698.3472252,0x1a,8,04cc0000ac919c21,normal,0
1762980698.3472388,0x2f,8,00000000ac919c21,normal,0
1762980698.3472443,0x43,8,04d50000ac919c21,normal,0
1762980698.347249,0x58,8,0d970000ac919c21,normal,0
1762980698.347253,0x6d,8,00000000ac919c21,normal,0
1762980698.3472586,0x1c9,8,00000000ac919c21,normal,0
1762980698.377021,0x1a,8,04cc000086c6137c,normal,0
1762980698.377034,0x2f,8,0000000086c6137c,normal,0
1762980698.37704,0x43,8,04d5000086c6137c,normal,0
1762980698.3770447,0x58,8,0e64000086c6137c,normal,0
1762980698.377049,0x6d,8,0000000086c6137c,normal,0
1762980698.3770542,0x1c9,8,0000000086c6137c,normal,0
1762980698.4088836,0x1a,8,04cc0000d8535fe4,normal,0
1762980698.4088948,0x2f,8,00000000d8535fe4,normal,0
1762980698.408899,0x43,8,04d20000d8535fe4,normal,0
1762980698.4089022,0x58,8,0e640000d8535fe4,normal,0
1762980698.4089055,0x6d,8,00000000d8535fe4,normal,0
1762980698.4089096,0x1c9,8,00000000d8535fe4,normal,0
1762980698.4382393,0x1a,8,04cc00004db05389,normal,0
1762980698.4382505,0x2f,8,000000004db05389,normal,0
1762980698.4382553,0x43,8,04ce00004db05389,normal,0
1762980698.438259,0x58,8,0e6400004db05389,normal,0
1762980698.4382627,0x6d,8,000000004db05389,normal,0
1762980698.438267,0x1c9,8,000000004db05389,normal,0
1762980698.493765,0x1a,8,04cc00001fa75374,normal,0
1762980698.4937768,0x2f,8,000000001fa75374,normal,0
1762980698.4937809,0x43,8,04c400001fa75374,normal,0
1762980698.4937847,0x58,8,0e6400001fa75374,normal,0
1762980698.493788,0x6d,8,000000001fa75374,normal,0
1762980698.4937918,0x1c9,8,000000001fa75374,normal,0
1762980698.5491579,0x1a,8,04cc000032d8ba08,normal,0
1762980698.5491688,0x2f,8,0000000032d8ba08,normal,0
1762980698.549173,0x43,8,04b9000032d8ba08,normal,0
1762980698.5491767,0x58,8,0d97000032d8ba08,normal,0
1762980698.5491803,0x6d,8,0000000032d8ba08,normal,0
1762980698.5491843,0x1c9,8,0000000032d8ba08,normal,0
1762980698.6073687,0x1a,8,04cc0000ab75d3ec,normal,0
1762980698.6073802,0x2f,8,00000000ab75d3ec,normal,0
1762980698.6073844,0x43,8,04b90000ab75d3ec,normal,0
1762980698.607388,0x58,8,0e640000ab75d3ec,normal,0
1762980698.607391,0x6d,8,00000000ab75d3ec,normal,0
1762980698.6073954,0x1c9,8,00000000ab75d3ec,normal,0
1762980698.638158,0x1a,8,04cc000065b9e392,normal,0
1762980698.6382048,0x2f,8,0000000065b9e392,normal,0
1762980698.6382165,0x43,8,04bb000065b9e392,normal,0
1762980698.6382272,0x58,8,0d97000065b9e392,normal,0
1762980698.6382372,0x6d,8,0000000065b9e392,normal,0
1762980698.6382477,0x1c9,8,0000000065b9e392,normal,0
1762980698.695893,0x1a,8,04cc00004e100bb8,normal,0
1762980698.695906,0x2f,8,000000004e100bb8,normal,0
1762980698.6959107,0x43,8,04b500004e100bb8,normal,0
1762980698.6959143,0x58,8,0e6400004e100bb8,normal,0
1762980698.6959183,0x6d,8,000000004e100bb8,normal,0
1762980698.6959224,0x1c9,8,000000004e100bb8,normal,0
1762980698.7266748,0x1a,8,04cc0000ad3152db,normal,0
1762980698.726687,0x2f,8,00000000ad3152db,normal,0
1762980698.7266915,0x43,8,04b00000ad3152db,normal,0
1762980698.726695,0x58,8,0e640000ad3152db,normal,0
1762980698.7266986,0x6d,8,00000000ad3152db,normal,0
1762980698.7267027,0x1c9,8,00000000ad3152db,normal,0
1762980698.761812,0x1a,8,04cc0000abd6a8e2,normal,0
1762980698.761825,0x2f,8,00000000abd6a8e2,normal,0
1762980698.7618299,0x43,8,04a90000abd6a8e2,normal,0
1762980698.7618334,0x58,8,0e640000abd6a8e2,normal,0
1762980698.761837,0x6d,8,00000000abd6a8e2,normal,0
1762980698.7618413,0x1c9,8,00000000abd6a8e2,normal,0
1762980698.827367,0x1a,8,04cc0000e5d5a0be,normal,0
1762980698.827387,0x2f,8,00000000e5d5a0be,normal,0
1762980698.827397,0x43,8,04a90000e5d5a0be,normal,0
1762980698.8274062,0x58,8,0d970000e5d5a0be,normal,0
1762980698.827415,0x6d,8,00000000e5d5a0be,normal,0
1762980698.8274245,0x1c9,8,00000000e5d5a0be,normal,0
1762980698.8993,0x1a,8,04cc0000656e08c7,normal,0
1762980698.8993213,0x2f,8,00000000656e08c7,normal,0
1762980698.8993328,0x43,8,04b70000656e08c7,normal,0
1762980698.8993433,0x58,8,0e640000656e08c7,normal,0
1762980698.8993533,0x6d,8,00000000656e08c7,normal,0
1762980698.8993638,0x1c9,8,00000000656e08c7,normal,0
1762980698.940734,0x1a,8,04cc0000e4dc29b9,normal,0
1762980698.940746,0x2f,8,00000000e4dc29b9,normal,0
1762980698.9407506,0x43,8,04c10000e4dc29b9,normal,0
1762980698.9407544,0x58,8,0e640000e4dc29b9,normal,0
1762980698.940758,0x6d,8,00000000e4dc29b9,normal,0
1762980698.9407623,0x1c9,8,00000000e4dc29b9,normal,0
1762980698.9795532,0x1a,8,04cc0000fbef8c55,normal,0
1762980698.9795773,0x2f,8,00000000fbef8c55,normal,0
1762980698.9795883,0x43,8,04d00000fbef8c55,normal,0
1762980698.9795983,0x58,8,0d970000fbef8c55,normal,0
1762980698.9796076,0x6d,8,00000000fbef8c55,normal,0
1762980698.9796176,0x1c9,8,00000000fbef8c55,normal,0
1762980699.0185988,0x1a,8,04cc0000389e0698,normal,0
1762980699.0186188,0x2f,8,00000000389e0698,normal,0
1762980699.0186305,0x43,8,04e00000389e0698,normal,0
1762980699.018641,0x58,8,0e640000389e0698,normal,0
1762980699.0186512,0x6d,8,00000000389e0698,normal,0
1762980699.0186613,0x1c9,8,00000000389e0698,normal,0
1762980699.0556378,0x1a,8,04cc0000cd833db0,normal,0
1762980699.0556514,0x2f,8,00000000cd833db0,normal,0
1762980699.0556567,0x43,8,04e90000cd833db0,normal,0
1762980699.0556605,0x58,8,0e640000cd833db0,normal,0
1762980699.055664,0x6d,8,00000000cd833db0,normal,0
1762980699.0556688,0x1c9,8,00000000cd833db0,normal,0
1762980699.1129606,0x1a,8,04cc00001c3a4c28,normal,0
1762980699.112972,0x2f,8,000000001c3a4c28,normal,0
1762980699.1129763,0x43,8,04f700001c3a4c28,normal,0
1762980699.11298,0x58,8,0e6400001c3a4c28,normal,0
1762980699.1129832,0x6d,8,000000001c3a4c28,normal,0
1762980699.1129873,0x1c9,8,000000001c3a4c28,normal,0
1762980699.1721845,0x1a,8,04cc00000f312685,normal,0
1762980699.1721957,0x2f,8,000000000f312685,normal,0
1762980699.1722,0x43,8,050400000f312685,normal,0
1762980699.172203,0x58,8,0d9700000f312685,normal,0
1762980699.1722064,0x6d,8,000000000f312685,normal,0
1762980699.1722102,0x1c9,8,000000000f312685,normal,0
1762980699.2049272,0x1a,8,04cc0000606d7e27,normal,0
1762980699.204943,0x2f,8,00000000606d7e27,normal,0
1762980699.204949,0x43,8,05070000606d7e27,normal,0
1762980699.2049537,0x58,8,0e640000606d7e27,normal,0
1762980699.2049582,0x6d,8,00000000606d7e27,normal,0
1762980699.204964,0x1c9,8,00000000606d7e27,normal,0
1762980699.2368534,0x1a,8,04cc0000380a6553,normal,0
1762980699.2369752,0x2f,8,00000000380a6553,normal,0
1762980699.236985,0x43,8,05050000380a6553,normal,0
1762980699.236989,0x58,8,0e640000380a6553,normal,0
1762980699.2369924,0x6d,8,00000000380a6553,normal,0
1762980699.2369967,0x1c9,8,00000000380a6553,normal,0
1762980699.266467,0x1a,8,04cc0000038d75ac,normal,0
1762980699.266482,0x2f,8,00000000038d75ac,normal,0
1762980699.2664876,0x43,8,05040000038d75ac,normal,0
1762980699.266492,0x58,8,0e640000038d75ac,normal,0
1762980699.2664962,0x6d,8,00000000038d75ac,normal,0
1762980699.266502,0x1c9,8,00000000038d75ac,normal,0
1762980699.3024614,0x1a,8,04cc000006430fcb,normal,0
1762980699.3024755,0x2f,8,0000000006430fcb,normal,0
1762980699.3024795,0x43,8,0506000006430fcb,normal,0
1762980699.302483,0x58,8,0d97000006430fcb,normal,0
1762980699.3024864,0x6d,8,0000000006430fcb,normal,0
1762980699.3024912,0x1c9,8,0000000006430fcb,normal,0
1762980699.3367856,0x1a,8,04cc00004cdd62c1,normal,0
1762980699.336798,0x2f,8,000000004cdd62c1,normal,0
1762980699.3368032,0x43,8,050c00004cdd62c1,normal,0
1762980699.3368082,0x58,8,0e6400004cdd62c1,normal,0
1762980699.3368115,0x6d,8,000000004cdd62c1,normal,0
1762980699.3368154,0x1c9,8,000000004cdd62c1,normal,0
1762980699.3750415,0x1a,8,04cc000044ec02b9,normal,0
1762980699.3750644,0x2f,8,0000000044ec02b9,normal,0
1762980699.375075,0x43,8,050e000044ec02b9,normal,0
1762980699.3750846,0x58,8,0e64000044ec02b9,normal,0
1762980699.3750935,0x6d,8,0000000044ec02b9,normal,0
1762980699.3751028,0x1c9,8,0000000044ec02b9,normal,0
1762980699.4140456,0x1a,8,04cc000024b63429,normal,0
1762980699.414066,0x2f,8,0000000024b63429,normal,0
1762980699.4140773,0x43,8,0511000024b63429,normal,0
1762980699.414087,0x58,8,0e64000024b63429,normal,0
1762980699.4140964,0x6d,8,0000000024b63429,normal,0
1762980699.4141064,0x1c9,8,0000000024b63429,normal,0
1762980699.489485,0x1a,8,04cc0000b0ff93af,normal,0
1762980699.4894958,0x2f,8,00000000b0ff93af,normal,0
1762980699.4894998,0x43,8,051f0000b0ff93af,normal,0
1762980699.4895036,0x58,8,0e640000b0ff93af,normal,0
1762980699.4895067,0x6d,8,00000000b0ff93af,normal,0
1762980699.4895105,0x1c9,8,00000000b0ff93af,normal,0
1762980699.5480614,0x1a,8,04cc000097dbb5f9,normal,0
1762980699.5480835,0x2f,8,0000000097dbb5f9,normal,0
1762980699.5480952,0x43,8,0525000097dbb5f9,normal,0
1762980699.5481057,0x58,8,0d97000097dbb5f9,normal,0
1762980699.548116,0x6d,8,0000000097dbb5f9,normal,0
1762980699.5481265,0x1c9,8,0000000097dbb5f9,normal,0
1762980699.5894,0x1a,8,04cc0000acedf8bd,normal,0
1762980699.5894163,0x2f,8,00000000acedf8bd,normal,0
1762980699.5894215,0x43,8,05290000acedf8bd,normal,0
1762980699.589426,0x58,8,0e640000acedf8bd,normal,0
1762980699.58943,0x6d,8,00000000acedf8bd,normal,0
1762980699.589435,0x1c9,8,00000000acedf8bd,normal,0
1762980699.626125,0x1a,8,04cc00003e40a18f,normal,0
1762980699.6261377,0x2f,8,000000003e40a18f,normal,0
1762980699.6261423,0x43,8,052d00003e40a18f,normal,0
1762980699.6261463,0x58,8,0e6400003e40a18f,normal,0
1762980699.62615,0x6d,8,000000003e40a18f,normal,0
1762980699.6261542,0x1c9,8,000000003e40a18f,normal,0
1762980699.664052,0x1a,8,04cc0000460541a6,normal,0
1762980699.6640635,0x2f,8,00000000460541a6,normal,0
1762980699.664068,0x43,8,05280000460541a6,normal,0
1762980699.6640718,0x58,8,0e640000460541a6,normal,0
1762980699.6640751,0x6d,8,00000000460541a6,normal,0
1762980699.6640794,0x1c9,8,00000000460541a6,normal,0
1762980699.7029095,0x1a,8,04cc0000d286a88e,normal,0
1762980699.702923,0x2f,8,00000000d286a88e,normal,0
1762980699.7029276,0x43,8,05230000d286a88e,normal,0
1762980699.7029316,0x58,8,0e640000d286a88e,normal,0
1762980699.702935,0x6d,8,00000000d286a88e,normal,0
1762980699.7029395,0x1c9,8,00000000d286a88e,normal,0
1762980699.7424319,0x1a,8,04cc0000fb00ff69,normal,0
1762980699.7424455,0x2f,8,00000000fb00ff69,normal,0
1762980699.74245,0x43,8,05220000fb00ff69,normal,0
1762980699.7424536,0x58,8,0e640000fb00ff69,normal,0
1762980699.7424567,0x6d,8,00000000fb00ff69,normal,0
1762980699.7424605,0x1c9,8,00000000fb00ff69,normal,0
1762980699.777893,0x1a,8,04cc0000504e1cc4,normal,0
1762980699.777906,0x2f,8,00000000504e1cc4,normal,0
1762980699.7779102,0x43,8,05230000504e1cc4,normal,0
1762980699.7779136,0x58,8,0e640000504e1cc4,normal,0
1762980699.7779174,0x6d,8,00000000504e1cc4,normal,0
1762980699.7779214,0x1c9,8,00000000504e1cc4,normal,0
1762980699.812915,0x1a,8,04cc000059cb840f,normal,0
1762980699.8129287,0x2f,8,0000000059cb840f,normal,0
1762980699.8129342,0x43,8,0525000059cb840f,normal,0
1762980699.8129385,0x58,8,0e64000059cb840f,normal,0
1762980699.8129427,0x6d,8,0000000059cb840f,normal,0
1762980699.8129475,0x1c9,8,0000000059cb840f,normal,0
1762980699.843404,0x1a,8,04cc00004a25dc60,normal,0
1762980699.8434153,0x2f,8,000000004a25dc60,normal,0
1762980699.8434196,0x43,8,052100004a25dc60,normal,0
1762980699.8434231,0x58,8,0e6400004a25dc60,normal,0
1762980699.8434267,0x6d,8,000000004a25dc60,normal,0
1762980699.8434305,0x1c9,8,000000004a25dc60,normal,0
1762980699.8799722,0x1a,8,04cc0000b5a58a56,normal,0
1762980699.8799849,0x2f,8,00000000b5a58a56,normal,0
1762980699.8799894,0x43,8,05230000b5a58a56,normal,0
1762980699.879993,0x58,8,0e640000b5a58a56,normal,0
1762980699.8799963,0x6d,8,00000000b5a58a56,normal,0
1762980699.8800006,0x1c9,8,00000000b5a58a56,normal,0
1762980699.9172263,0x1a,8,04cc00009a88e19b,normal,0
1762980699.9172392,0x2f,8,000000009a88e19b,normal,0
1762980699.9172444,0x43,8,052600009a88e19b,normal,0
1762980699.9172487,0x58,8,0e6400009a88e19b,normal,0
1762980699.917253,0x6d,8,000000009a88e19b,normal,0
1762980699.9172587,0x1c9,8,000000009a88e19b,normal,0
1762980699.9552605,0x1a,8,04cc0000c963d56d,normal,0
1762980699.9552734,0x2f,8,00000000c963d56d,normal,0
1762980699.955279,0x43,8,052a0000c963d56d,normal,0
1762980699.9552836,0x58,8,0e640000c963d56d,normal,0
1762980699.955288,0x6d,8,00000000c963d56d,normal,0
1762980699.955294,0x1c9,8,00000000c963d56d,normal,0
1762980699.9956906,0x1a,8,04cc0000b3f6c124,normal,0
1762980699.9957016,0x2f,8,00000000b3f6c124,normal,0
1762980699.995706,0x43,8,05310000b3f6c124,normal,0
1762980699.9957097,0x58,8,0e640000b3f6c124,normal,0
1762980699.995713,0x6d,8,00000000b3f6c124,normal,0
1762980699.995717,0x1c9,8,00000000b3f6c124,normal,0
1762980700.0401998,0x1a,8,04cc0000872a8ae1,normal,0
1762980700.0402212,0x2f,8,00000000872a8ae1,normal,0
1762980700.0402334,0x43,8,05390000872a8ae1,normal,0
1762980700.0402436,0x58,8,0e640000872a8ae1,normal,0
1762980700.0402534,0x6d,8,00000000872a8ae1,normal,0
1762980700.0402632,0x1c9,8,00000000872a8ae1,normal,0
1762980700.0721724,0x1a,8,04cc0000d51b009c,normal,0
1762980700.0721838,0x2f,8,00000000d51b009c,normal,0
1762980700.0721884,0x43,8,053c0000d51b009c,normal,0
1762980700.0721922,0x58,8,0e640000d51b009c,normal,0
1762980700.072196,0x6d,8,00000000d51b009c,normal,0
1762980700.0722003,0x1c9,8,00000000d51b009c,normal,0
1762980700.1035402,0x1a,8,04cc0000c54abc8f,normal,0
1762980700.1035542,0x2f,8,00000000c54abc8f,normal,0
1762980700.1035588,0x43,8,053a0000c54abc8f,normal,0
1762980700.1035626,0x58,8,0e640000c54abc8f,normal,0
1762980700.1035657,0x6d,8,00000000c54abc8f,normal,0
1762980700.10357,0x1c9,8,00000000c54abc8f,normal,0
1762980700.135511,0x1a,8,04cc0000db7a2370,normal,0
1762980700.135527,0x2f,8,00000000db7a2370,normal,0
1762980700.1355321,0x43,8,053c0000db7a2370,normal,0
1762980700.135537,0x58,8,0e640000db7a2370,normal,0
1762980700.1355414,0x6d,8,00000000db7a2370,normal,0
1762980700.1355476,0x1c9,8,00000000db7a2370,normal,0
1762980700.1699286,0x1a,8,04cc000017ca3542,normal,0
1762980700.1699529,0x2f,8,0000000017ca3542,normal,0
1762980700.1699648,0x43,8,053f000017ca3542,normal,0
1762980700.1699755,0x58,8,0e64000017ca3542,normal,0
1762980700.1699853,0x6d,8,0000000017ca3542,normal,0
1762980700.1699953,0x1c9,8,0000000017ca3542,normal,0
1762980700.1997094,0x1a,8,04cc00000fba405b,normal,0
1762980700.1997235,0x2f,8,000000000fba405b,normal,0
1762980700.1997292,0x43,8,054400000fba405b,normal,0
1762980700.199734,0x58,8,0e6400000fba405b,normal,0
1762980700.1997383,0x6d,8,000000000fba405b,normal,0
1762980700.1997435,0x1c9,8,000000000fba405b,normal,0
1762980700.2293437,0x1a,8,04cc0000ac756c4f,normal,0
1762980700.2293544,0x2f,8,00000000ac756c4f,normal,0
1762980700.2293587,0x43,8,05460000ac756c4f,normal,0
1762980700.2293622,0x58,8,0e640000ac756c4f,normal,0
1762980700.2293656,0x6d,8,00000000ac756c4f,normal,0
1762980700.2293696,0x1c9,8,00000000ac756c4f,normal,0
1762980700.2574532,0x1a,8,04cc0000394cde26,normal,0
1762980700.2574654,0x2f,8,00000000394cde26,normal,0
1762980700.25747,0x43,8,05490000394cde26,normal,0
1762980700.257474,0x58,8,0e640000394cde26,normal,0
1762980700.2574778,0x6d,8,00000000394cde26,normal,0
1762980700.257482,0x1c9,8,00000000394cde26,normal,0
1762980700.2869444,0x1a,8,04cc00009ca704ac,normal,0
1762980700.2869558,0x2f,8,000000009ca704ac,normal,0
1762980700.2869604,0x43,8,054e00009ca704ac,normal,0
1762980700.2869642,0x58,8,0e6400009ca704ac,normal,0
1762980700.2869675,0x6d,8,000000009ca704ac,normal,0
1762980700.2869718,0x1c9,8,000000009ca704ac,normal,0
1762980700.3161466,0x1a,8,04cc00008ea877e3,normal,0
1762980700.3161583,0x2f,8,000000008ea877e3,normal,0
1762980700.316163,0x43,8,055000008ea877e3,normal,0
1762980700.3161669,0x58,8,0e6400008ea877e3,normal,0
1762980700.31617,0x6d,8,000000008ea877e3,normal,0
1762980700.316174,0x1c9,8,000000008ea877e3,normal,0
1762980700.346325,0x1a,8,04cc0000cc0121e9,normal,0
1762980700.346346,0x2f,8,00000000cc0121e9,normal,0
1762980700.346358,0x43,8,05530000cc0121e9,normal,0
1762980700.3463688,0x58,8,0e640000cc0121e9,normal,0
1762980700.346379,0x6d,8,00000000cc0121e9,normal,0
1762980700.3463898,0x1c9,8,00000000cc0121e9,normal,0
1762980700.3799877,0x1a,8,04cc00003574a8ca,normal,0
1762980700.3799996,0x2f,8,000000003574a8ca,normal,0
1762980700.3800042,0x43,8,055900003574a8ca,normal,0
1762980700.380008,0x58,8,0e6400003574a8ca,normal,0
1762980700.3800113,0x6d,8,000000003574a8ca,normal,0
1762980700.3800159,0x1c9,8,000000003574a8ca,normal,0
1762980700.4134018,0x1a,8,04cc0000de211a34,normal,0
1762980700.4134138,0x2f,8,00000000de211a34,normal,0
1762980700.4134185,0x43,8,055e0000de211a34,normal,0
1762980700.413422,0x58,8,0e640000de211a34,normal,0
1762980700.4134257,0x6d,8,00000000de211a34,normal,0
1762980700.41343,0x1c9,8,00000000de211a34,normal,0
1762980700.4477196,0x1a,8,04cc0000a760a022,normal,0
1762980700.447741,0x2f,8,00000000a760a022,normal,0
1762980700.4477525,0x43,8,05610000a760a022,normal,0
1762980700.4477623,0x58,8,0e640000a760a022,normal,0
1762980700.4477715,0x6d,8,00000000a760a022,normal,0
1762980700.4477816,0x1c9,8,00000000a760a022,normal,0
1762980700.4796693,0x1a,8,04cc0000015a8816,normal,0
1762980700.4796832,0x2f,8,00000000015a8816,normal,0
1762980700.4796875,0x43,8,05670000015a8816,normal,0
1762980700.4796913,0x58,8,0e640000015a8816,normal,0
1762980700.4796948,0x6d,8,00000000015a8816,normal,0
1762980700.4796991,0x1c9,8,00000000015a8816,normal,0
1762980700.5162945,0x1a,8,04cc0000511ca203,normal,0
1762980700.516306,0x2f,8,00000000511ca203,normal,0
1762980700.5163102,0x43,8,056a0000511ca203,normal,0
1762980700.5163136,0x58,8,0e640000511ca203,normal,0
1762980700.5163167,0x6d,8,00000000511ca203,normal,0
1762980700.5163202,0x1c9,8,00000000511ca203,normal,0
1762980700.5526652,0x1a,8,04cc00006232214d,normal,0
1762980700.5526774,0x2f,8,000000006232214d,normal,0
1762980700.5526817,0x43,8,057000006232214d,normal,0
1762980700.5526855,0x58,8,0e6400006232214d,normal,0
1762980700.5526888,0x6d,8,000000006232214d,normal,0
1762980700.5526934,0x1c9,8,000000006232214d,normal,0
1762980700.6259103,0x1a,8,04cc000007101cf9,normal,0
1762980700.6259239,0x2f,8,0000000007101cf9,normal,0
1762980700.6259289,0x43,8,057c000007101cf9,normal,0
1762980700.6259332,0x58,8,0e64000007101cf9,normal,0
1762980700.6259363,0x6d,8,0000000007101cf9,normal,0
1762980700.6259403,0x1c9,8,0000000007101cf9,normal,0
1762980700.6643937,0x1a,8,04cc00003c74e89b,normal,0
1762980700.6644423,0x2f,8,000000003c74e89b,normal,0
1762980700.6644466,0x43,8,058000003c74e89b,normal,0
1762980700.66445,0x58,8,0e6400003c74e89b,normal,0
1762980700.664453,0x6d,8,000000003c74e89b,normal,0
1762980700.6644568,0x1c9,8,000000003c74e89b,normal,0
1762980700.702302,0x1a,8,04cc0000b9c400c7,normal,0
1762980700.7023137,0x2f,8,00000000b9c400c7,normal,0
1762980700.702318,0x43,8,05870000b9c400c7,normal,0
1762980700.7023215,0x58,8,0e640000b9c400c7,normal,0
1762980700.7023249,0x6d,8,00000000b9c400c7,normal,0
1762980700.7023287,0x1c9,8,00000000b9c400c7,normal,0
1762980700.7325013,0x1a,8,04cc0000793bdc15,normal,0
1762980700.7325218,0x2f,8,00000000793bdc15,normal,0
1762980700.732533,0x43,8,05880000793bdc15,normal,0
1762980700.7325432,0x58,8,0e640000793bdc15,normal,0
1762980700.732553,0x6d,8,00000000793bdc15,normal,0
1762980700.7325633,0x1c9,8,00000000793bdc15,normal,0
1762980700.7673163,0x1a,8,04cc0000419fcc61,normal,0
1762980700.7673287,0x2f,8,00000000419fcc61,normal,0
1762980700.767333,0x43,8,058d0000419fcc61,normal,0
1762980700.7673366,0x58,8,0e640000419fcc61,normal,0
1762980700.76734,0x6d,8,00000000419fcc61,normal,0
1762980700.7673438,0x1c9,8,00000000419fcc61,normal,0
1762980700.80262,0x1a,8,04cc0000362a04f9,normal,0
1762980700.8026311,0x2f,8,00000000362a04f9,normal,0
1762980700.8026354,0x43,8,05900000362a04f9,normal,0
1762980700.8026388,0x58,8,0e640000362a04f9,normal,0
1762980700.802642,0x6d,8,00000000362a04f9,normal,0
1762980700.8026464,0x1c9,8,00000000362a04f9,normal,0
1762980700.843983,0x1a,8,04cc000081817426,normal,0
1762980700.8439946,0x2f,8,0000000081817426,normal,0
1762980700.8439991,0x43,8,058b000081817426,normal,0
1762980700.844003,0x58,8,0e64000081817426,normal,0
1762980700.8440068,0x6d,8,0000000081817426,normal,0
1762980700.8440108,0x1c9,8,0000000081817426,normal,0
1762980700.8819282,0x1a,8,04cc000067d0fff3,normal,0
1762980700.881939,0x2f,8,0000000067d0fff3,normal,0
1762980700.881943,0x43,8,058c000067d0fff3,normal,0
1762980700.8819463,0x58,8,0e64000067d0fff3,normal,0
1762980700.88195,0x6d,8,0000000067d0fff3,normal,0
1762980700.881954,0x1c9,8,0000000067d0fff3,normal,0
1762980700.9239752,0x1a,8,04cc0000dfdea234,normal,0
1762980700.9239862,0x2f,8,00000000dfdea234,normal,0
1762980700.9239907,0x43,8,05910000dfdea234,normal,0
1762980700.923994,0x58,8,0e640000dfdea234,normal,0
1762980700.9239974,0x6d,8,00000000dfdea234,normal,0
1762980700.9240012,0x1c9,8,00000000dfdea234,normal,0
1762980700.9613197,0x1a,8,04cc000025a884ea,normal,0
1762980700.9613392,0x2f,8,0000000025a884ea,normal,0
1762980700.9613497,0x43,8,058d000025a884ea,normal,0
1762980700.9613595,0x58,8,0e64000025a884ea,normal,0
1762980700.9613683,0x6d,8,0000000025a884ea,normal,0
1762980700.9613774,0x1c9,8,0000000025a884ea,normal,0
1762980700.991926,0x1a,8,04cc0000210abf22,normal,0
1762980700.991938,0x2f,8,00000000210abf22,normal,0
1762980700.9919424,0x43,8,05890000210abf22,normal,0
1762980700.991946,0x58,8,0e640000210abf22,normal,0
1762980700.9919493,0x6d,8,00000000210abf22,normal,0
1762980700.9919534,0x1c9,8,00000000210abf22,normal,0
1762980701.0266638,0x1a,8,04cc00004f0421c2,normal,0
1762980701.026676,0x2f,8,000000004f0421c2,normal,0
1762980701.0266805,0x43,8,058800004f0421c2,normal,0
1762980701.0266843,0x58,8,0e6400004f0421c2,normal,0
1762980701.0266879,0x6d,8,000000004f0421c2,normal,0
1762980701.0266924,0x1c9,8,000000004f0421c2,normal,0
1762980701.060989,0x1a,8,04cc000046b084e8,normal,0
1762980701.0610006,0x2f,8,0000000046b084e8,normal,0
1762980701.0610054,0x43,8,058a000046b084e8,normal,0
1762980701.061009,0x58,8,0e64000046b084e8,normal,0
1762980701.0610125,0x6d,8,0000000046b084e8,normal,0
1762980701.0610168,0x1c9,8,0000000046b084e8,normal,0
1762980701.1004333,0x1a,8,04cc0000f5a38ada,normal,0
1762980701.1004534,0x2f,8,00000000f5a38ada,normal,0
1762980701.100465,0x43,8,05850000f5a38ada,normal,0
1762980701.1004753,0x58,8,0e640000f5a38ada,normal,0
1762980701.1004848,0x6d,8,00000000f5a38ada,normal,0
1762980701.1004949,0x1c9,8,00000000f5a38ada,normal,0
1762980701.138628,0x1a,8,04cc0000b52832d8,normal,0
1762980701.1386507,0x2f,8,00000000b52832d8,normal,0
1762980701.1386623,0x43,8,057f0000b52832d8,normal,0
1762980701.138673,0x58,8,0e640000b52832d8,normal,0
1762980701.1386828,0x6d,8,00000000b52832d8,normal,0
1762980701.138693,0x1c9,8,00000000b52832d8,normal,0
1762980701.1836042,0x1a,8,04cc00008398be8c,normal,0
1762980701.1836164,0x2f,8,000000008398be8c,normal,0
1762980701.1836212,0x43,8,057e00008398be8c,normal,0
1762980701.183625,0x58,8,0e6400008398be8c,normal,0
1762980701.1836283,0x6d,8,000000008398be8c,normal,0
1762980701.1836326,0x1c9,8,000000008398be8c,normal,0
1762980701.2244198,0x1a,8,04cc0000275dcdac,normal,0
1762980701.2244427,0x2f,8,00000000275dcdac,normal,0
1762980701.2244537,0x43,8,05790000275dcdac,normal,0
1762980701.2244642,0x58,8,0e640000275dcdac,normal,0
1762980701.224474,0x6d,8,00000000275dcdac,normal,0
1762980701.2244842,0x1c9,8,00000000275dcdac,normal,0
1762980701.2658567,0x1a,8,04cc0000ac476db7,normal,0
1762980701.2658982,0x2f,8,00000000ac476db7,normal,0
1762980701.265905,0x43,8,05770000ac476db7,normal,0
1762980701.2659087,0x58,8,0e640000ac476db7,normal,0
1762980701.2659118,0x6d,8,00000000ac476db7,normal,0
1762980701.265916,0x1c9,8,00000000ac476db7,normal,0
1762980701.310739,0x1a,8,04cc00008a0983ea,normal,0
1762980701.3107584,0x2f,8,000000008a0983ea,normal,0
1762980701.3107696,0x43,8,057700008a0983ea,normal,0
1762980701.3107798,0x58,8,0e6400008a0983ea,normal,0
1762980701.3107893,0x6d,8,000000008a0983ea,normal,0
1762980701.3107994,0x1c9,8,000000008a0983ea,normal,0
1762980701.3520024,0x1a,8,04cc0000b777be88,normal,0
1762980701.3520155,0x2f,8,00000000b777be88,normal,0
1762980701.35202,0x43,8,057b0000b777be88,normal,0
1762980701.3520238,0x58,8,0e640000b777be88,normal,0
1762980701.3520272,0x6d,8,00000000b777be88,normal,0
1762980701.3520315,0x1c9,8,00000000b777be88,normal,0
1762980701.4231057,0x1a,8,04cc0000622c46b1,normal,0
1762980701.423119,0x2f,8,00000000622c46b1,normal,0
1762980701.4231238,0x43,8,05870000622c46b1,normal,0
1762980701.423128,0x58,8,0e640000622c46b1,normal,0
1762980701.4231317,0x6d,8,00000000622c46b1,normal,0
1762980701.4231358,0x1c9,8,00000000622c46b1,normal,0
1762980701.463897,0x1a,8,04cc00005ae0c504,normal,0
1762980701.4639173,0x2f,8,000000005ae0c504,normal,0
1762980701.4639287,0x43,8,058800005ae0c504,normal,0
1762980701.463939,0x58,8,0e6400005ae0c504,normal,0
1762980701.463949,0x6d,8,000000005ae0c504,normal,0
1762980701.463959,0x1c9,8,000000005ae0c504,normal,0
1762980701.5066636,0x1a,8,04cc0000d1a94c09,normal,0
1762980701.5066867,0x2f,8,00000000d1a94c09,normal,0
1762980701.5066981,0x43,8,05820000d1a94c09,normal,0
1762980701.5067086,0x58,8,0e640000d1a94c09,normal,0
1762980701.5067184,0x6d,8,00000000d1a94c09,normal,0
1762980701.5067286,0x1c9,8,00000000d1a94c09,normal,0
1762980701.5733166,0x1a,8,04cc00008b276c12,normal,0
1762980701.5733373,0x2f,8,000000008b276c12,normal,0
1762980701.5733488,0x43,8,057500008b276c12,normal,0
1762980701.5733585,0x58,8,0e6400008b276c12,normal,0
1762980701.573368,0x6d,8,000000008b276c12,normal,0
1762980701.573378,0x1c9,8,000000008b276c12,normal,0
1762980701.630872,0x1a,8,04cc00004545e402,normal,0
1762980701.6308854,0x2f,8,000000004545e402,normal,0
1762980701.63089,0x43,8,057300004545e402,normal,0
1762980701.630894,0x58,8,0e6400004545e402,normal,0
1762980701.6308973,0x6d,8,000000004545e402,normal,0
1762980701.6309016,0x1c9,8,000000004545e402,normal,0
1762980701.6606593,0x1a,8,04cc0000b59d638c,normal,0
1762980701.6606724,0x2f,8,00000000b59d638c,normal,0
1762980701.660677,0x43,8,05700000b59d638c,normal,0
1762980701.6606803,0x58,8,0e640000b59d638c,normal,0
1762980701.6606834,0x6d,8,00000000b59d638c,normal,0
1762980701.6606874,0x1c9,8,00000000b59d638c,normal,0
1762980701.6920857,0x1a,8,04cc0000e4bc2d34,normal,0
1762980701.692098,0x2f,8,00000000e4bc2d34,normal,0
1762980701.6921024,0x43,8,056f0000e4bc2d34,normal,0
1762980701.6921058,0x58,8,0e640000e4bc2d34,normal,0
1762980701.6921093,0x6d,8,00000000e4bc2d34,normal,0
1762980701.6921139,0x1c9,8,00000000e4bc2d34,normal,0
1762980701.7264402,0x1a,8,04cc0000666fea3c,normal,0
1762980701.7264512,0x2f,8,00000000666fea3c,normal,0
1762980701.7264552,0x43,8,056e0000666fea3c,normal,0
1762980701.7264588,0x58,8,0e640000666fea3c,normal,0
1762980701.7264621,0x6d,8,00000000666fea3c,normal,0
1762980701.726466,0x1c9,8,00000000666fea3c,normal,0
1762980701.7562308,0x1a,8,04cc0000d2661f8d,normal,0
1762980701.7562437,0x2f,8,00000000d2661f8d,normal,0
1762980701.7562487,0x43,8,056f0000d2661f8d,normal,0
1762980701.7562523,0x58,8,0e640000d2661f8d,normal,0
1762980701.7562556,0x6d,8,00000000d2661f8d,normal,0
1762980701.7562597,0x1c9,8,00000000d2661f8d,normal,0
1762980701.7886853,0x1a,8,04cc0000fd6990dd,normal,0
1762980701.7886963,0x2f,8,00000000fd6990dd,normal,0
1762980701.7887006,0x43,8,05720000fd6990dd,normal,0
1762980701.7887044,0x58,8,0e640000fd6990dd,normal,0
1762980701.7887082,0x6d,8,00000000fd6990dd,normal,0
1762980701.7887123,0x1c9,8,00000000fd6990dd,normal,0
1762980701.8200898,0x1a,8,04cc0000c0216f07,normal,0
1762980701.8201015,0x2f,8,00000000c0216f07,normal,0
1762980701.8201063,0x43,8,05750000c0216f07,normal,0
1762980701.8201098,0x58,8,0e640000c0216f07,normal,0
1762980701.8201132,0x6d,8,00000000c0216f07,normal,0
1762980701.8201172,0x1c9,8,00000000c0216f07,normal,0
1762980701.8507926,0x1a,8,04cc00006f80f505,normal,0
1762980701.8508067,0x2f,8,000000006f80f505,normal,0
1762980701.8508132,0x43,8,057400006f80f505,normal,0
1762980701.8508182,0x58,8,0e6400006f80f505,normal,0
1762980701.8508222,0x6d,8,000000006f80f505,normal,0
1762980701.850827,0x1c9,8,000000006f80f505,normal,0
1762980701.8837466,0x1a,8,04cc00000a304a8a,normal,0
1762980701.8837664,0x2f,8,000000000a304a8a,normal,0
1762980701.8837774,0x43,8,057000000a304a8a,normal,0
1762980701.883787,0x58,8,0e6400000a304a8a,normal,0
1762980701.8837962,0x6d,8,000000000a304a8a,normal,0
1762980701.883806,0x1c9,8,000000000a304a8a,normal,0
1762980701.9423296,0x1a,8,04cc000021742d37,normal,0
1762980701.9423542,0x2f,8,0000000021742d37,normal,0
1762980701.9423668,0x43,8,056f000021742d37,normal,0
1762980701.9423776,0x58,8,0e64000021742d37,normal,0
1762980701.9423878,0x6d,8,0000000021742d37,normal,0
1762980701.9423985,0x1c9,8,0000000021742d37,normal,0
1762980701.972461,0x1a,8,04cc0000530822a9,normal,0
1762980701.9724736,0x2f,8,00000000530822a9,normal,0
1762980701.972478,0x43,8,056c0000530822a9,normal,0
1762980701.972481,0x58,8,0e640000530822a9,normal,0
1762980701.9724844,0x6d,8,00000000530822a9,normal,0
1762980701.9724882,0x1c9,8,00000000530822a9,normal,0
1762980702.0027876,0x1a,8,04cc0000cdd6bb54,normal,0
1762980702.0027993,0x2f,8,00000000cdd6bb54,normal,0
1762980702.0028038,0x43,8,05680000cdd6bb54,normal,0
1762980702.0028071,0x58,8,0e640000cdd6bb54,normal,0
1762980702.0028105,0x6d,8,00000000cdd6bb54,normal,0
1762980702.0028145,0x1c9,8,00000000cdd6bb54,normal,0
1762980702.0334952,0x1a,8,04cc00004171fd59,normal,0
1762980702.0335066,0x2f,8,000000004171fd59,normal,0
1762980702.0335119,0x43,8,056300004171fd59,normal,0
1762980702.0335155,0x58,8,0e6400004171fd59,normal,0
1762980702.0335188,0x6d,8,000000004171fd59,normal,0
1762980702.0335233,0x1c9,8,000000004171fd59,normal,0
1762980702.0642233,0x1a,8,04cc0000a58ada31,normal,0
1762980702.064234,0x2f,8,00000000a58ada31,normal,0
1762980702.0642385,0x43,8,05620000a58ada31,normal,0
1762980702.0642426,0x58,8,0e640000a58ada31,normal,0
1762980702.064246,0x6d,8,00000000a58ada31,normal,0
1762980702.0642498,0x1c9,8,00000000a58ada31,normal,0
1762980702.1000273,0x1a,8,04cc00007e7a5c21,normal,0
1762980702.100039,0x2f,8,000000007e7a5c21,normal,0
1762980702.1000433,0x43,8,055d00007e7a5c21,normal,0
1762980702.1000466,0x58,8,0e6400007e7a5c21,normal,0
1762980702.1000497,0x6d,8,000000007e7a5c21,normal,0
1762980702.1000533,0x1c9,8,000000007e7a5c21,normal,0
1762980702.1316266,0x1a,8,04cc0000d7dd5541,normal,0
1762980702.1316466,0x2f,8,00000000d7dd5541,normal,0
1762980702.1316586,0x43,8,05580000d7dd5541,normal,0
1762980702.1316693,0x58,8,0e640000d7dd5541,normal,0
1762980702.1316795,0x6d,8,00000000d7dd5541,normal,0
1762980702.1316903,0x1c9,8,00000000d7dd5541,normal,0
1762980702.1620746,0x1a,8,04cc0000ffe8b17d,normal,0
1762980702.1620855,0x2f,8,00000000ffe8b17d,normal,0
1762980702.1620898,0x43,8,05530000ffe8b17d,normal,0
1762980702.1620939,0x58,8,0e640000ffe8b17d,normal,0
1762980702.1620975,0x6d,8,00000000ffe8b17d,normal,0
1762980702.1621017,0x1c9,8,00000000ffe8b17d,normal,0
1762980702.1912534,0x1a,8,04cc000035538320,normal,0
1762980702.1912673,0x2f,8,0000000035538320,normal,0
1762980702.1912732,0x43,8,0551000035538320,normal,0
1762980702.1912777,0x58,8,0e64000035538320,normal,0
1762980702.191282,0x6d,8,0000000035538320,normal,0
1762980702.1912882,0x1c9,8,0000000035538320,normal,0
1762980702.223729,0x1a,8,04cc00005334ebec,normal,0
1762980702.2237434,0x2f,8,000000005334ebec,normal,0
1762980702.223749,0x43,8,055100005334ebec,normal,0
1762980702.2237535,0x58,8,0e6400005334ebec,normal,0
1762980702.2237575,0x6d,8,000000005334ebec,normal,0
1762980702.2237623,0x1c9,8,000000005334ebec,normal,0
1762980702.2556896,0x1a,8,04cc000038256151,normal,0
1762980702.2557054,0x2f,8,0000000038256151,normal,0
1762980702.255711,0x43,8,0552000038256151,normal,0
1762980702.2557154,0x58,8,0e64000038256151,normal,0
1762980702.25572,0x6d,8,0000000038256151,normal,0
1762980702.2557251,0x1c9,8,0000000038256151,normal,0
1762980702.287825,0x1a,8,04cc0000e7a288db,normal,0
1762980702.2878392,0x2f,8,00000000e7a288db,normal,0
1762980702.2878456,0x43,8,054f0000e7a288db,normal,0
1762980702.2878501,0x58,8,0e640000e7a288db,normal,0
1762980702.2878544,0x6d,8,00000000e7a288db,normal,0
1762980702.28786,0x1c9,8,00000000e7a288db,normal,0
1762980702.3195257,0x1a,8,04cc0000696089c5,normal,0
1762980702.3195374,0x2f,8,00000000696089c5,normal,0
1762980702.319543,0x43,8,054f0000696089c5,normal,0
1762980702.319547,0x58,8,0e640000696089c5,normal,0
1762980702.3195503,0x6d,8,00000000696089c5,normal,0
1762980702.3195546,0x1c9,8,00000000696089c5,normal,0
1762980702.3516614,0x1a,8,00000000aac54338,normal,0
1762980702.351683,0x2f,8,0bff0000aac54338,normal,0
1762980702.3516943,0x43,8,01150000aac54338,normal,0
1762980702.351705,0x58,8,0e640000aac54338,normal,0
1762980702.3517148,0x6d,8,00000000aac54338,normal,0
1762980702.351725,0x1c9,8,00000000aac54338,normal,0
1762980702.3820179,0x1a,8,00000000d96ff5ea,normal,0
1762980702.3820395,0x2f,8,0bff0000d96ff5ea,normal,0
1762980702.382051,0x43,8,01020000d96ff5ea,normal,0
1762980702.3820617,0x58,8,0e640000d96ff5ea,normal,0
1762980702.3820713,0x6d,8,00000000d96ff5ea,normal,0
1762980702.3820815,0x1c9,8,00000000d96ff5ea,normal,0
1762980702.4120955,0x1a,8,000000008b551f97,normal,0
1762980702.4121084,0x2f,8,0bff00008b551f97,normal,0
1762980702.412113,0x43,8,00f100008b551f97,normal,0
1762980702.4121168,0x58,8,0e6400008b551f97,normal,0
1762980702.41212,0x6d,8,000000008b551f97,normal,0
1762980702.4121244,0x1c9,8,000000008b551f97,normal,0
1762980702.442733,0x1a,8,000000006ca1bbc4,normal,0
1762980702.4427536,0x2f,8,0bff00006ca1bbc4,normal,0
1762980702.4427655,0x43,8,00e400006ca1bbc4,normal,0
1762980702.442776,0x58,8,0e6400006ca1bbc4,normal,0
1762980702.4427857,0x6d,8,000000006ca1bbc4,normal,0
1762980702.442796,0x1c9,8,000000006ca1bbc4,normal,0
1762980702.4762182,0x1a,8,000000006f4b143d,normal,0
1762980702.4762387,0x2f,8,0bff00006f4b143d,normal,0
1762980702.4762495,0x43,8,00e100006f4b143d,normal,0
1762980702.4762595,0x58,8,0e6400006f4b143d,normal,0
1762980702.4762688,0x6d,8,000000006f4b143d,normal,0
1762980702.4762785,0x1c9,8,000000006f4b143d,normal,0
1762980702.511822,0x1a,8,000000004a656cf0,normal,0
1762980702.5118513,0x2f,8,0bff00004a656cf0,normal,0
1762980702.511868,0x43,8,00dd00004a656cf0,normal,0
1762980702.511879,0x58,8,0e6400004a656cf0,normal,0
1762980702.5118892,0x6d,8,000000004a656cf0,normal,0
1762980702.5118995,0x1c9,8,000000004a656cf0,normal,0
1762980702.5436485,0x1a,8,000000000a1f4d17,normal,0
1762980702.5436702,0x2f,8,0bff00000a1f4d17,normal,0
1762980702.5436814,0x43,8,00da00000a1f4d17,normal,0
1762980702.5436914,0x58,8,0e6400000a1f4d17,normal,0
1762980702.543701,0x6d,8,000000000a1f4d17,normal,0
1762980702.5437107,0x1c9,8,000000000a1f4d17,normal,0
1762980702.5821302,0x1a,8,0000000012709db0,normal,0
1762980702.5821419,0x2f,8,0bff000012709db0,normal,0
1762980702.5821462,0x43,8,00d5000012709db0,normal,0
1762980702.5821497,0x58,8,0e64000012709db0,normal,0
1762980702.5821536,0x6d,8,0000000012709db0,normal,0
1762980702.5821576,0x1c9,8,0000000012709db0,normal,0
1762980702.6208005,0x1a,8,0000000064e58c31,normal,0
1762980702.6208131,0x2f,8,0bff000064e58c31,normal,0
1762980702.6208177,0x43,8,00d2000064e58c31,normal,0
1762980702.6208215,0x58,8,0e64000064e58c31,normal,0
1762980702.620825,0x6d,8,0000000064e58c31,normal,0
1762980702.6208296,0x1c9,8,0000000064e58c31,normal,0
1762980702.6572506,0x1a,8,00000000aac02201,normal,0
1762980702.657261,0x2f,8,0bff0000aac02201,normal,0
1762980702.657266,0x43,8,00cf0000aac02201,normal,0
1762980702.65727,0x58,8,0e640000aac02201,normal,0
1762980702.6572735,0x6d,8,00000000aac02201,normal,0
1762980702.6572778,0x1c9,8,00000000aac02201,normal,0
1762980702.6994112,0x1a,8,000000003902f7bf,normal,0
1762980702.699423,0x2f,8,0bff00003902f7bf,normal,0
1762980702.6994274,0x43,8,00cd00003902f7bf,normal,0
1762980702.699431,0x58,8,0e6400003902f7bf,normal,0
1762980702.699434,0x6d,8,000000003902f7bf,normal,0
1762980702.699438,0x1c9,8,000000003902f7bf,normal,0
1762980702.7694807,0x1a,8,00000000e296b56a,normal,0
1762980702.7694945,0x2f,8,0bff0000e296b56a,normal,0
1762980702.7695003,0x43,8,00c70000e296b56a,normal,0
1762980702.769505,0x58,8,0e640000e296b56a,normal,0
1762980702.7695096,0x6d,8,00000000e296b56a,normal,0
1762980702.7695148,0x1c9,8,00000000e296b56a,normal,0
1762980702.8014233,0x1a,8,00000000488dc1fc,normal,0
1762980702.8014355,0x2f,8,0bff0000488dc1fc,normal,0
1762980702.80144,0x43,8,00c20000488dc1fc,normal,0
1762980702.801444,0x58,8,0e640000488dc1fc,normal,0
1762980702.8014474,0x6d,8,00000000488dc1fc,normal,0
1762980702.801452,0x1c9,8,00000000488dc1fc,normal,0
1762980702.8333688,0x1a,8,0000000061ccebb6,normal,0
1762980702.83338,0x2f,8,0bff000061ccebb6,normal,0
1762980702.8333845,0x43,8,00bb000061ccebb6,normal,0
1762980702.8333879,0x58,8,0e64000061ccebb6,normal,0
1762980702.8333914,0x6d,8,0000000061ccebb6,normal,0
1762980702.8333955,0x1c9,8,0000000061ccebb6,normal,0
1762980702.8663142,0x1a,8,000000006283eeae,normal,0
1762980702.8663278,0x2f,8,0bff00006283eeae,normal,0
1762980702.8663332,0x43,8,00a900006283eeae,normal,0
1762980702.8663383,0x58,8,0e6400006283eeae,normal,0
1762980702.8663425,0x6d,8,000000006283eeae,normal,0
1762980702.8663476,0x1c9,8,000000006283eeae,normal,0
1762980702.9054217,0x1a,8,00000000860c4480,normal,0
1762980702.9054477,0x2f,8,0bff0000860c4480,normal,0
1762980702.90546,0x43,8,009f0000860c4480,normal,0
1762980702.9054713,0x58,8,0e640000860c4480,normal,0
1762980702.9054816,0x6d,8,00000000860c4480,normal,0
1762980702.9054923,0x1c9,8,00000000860c4480,normal,0
1762980702.9334755,0x1a,8,0000000084c1dc7b,normal,0
1762980702.933487,0x2f,8,0bff000084c1dc7b,normal,0
1762980702.9334915,0x43,8,0090000084c1dc7b,normal,0
1762980702.9334948,0x58,8,0e64000084c1dc7b,normal,0
1762980702.9334981,0x6d,8,0000000084c1dc7b,normal,0
1762980702.9335022,0x1c9,8,0000000084c1dc7b,normal,0
1762980702.964357,0x1a,8,00000000b8778f38,normal,0
1762980702.9643686,0x2f,8,0bff0000b8778f38,normal,0
1762980702.9643734,0x43,8,00820000b8778f38,normal,0
1762980702.9643772,0x58,8,0e640000b8778f38,normal,0
1762980702.9643807,0x6d,8,00000000b8778f38,normal,0
1762980702.964385,0x1c9,8,00000000b8778f38,normal,0
1762980702.9992745,0x1a,8,00000000f816dee6,normal,0
1762980702.9992874,0x2f,8,0bff0000f816dee6,normal,0
1762980702.999292,0x43,8,00700000f816dee6,normal,0
1762980702.9992957,0x58,8,0e640000f816dee6,normal,0
1762980702.9992993,0x6d,8,00000000f816dee6,normal,0
1762980702.9993033,0x1c9,8,00000000f816dee6,normal,0
1762980703.0300324,0x1a,8,000000007700de0f,normal,0
1762980703.0300446,0x2f,8,0bff00007700de0f,normal,0
1762980703.0300486,0x43,8,005f00007700de0f,normal,0
1762980703.030052,0x58,8,0e6400007700de0f,normal,0
1762980703.030055,0x6d,8,000000007700de0f,normal,0
1762980703.030059,0x1c9,8,000000007700de0f,normal,0
1762980703.068212,0x1a,8,000000005b8db3ab,normal,0
1762980703.0682247,0x2f,8,0bff00005b8db3ab,normal,0
1762980703.0682292,0x43,8,004b00005b8db3ab,normal,0
1762980703.0682325,0x58,8,0e6400005b8db3ab,normal,0
1762980703.0682359,0x6d,8,000000005b8db3ab,normal,0
1762980703.0682402,0x1c9,8,000000005b8db3ab,normal,0
1762980703.1064324,0x1a,8,0000000031d3d37b,normal,0
1762980703.1064534,0x2f,8,0bff000031d3d37b,normal,0
1762980703.1064641,0x43,8,0036000031d3d37b,normal,0
1762980703.1064737,0x58,8,0e64000031d3d37b,normal,0
1762980703.1064827,0x6d,8,0000000031d3d37b,normal,0
1762980703.106492,0x1c9,8,0000000031d3d37b,normal,0
1762980703.1473582,0x1a,8,000000000269c7af,normal,0
1762980703.1473835,0x2f,8,0bff00000269c7af,normal,0
1762980703.1473935,0x43,8,002000000269c7af,normal,0
1762980703.1474028,0x58,8,0e6400000269c7af,normal,0
1762980703.1474118,0x6d,8,000000000269c7af,normal,0
1762980703.1474206,0x1c9,8,000000000269c7af,normal,0
1762980703.1849387,0x1a,8,00000000152dd02a,normal,0
1762980703.1849582,0x2f,8,0bff0000152dd02a,normal,0
1762980703.1849697,0x43,8,00110000152dd02a,normal,0
1762980703.18498,0x58,8,0e640000152dd02a,normal,0
1762980703.1849895,0x6d,8,00000000152dd02a,normal,0
1762980703.1849995,0x1c9,8,00000000152dd02a,normal,0
1762980703.218943,0x1a,8,000000008344a271,normal,0
1762980703.2189553,0x2f,8,0bff00008344a271,normal,0
1762980703.2189596,0x43,8,000200008344a271,normal,0
1762980703.2189631,0x58,8,0e6400008344a271,normal,0
1762980703.2189665,0x6d,8,000000008344a271,normal,0
1762980703.218971,0x1c9,8,000000008344a271,normal,0
1762980703.2463217,0x1a,8,000000005ae9a0a1,normal,0
1762980703.2463474,0x2f,8,0bff00005ae9a0a1,normal,0
1762980703.2463517,0x43,8,000700005ae9a0a1,normal,0
1762980703.2463553,0x58,8,0e6400005ae9a0a1,normal,0
1762980703.2463584,0x6d,8,000000005ae9a0a1,normal,0
1762980703.2463624,0x1c9,8,000000005ae9a0a1,normal,0
1762980703.27387,0x1a,8,000000006358515d,normal,0
1762980703.2738814,0x2f,8,0bff00006358515d,normal,0
1762980703.2738857,0x43,8,000f00006358515d,normal,0
1762980703.2738895,0x58,8,0e6400006358515d,normal,0
1762980703.273893,0x6d,8,000000006358515d,normal,0
1762980703.2738972,0x1c9,8,000000006358515d,normal,0
1762980703.3062994,0x1a,8,00000000aaf20a71,normal,0
1762980703.3063135,0x2f,8,0bff0000aaf20a71,normal,0
1762980703.3063192,0x43,8,00120000aaf20a71,normal,0
1762980703.3063235,0x58,8,0e640000aaf20a71,normal,0
1762980703.3063276,0x6d,8,00000000aaf20a71,normal,0
1762980703.306333,0x1c9,8,00000000aaf20a71,normal,0
1762980703.3610857,0x1a,8,00000000e2044bf9,normal,0
1762980703.36111,0x2f,8,0bff0000e2044bf9,normal,0
1762980703.3611217,0x43,8,00190000e2044bf9,normal,0
1762980703.3611324,0x58,8,0e640000e2044bf9,normal,0
1762980703.3611426,0x6d,8,00000000e2044bf9,normal,0
1762980703.3611526,0x1c9,8,00000000e2044bf9,normal,0
1762980703.3898249,0x1a,8,00000000285ae030,normal,0
1762980703.389837,0x2f,8,0bff0000285ae030,normal,0
1762980703.3898416,0x43,8,00200000285ae030,normal,0
1762980703.3898451,0x58,8,0e640000285ae030,normal,0
1762980703.3898485,0x6d,8,00000000285ae030,normal,0
1762980703.3898525,0x1c9,8,00000000285ae030,normal,0
1762980703.420567,0x1a,8,0000000032bfb220,normal,0
1762980703.4205809,0x2f,8,0bff000032bfb220,normal,0
1762980703.420586,0x43,8,0024000032bfb220,normal,0
1762980703.420591,0x58,8,0e64000032bfb220,normal,0
1762980703.4205954,0x6d,8,0000000032bfb220,normal,0
1762980703.4206004,0x1c9,8,0000000032bfb220,normal,0
1762980703.4518342,0x1a,8,000000006543a684,normal,0
1762980703.4518564,0x2f,8,0bff00006543a684,normal,0
1762980703.4518738,0x43,8,002b00006543a684,normal,0
1762980703.4518852,0x58,8,0e6400006543a684,normal,0
1762980703.451896,0x6d,8,000000006543a684,normal,0
1762980703.451907,0x1c9,8,000000006543a684,normal,0
1762980703.4889019,0x1a,8,00000000869b6608,normal,0
1762980703.4889228,0x2f,8,0bff0000869b6608,normal,0
1762980703.4889345,0x43,8,00350000869b6608,normal,0
1762980703.488945,0x58,8,0e640000869b6608,normal,0
1762980703.488955,0x6d,8,00000000869b6608,normal,0
1762980703.488965,0x1c9,8,00000000869b6608,normal,0
1762980703.521241,0x1a,8,000000006593078a,normal,0
1762980703.5212538,0x2f,8,0bff00006593078a,normal,0
1762980703.5212579,0x43,8,003a00006593078a,normal,0
1762980703.5212615,0x58,8,0e6400006593078a,normal,0
1762980703.5212646,0x6d,8,000000006593078a,normal,0
1762980703.5212688,0x1c9,8,000000006593078a,normal,0
1762980703.5587194,0x1a,8,0000000000390d7d,normal,0
1762980703.5587308,0x2f,8,0bff000000390d7d,normal,0
1762980703.5587354,0x43,8,0045000000390d7d,normal,0
1762980703.5587394,0x58,8,0e64000000390d7d,normal,0
1762980703.5587442,0x6d,8,0000000000390d7d,normal,0
1762980703.558748,0x1c9,8,0000000000390d7d,normal,0
1762980703.5940964,0x1a,8,000000003a6f35a2,normal,0
1762980703.5941083,0x2f,8,0bff00003a6f35a2,normal,0
1762980703.5941124,0x43,8,004a00003a6f35a2,normal,0
1762980703.5941157,0x58,8,0e6400003a6f35a2,normal,0
1762980703.5941193,0x6d,8,000000003a6f35a2,normal,0
1762980703.5941231,0x1c9,8,000000003a6f35a2,normal,0
1762980703.6330163,0x1a,8,00000000ad1bed07,normal,0
1762980703.6330297,0x2f,8,0bff0000ad1bed07,normal,0
1762980703.6330342,0x43,8,004f0000ad1bed07,normal,0
1762980703.6330383,0x58,8,0e640000ad1bed07,normal,0
1762980703.6330419,0x6d,8,00000000ad1bed07,normal,0
1762980703.6330457,0x1c9,8,00000000ad1bed07,normal,0
1762980703.6668792,0x1a,8,00000000f54e7d05,normal,0
1762980703.6669016,0x2f,8,0bff0000f54e7d05,normal,0
1762980703.666914,0x43,8,00550000f54e7d05,normal,0
1762980703.666925,0x58,8,0e640000f54e7d05,normal,0
1762980703.6669354,0x6d,8,00000000f54e7d05,normal,0
1762980703.6669462,0x1c9,8,00000000f54e7d05,normal,0
1762980703.6973827,0x1a,8,000000007077d3d6,normal,0
1762980703.6973972,0x2f,8,0bff00007077d3d6,normal,0
1762980703.6974027,0x43,8,005800007077d3d6,normal,0
1762980703.6974072,0x58,8,0e6400007077d3d6,normal,0
1762980703.6974115,0x6d,8,000000007077d3d6,normal,0
1762980703.6974168,0x1c9,8,000000007077d3d6,normal,0
1762980703.7248187,0x1a,8,0000000010b543b2,normal,0
1762980703.7248304,0x2f,8,0bff000010b543b2,normal,0
1762980703.7248354,0x43,8,005c000010b543b2,normal,0
1762980703.7248392,0x58,8,0e64000010b543b2,normal,0
1762980703.7248425,0x6d,8,0000000010b543b2,normal,0
1762980703.7248464,0x1c9,8,0000000010b543b2,normal,0
1762980703.7528727,0x1a,8,00000000dd749148,normal,0
1762980703.7528863,0x2f,8,0bff0000dd749148,normal,0
1762980703.7528906,0x43,8,005f0000dd749148,normal,0
1762980703.7528942,0x58,8,0e640000dd749148,normal,0
1762980703.7528973,0x6d,8,00000000dd749148,normal,0
1762980703.752901,0x1c9,8,00000000dd749148,normal,0
1762980703.7806842,0x1a,8,00000000d55fef5f,normal,0
1762980703.7806976,0x2f,8,0bff0000d55fef5f,normal,0
1762980703.7807026,0x43,8,00660000d55fef5f,normal,0
1762980703.7807064,0x58,8,0e640000d55fef5f,normal,0
1762980703.7807097,0x6d,8,00000000d55fef5f,normal,0
1762980703.7807138,0x1c9,8,00000000d55fef5f,normal,0
1762980703.811323,0x1a,8,00000000eaca2bee,normal,0
1762980703.811348,0x2f,8,0bff0000eaca2bee,normal,0
1762980703.8113601,0x43,8,00690000eaca2bee,normal,0
1762980703.8113708,0x58,8,0e640000eaca2bee,normal,0
1762980703.8113809,0x6d,8,00000000eaca2bee,normal,0
1762980703.8113918,0x1c9,8,00000000eaca2bee,normal,0
1762980703.8399813,0x1a,8,00000000234a3499,normal,0
1762980703.8400004,0x2f,8,0bff0000234a3499,normal,0
1762980703.8400114,0x43,8,006c0000234a3499,normal,0
1762980703.8400218,0x58,8,0e640000234a3499,normal,0
1762980703.8400316,0x6d,8,00000000234a3499,normal,0
1762980703.8400416,0x1c9,8,00000000234a3499,normal,0
1762980703.8685837,0x1a,8,0000000011a271d8,normal,0
1762980703.8686044,0x2f,8,0bff000011a271d8,normal,0
1762980703.8686159,0x43,8,0073000011a271d8,normal,0
1762980703.8686264,0x58,8,0e64000011a271d8,normal,0
1762980703.8686361,0x6d,8,0000000011a271d8,normal,0
1762980703.8686464,0x1c9,8,0000000011a271d8,normal,0
1762980703.9014637,0x1a,8,00000000482f5247,normal,0
1762980703.901486,0x2f,8,0bff0000482f5247,normal,0
1762980703.9014978,0x43,8,00780000482f5247,normal,0
1762980703.9015083,0x58,8,0e640000482f5247,normal,0
1762980703.9015183,0x6d,8,00000000482f5247,normal,0
1762980703.9015286,0x1c9,8,00000000482f5247,normal,0
1762980703.9311845,0x1a,8,000000009a96bacc,normal,0
1762980703.931198,0x2f,8,0bff00009a96bacc,normal,0
1762980703.9312027,0x43,8,007d00009a96bacc,normal,0
1762980703.9312065,0x58,8,0e6400009a96bacc,normal,0
1762980703.93121,0x6d,8,000000009a96bacc,normal,0
1762980703.931214,0x1c9,8,000000009a96bacc,normal,0
1762980703.9670577,0x1a,8,000000005b7030d4,normal,0
1762980703.967071,0x2f,8,0bff00005b7030d4,normal,0
1762980703.9670756,0x43,8,008100005b7030d4,normal,0
1762980703.9670792,0x58,8,0e6400005b7030d4,normal,0
1762980703.9670827,0x6d,8,000000005b7030d4,normal,0
1762980703.967087,0x1c9,8,000000005b7030d4,normal,0
1762980704.0064442,0x1a,8,000000008dc8d126,normal,0
1762980704.006466,0x2f,8,0bff00008dc8d126,normal,0
1762980704.006478,0x43,8,008b00008dc8d126,normal,0
1762980704.0064886,0x58,8,0e6400008dc8d126,normal,0
1762980704.0064986,0x6d,8,000000008dc8d126,normal,0
1762980704.0065088,0x1c9,8,000000008dc8d126,normal,0
1762980704.0373197,0x1a,8,0000000044e25274,normal,0
1762980704.0373323,0x2f,8,0bff000044e25274,normal,0
1762980704.037337,0x43,8,008f000044e25274,normal,0
1762980704.037341,0x58,8,0e64000044e25274,normal,0
1762980704.0373445,0x6d,8,0000000044e25274,normal,0
1762980704.0373485,0x1c9,8,0000000044e25274,normal,0
1762980704.076711,0x1a,8,00000000b5122368,normal,0
1762980704.0767345,0x2f,8,0bff0000b5122368,normal,0
1762980704.0767386,0x43,8,00950000b5122368,normal,0
1762980704.076742,0x58,8,0e640000b5122368,normal,0
1762980704.076745,0x6d,8,00000000b5122368,normal,0
1762980704.076749,0x1c9,8,00000000b5122368,normal,0
1762980704.1148205,0x1a,8,00000000eb373393,normal,0
1762980704.114832,0x2f,8,0bff0000eb373393,normal,0
1762980704.1148365,0x43,8,00a10000eb373393,normal,0
1762980704.1148405,0x58,8,0e640000eb373393,normal,0
1762980704.1148446,0x6d,8,00000000eb373393,normal,0
1762980704.1148489,0x1c9,8,00000000eb373393,normal,0
1762980704.1509774,0x1a,8,00000000741e5cd8,normal,0
1762980704.150988,0x2f,8,0bff0000741e5cd8,normal,0
1762980704.1509926,0x43,8,00ac0000741e5cd8,normal,0
1762980704.150996,0x58,8,0e640000741e5cd8,normal,0
1762980704.150999,0x6d,8,00000000741e5cd8,normal,0
1762980704.1510031,0x1c9,8,00000000741e5cd8,normal,0
1762980704.1828008,0x1a,8,000000005274960d,normal,0
1762980704.1828132,0x2f,8,0bff00005274960d,normal,0
1762980704.1828172,0x43,8,00b100005274960d,normal,0
1762980704.182821,0x58,8,0e6400005274960d,normal,0
1762980704.1828244,0x6d,8,000000005274960d,normal,0
1762980704.1828287,0x1c9,8,000000005274960d,normal,0
1762980704.2154088,0x1a,8,00000000510ed2c7,normal,0
1762980704.2154195,0x2f,8,0bff0000510ed2c7,normal,0
1762980704.215424,0x43,8,00bb0000510ed2c7,normal,0
1762980704.2154276,0x58,8,0e640000510ed2c7,normal,0
1762980704.215431,0x6d,8,00000000510ed2c7,normal,0
1762980704.215435,0x1c9,8,00000000510ed2c7,normal,0
1762980704.2481344,0x1a,8,000000003ab7f658,normal,0
1762980704.2481458,0x2f,8,0bff00003ab7f658,normal,0
1762980704.2481506,0x43,8,00c000003ab7f658,normal,0
1762980704.248154,0x58,8,0e6400003ab7f658,normal,0
1762980704.2481575,0x6d,8,000000003ab7f658,normal,0
1762980704.2481616,0x1c9,8,000000003ab7f658,normal,0
1762980704.2805634,0x1a,8,000000008075131d,normal,0
1762980704.2805903,0x2f,8,0bff00008075131d,normal,0
1762980704.280595,0x43,8,00ca00008075131d,normal,0
1762980704.2805984,0x58,8,0e6400008075131d,normal,0
1762980704.2806017,0x6d,8,000000008075131d,normal,0
1762980704.2806058,0x1c9,8,000000008075131d,normal,0
1762980704.3115056,0x1a,8,00000000ecde2d86,normal,0
1762980704.3115232,0x2f,8,0bff0000ecde2d86,normal,0
1762980704.3115277,0x43,8,00d40000ecde2d86,normal,0
1762980704.311531,0x58,8,0e640000ecde2d86,normal,0
1762980704.3115346,0x6d,8,00000000ecde2d86,normal,0
1762980704.3115387,0x1c9,8,00000000ecde2d86,normal,0
1762980704.3438468,0x1a,8,0000000084b7128d,normal,0
1762980704.3438594,0x2f,8,0bff000084b7128d,normal,0
1762980704.3438659,0x43,8,00d9000084b7128d,normal,0
1762980704.3438697,0x58,8,0e64000084b7128d,normal,0
1762980704.343873,0x6d,8,0000000084b7128d,normal,0
1762980704.3438773,0x1c9,8,0000000084b7128d,normal,0
1762980704.3729024,0x1a,8,00000000ffe982a0,normal,0
1762980704.3729205,0x2f,8,0bff0000ffe982a0,normal,0
1762980704.372925,0x43,8,00dd0000ffe982a0,normal,0
1762980704.3729286,0x58,8,0e640000ffe982a0,normal,0
1762980704.372932,0x6d,8,00000000ffe982a0,normal,0
1762980704.372936,0x1c9,8,00000000ffe982a0,normal,0
1762980704.4469297,0x1a,8,00000000bb1fef12,normal,0
1762980704.44695,0x2f,8,0bff0000bb1fef12,normal,0
1762980704.4469612,0x43,8,00f30000bb1fef12,normal,0
1762980704.446971,0x58,8,0e640000bb1fef12,normal,0
1762980704.4469802,0x6d,8,00000000bb1fef12,normal,0
1762980704.4469898,0x1c9,8,00000000bb1fef12,normal,0
1762980704.5259051,0x1a,8,0000000097459cb1,normal,0
1762980704.5259178,0x2f,8,0bff000097459cb1,normal,0
1762980704.5259233,0x43,8,003d000097459cb1,normal,0
1762980704.5259268,0x58,8,0e64000097459cb1,normal,0
1762980704.5259304,0x6d,8,0000000097459cb1,normal,0
1762980704.5259347,0x1c9,8,0000000097459cb1,normal,0
1762980704.5675025,0x1a,8,000000008f151b5b,normal,0
1762980704.5675223,0x2f,8,0bff00008f151b5b,normal,0
1762980704.567534,0x43,8,003000008f151b5b,normal,0
1762980704.5675445,0x58,8,0e6400008f151b5b,normal,0
1762980704.5675547,0x6d,8,000000008f151b5b,normal,0
1762980704.5675652,0x1c9,8,000000008f151b5b,normal,0
1762980704.6113634,0x1a,8,00000000409f0f50,normal,0
1762980704.611385,0x2f,8,0bff0000409f0f50,normal,0
1762980704.6113973,0x43,8,00210000409f0f50,normal,0
1762980704.6114082,0x58,8,0e640000409f0f50,normal,0
1762980704.6114187,0x6d,8,00000000409f0f50,normal,0
1762980704.611429,0x1c9,8,00000000409f0f50,normal,0
1762980704.642241,0x1a,8,00000000f4ce3ce9,normal,0
1762980704.642252,0x2f,8,0bff0000f4ce3ce9,normal,0
1762980704.642256,0x43,8,00130000f4ce3ce9,normal,0
1762980704.6422596,0x58,8,0e640000f4ce3ce9,normal,0
1762980704.6422627,0x6d,8,00000000f4ce3ce9,normal,0
1762980704.6422668,0x1c9,8,00000000f4ce3ce9,normal,0
1762980704.6721232,0x1a,8,0000000011dc0213,normal,0
1762980704.6721365,0x2f,8,0bff000011dc0213,normal,0
1762980704.672141,0x43,8,0005000011dc0213,normal,0
1762980704.6721451,0x58,8,0e64000011dc0213,normal,0
1762980704.6721487,0x6d,8,0000000011dc0213,normal,0
1762980704.672153,0x1c9,8,0000000011dc0213,normal,0
1762980704.704389,0x1a,8,00000000c33b84af,normal,0
1762980704.7044015,0x2f,8,0bff0000c33b84af,normal,0
1762980704.7044063,0x43,8,00020000c33b84af,normal,0
1762980704.70441,0x58,8,0e640000c33b84af,normal,0
1762980704.7044132,0x6d,8,00000000c33b84af,normal,0
1762980704.7044175,0x1c9,8,00000000c33b84af,normal,0
1762980704.736914,0x1a,8,00000000106cc4af,normal,0
1762980704.7369242,0x2f,8,0bff0000106cc4af,normal,0
1762980704.7369287,0x43,8,000c0000106cc4af,normal,0
1762980704.7369318,0x58,8,0e640000106cc4af,normal,0
1762980704.736935,0x6d,8,00000000106cc4af,normal,0
1762980704.736939,0x1c9,8,00000000106cc4af,normal,0
1762980704.7735476,0x1a,8,00000000dbddeda1,normal,0
1762980704.7735589,0x2f,8,0bff0000dbddeda1,normal,0
1762980704.773563,0x43,8,00130000dbddeda1,normal,0
1762980704.7735665,0x58,8,0e640000dbddeda1,normal,0
1762980704.7735696,0x6d,8,00000000dbddeda1,normal,0
1762980704.7735732,0x1c9,8,00000000dbddeda1,normal,0
1762980704.8111176,0x1a,8,00000000e0251cae,normal,0
1762980704.811139,0x2f,8,0bff0000e0251cae,normal,0
1762980704.8111503,0x43,8,001e0000e0251cae,normal,0
1762980704.8111603,0x58,8,0e640000e0251cae,normal,0
1762980704.81117,0x6d,8,00000000e0251cae,normal,0
1762980704.81118,0x1c9,8,00000000e0251cae,normal,0
1762980704.8841898,0x1a,8,000000000aa194f0,normal,0
1762980704.8842146,0x2f,8,0bff00000aa194f0,normal,0
1762980704.8842266,0x43,8,002a00000aa194f0,normal,0
1762980704.8842368,0x58,8,0e6400000aa194f0,normal,0
1762980704.884247,0x6d,8,000000000aa194f0,normal,0
1762980704.8842573,0x1c9,8,000000000aa194f0,normal,0
1762980704.9249732,0x1a,8,0000000083d01639,normal,0
1762980704.925043,0x2f,8,0bff000083d01639,normal,0
1762980704.925055,0x43,8,000e000083d01639,normal,0
1762980704.9250653,0x58,8,0e64000083d01639,normal,0
1762980704.925075,0x6d,8,0000000083d01639,normal,0
1762980704.925085,0x1c9,8,0000000083d01639,normal,0
1762980704.966929,0x1a,8,00000000020795d0,normal,0
1762980704.9669409,0x2f,8,0bff0000020795d0,normal,0
1762980704.9669452,0x43,8,00080000020795d0,normal,0
1762980704.966949,0x58,8,0e640000020795d0,normal,0
1762980704.966952,0x6d,8,00000000020795d0,normal,0
1762980704.966956,0x1c9,8,00000000020795d0,normal,0
1762980705.0132515,0x1a,8,00000000fbb3002c,normal,0
1762980705.0132632,0x2f,8,0bff0000fbb3002c,normal,0
1762980705.0132675,0x43,8,00090000fbb3002c,normal,0
1762980705.0132713,0x58,8,0e640000fbb3002c,normal,0
1762980705.0132747,0x6d,8,00000000fbb3002c,normal,0
1762980705.0132785,0x1c9,8,00000000fbb3002c,normal,0
1762980705.0487983,0x1a,8,00000000c509a421,normal,0
1762980705.0488112,0x2f,8,0bff0000c509a421,normal,0
1762980705.0488167,0x43,8,00080000c509a421,normal,0
1762980705.0488214,0x58,8,0e640000c509a421,normal,0
1762980705.0488255,0x6d,8,00000000c509a421,normal,0
1762980705.0488307,0x1c9,8,00000000c509a421,normal,0
1762980705.0789235,0x1a,8,000000004f8d99c5,normal,0
1762980705.0789456,0x2f,8,0bff00004f8d99c5,normal,0
1762980705.0789576,0x43,8,000600004f8d99c5,normal,0
1762980705.078968,0x58,8,0e6400004f8d99c5,normal,0
1762980705.0789778,0x6d,8,000000004f8d99c5,normal,0
1762980705.078988,0x1c9,8,000000004f8d99c5,normal,0
1762980705.1114566,0x1a,8,00000000bde3aa18,normal,0
1762980705.111471,0x2f,8,0bff0000bde3aa18,normal,0
1762980705.1114755,0x43,8,00030000bde3aa18,normal,0
1762980705.111479,0x58,8,0e640000bde3aa18,normal,0
1762980705.1114824,0x6d,8,00000000bde3aa18,normal,0
1762980705.1114864,0x1c9,8,00000000bde3aa18,normal,0
1762980705.1441689,0x1a,8,00000000ec486cc3,normal,0
1762980705.1441822,0x2f,8,0bff0000ec486cc3,normal,0
1762980705.144188,0x43,8,00010000ec486cc3,normal,0
1762980705.1441922,0x58,8,0e640000ec486cc3,normal,0
1762980705.1441963,0x6d,8,00000000ec486cc3,normal,0
1762980705.144202,0x1c9,8,00000000ec486cc3,normal,0
1762980705.1808894,0x1a,8,000000000cf76bcd,normal,0
1762980705.1809015,0x2f,8,0bff00000cf76bcd,normal,0
1762980705.1809063,0x43,8,000200000cf76bcd,normal,0
1762980705.1809103,0x58,8,0e6400000cf76bcd,normal,0
1762980705.1809142,0x6d,8,000000000cf76bcd,normal,0
1762980705.1809192,0x1c9,8,000000000cf76bcd,normal,0
1762980705.219004,0x1a,8,0000000086743dab,normal,0
1762980705.219018,0x2f,8,0bff000086743dab,normal,0
1762980705.219024,0x43,8,0005000086743dab,normal,0
1762980705.2190285,0x58,8,0e64000086743dab,normal,0
1762980705.2190328,0x6d,8,0000000086743dab,normal,0
1762980705.2190392,0x1c9,8,0000000086743dab,normal,0
1762980705.2572393,0x1a,8,000000004b758342,normal,0
1762980705.257255,0x2f,8,0bff00004b758342,normal,0
1762980705.2572603,0x43,8,000700004b758342,normal,0
1762980705.2572641,0x58,8,0e6400004b758342,normal,0
1762980705.257268,0x6d,8,000000004b758342,normal,0
1762980705.2572727,0x1c9,8,000000004b758342,normal,0
1762980705.3173184,0x1a,8,00000000c39047fb,normal,0
1762980705.3173318,0x2f,8,0bff0000c39047fb,normal,0
1762980705.3173363,0x43,8,00080000c39047fb,normal,0
1762980705.3173404,0x58,8,0e640000c39047fb,normal,0
1762980705.3173435,0x6d,8,00000000c39047fb,normal,0
1762980705.317348,0x1c9,8,00000000c39047fb,normal,0
1762980705.3490365,0x1a,8,00000000d9de70d7,normal,0
1762980705.3490486,0x2f,8,0bff0000d9de70d7,normal,0
1762980705.3490527,0x43,8,00080000d9de70d7,normal,0
1762980705.3490565,0x58,8,0e640000d9de70d7,normal,0
1762980705.3490596,0x6d,8,00000000d9de70d7,normal,0
1762980705.3490636,0x1c9,8,00000000d9de70d7,normal,0
1762980705.3774006,0x1a,8,000000004a0bcc4f,normal,0
1762980705.3774123,0x2f,8,0bff00004a0bcc4f,normal,0
1762980705.3774168,0x43,8,000800004a0bcc4f,normal,0
1762980705.3774204,0x58,8,0e6400004a0bcc4f,normal,0
1762980705.377424,0x6d,8,000000004a0bcc4f,normal,0
1762980705.377428,0x1c9,8,000000004a0bcc4f,normal,0
1762980705.4063818,0x1a,8,00000000f1820342,normal,0
1762980705.406397,0x2f,8,0bff0000f1820342,normal,0
1762980705.4064019,0x43,8,00080000f1820342,normal,0
1762980705.406406,0x58,8,0e640000f1820342,normal,0
1762980705.4064095,0x6d,8,00000000f1820342,normal,0
1762980705.4064136,0x1c9,8,00000000f1820342,normal,0
1762980705.4362948,0x1a,8,00000000c9edde1a,normal,0
1762980705.4363062,0x2f,8,0bff0000c9edde1a,normal,0
1762980705.4363108,0x43,8,00070000c9edde1a,normal,0
1762980705.4363143,0x58,8,0e640000c9edde1a,normal,0
1762980705.4363177,0x6d,8,00000000c9edde1a,normal,0
1762980705.4363217,0x1c9,8,00000000c9edde1a,normal,0
1762980705.4636817,0x1a,8,00000000099e852b,normal,0
1762980705.463694,0x2f,8,0bff0000099e852b,normal,0
1762980705.4636989,0x43,8,00060000099e852b,normal,0
1762980705.4637024,0x58,8,0e640000099e852b,normal,0
1762980705.4637058,0x6d,8,00000000099e852b,normal,0
1762980705.46371,0x1c9,8,00000000099e852b,normal,0
1762980705.516242,0x1a,8,000000003f817ab7,normal,0
1762980705.5162628,0x2f,8,0bff00003f817ab7,normal,0
1762980705.5162742,0x43,8,000300003f817ab7,normal,0
1762980705.5162845,0x58,8,0e6400003f817ab7,normal,0
1762980705.516294,0x6d,8,000000003f817ab7,normal,0
1762980705.5163038,0x1c9,8,000000003f817ab7,normal,0
1762980705.5436516,0x1a,8,00000000c6b76fcc,normal,0
1762980705.5436633,0x2f,8,0bff0000c6b76fcc,normal,0
1762980705.5436676,0x43,8,00020000c6b76fcc,normal,0
1762980705.5436711,0x58,8,0e640000c6b76fcc,normal,0
1762980705.5436745,0x6d,8,00000000c6b76fcc,normal,0
1762980705.5436783,0x1c9,8,00000000c6b76fcc,normal,0
1762980705.5717473,0x1a,8,000000007c83b3bf,normal,0
1762980705.571758,0x2f,8,0bff00007c83b3bf,normal,0
1762980705.5717626,0x43,8,000100007c83b3bf,normal,0
1762980705.5717664,0x58,8,0e6400007c83b3bf,normal,0
1762980705.5717697,0x6d,8,000000007c83b3bf,normal,0
1762980705.5717735,0x1c9,8,000000007c83b3bf,normal,0
1762980705.6014955,0x1a,8,000000009380de4f,normal,0
1762980705.6015086,0x2f,8,0bff00009380de4f,normal,0
1762980705.6015146,0x43,8,000100009380de4f,normal,0
1762980705.6015186,0x58,8,0e6400009380de4f,normal,0
1762980705.6015217,0x6d,8,000000009380de4f,normal,0
1762980705.6015258,0x1c9,8,000000009380de4f,normal,0
1762980705.6297412,0x1a,8,000000009f169a7a,normal,0
1762980705.6297526,0x2f,8,0bff00009f169a7a,normal,0
1762980705.6297572,0x43,8,000200009f169a7a,normal,0
1762980705.629761,0x58,8,0e6400009f169a7a,normal,0
1762980705.6297643,0x6d,8,000000009f169a7a,normal,0
1762980705.6297684,0x1c9,8,000000009f169a7a,normal,0
1762980705.6593118,0x1a,8,00000000bc114326,normal,0
1762980705.659324,0x2f,8,0bff0000bc114326,normal,0
1762980705.6593285,0x43,8,00030000bc114326,normal,0
1762980705.6593318,0x58,8,0e640000bc114326,normal,0
1762980705.6593351,0x6d,8,00000000bc114326,normal,0
1762980705.659339,0x1c9,8,00000000bc114326,normal,0
1762980705.6916487,0x1a,8,00000000eaf45c20,normal,0
1762980705.6916635,0x2f,8,0bff0000eaf45c20,normal,0
1762980705.691668,0x43,8,00040000eaf45c20,normal,0
1762980705.6916714,0x58,8,0e640000eaf45c20,normal,0
1762980705.691675,0x6d,8,00000000eaf45c20,normal,0
1762980705.6916788,0x1c9,8,00000000eaf45c20,normal,0
1762980705.7194846,0x1a,8,00000000a9a9076f,normal,0
1762980705.7194982,0x2f,8,0bff0000a9a9076f,normal,0
1762980705.7195024,0x43,8,00040000a9a9076f,normal,0
1762980705.719506,0x58,8,0e640000a9a9076f,normal,0
1762980705.7195096,0x6d,8,00000000a9a9076f,normal,0
1762980705.7195134,0x1c9,8,00000000a9a9076f,normal,0
1762980705.7482648,0x1a,8,00000000c1ab52be,normal,0
1762980705.7482862,0x2f,8,0bff0000c1ab52be,normal,0
1762980705.7482982,0x43,8,00050000c1ab52be,normal,0
1762980705.7483084,0x58,8,0e640000c1ab52be,normal,0
1762980705.7483184,0x6d,8,00000000c1ab52be,normal,0
1762980705.7483287,0x1c9,8,00000000c1ab52be,normal,0
1762980705.774573,0x1a,8,000000000f8ccab8,normal,0
1762980705.7746017,0x2f,8,0bff00000f8ccab8,normal,0
1762980705.774606,0x43,8,000400000f8ccab8,normal,0
1762980705.7746093,0x58,8,0e6400000f8ccab8,normal,0
1762980705.7746127,0x6d,8,000000000f8ccab8,normal,0
1762980705.774617,0x1c9,8,000000000f8ccab8,normal,0
1762980705.8034806,0x1a,8,0000000032db1c76,normal,0
1762980705.8034933,0x2f,8,0bff000032db1c76,normal,0
1762980705.8034976,0x43,8,0004000032db1c76,normal,0
1762980705.8035014,0x58,8,0e64000032db1c76,normal,0
1762980705.8035047,0x6d,8,0000000032db1c76,normal,0
1762980705.803509,0x1c9,8,0000000032db1c76,normal,0
1762980705.8321455,0x1a,8,00000000c6a5dbcc,normal,0
1762980705.8321571,0x2f,8,0bff0000c6a5dbcc,normal,0
1762980705.8321617,0x43,8,00040000c6a5dbcc,normal,0
1762980705.8321652,0x58,8,0e640000c6a5dbcc,normal,0
1762980705.8321688,0x6d,8,00000000c6a5dbcc,normal,0
1762980705.832173,0x1c9,8,00000000c6a5dbcc,normal,0
1762980705.8614218,0x1a,8,0000000064f6ce37,normal,0
1762980705.8614333,0x2f,8,0bff000064f6ce37,normal,0
1762980705.8614378,0x43,8,0004000064f6ce37,normal,0
1762980705.8614414,0x58,8,0e64000064f6ce37,normal,0
1762980705.8614447,0x6d,8,0000000064f6ce37,normal,0
1762980705.8614485,0x1c9,8,0000000064f6ce37,normal,0
1762980705.8934233,0x1a,8,00000000eb9fd1b1,normal,0
1762980705.8934598,0x2f,8,0bff0000eb9fd1b1,normal,0
1762980705.8934727,0x43,8,00030000eb9fd1b1,normal,0
1762980705.8934844,0x58,8,0e640000eb9fd1b1,normal,0
1762980705.8934948,0x6d,8,00000000eb9fd1b1,normal,0
1762980705.8935058,0x1c9,8,00000000eb9fd1b1,normal,0
1762980705.930362,0x1a,8,000000009b2d5f75,normal,0
1762980705.9303863,0x2f,8,0bff00009b2d5f75,normal,0
1762980705.9303985,0x43,8,000200009b2d5f75,normal,0
1762980705.9304092,0x58,8,0e6400009b2d5f75,normal,0
1762980705.9304197,0x6d,8,000000009b2d5f75,normal,0
1762980705.9304302,0x1c9,8,000000009b2d5f75,normal,0
1762980705.9645963,0x1a,8,000000000b142ecb,normal,0
1762980705.9646108,0x2f,8,0bff00000b142ecb,normal,0
1762980705.964615,0x43,8,000100000b142ecb,normal,0
1762980705.964619,0x58,8,0e6400000b142ecb,normal,0
1762980705.9646227,0x6d,8,000000000b142ecb,normal,0
1762980705.9646268,0x1c9,8,000000000b142ecb,normal,0
1762980706.0037575,0x1a,8,000000000454e4c8,normal,0
1762980706.0037801,0x2f,8,0bff00000454e4c8,normal,0
1762980706.003791,0x43,8,000100000454e4c8,normal,0
1762980706.0038009,0x58,8,0e6400000454e4c8,normal,0
1762980706.0038104,0x6d,8,000000000454e4c8,normal,0
1762980706.0038207,0x1c9,8,000000000454e4c8,normal,0
1762980706.0385604,0x1a,8,00000000334fd86e,normal,0
1762980706.0385733,0x2f,8,0bff0000334fd86e,normal,0
1762980706.0385773,0x43,8,00020000334fd86e,normal,0
1762980706.0385807,0x58,8,0e640000334fd86e,normal,0
1762980706.038584,0x6d,8,00000000334fd86e,normal,0
1762980706.0385878,0x1c9,8,00000000334fd86e,normal,0
1762980706.082388,0x1a,8,00000000afabf76b,normal,0
1762980706.082399,0x2f,8,0bff0000afabf76b,normal,0
1762980706.0824032,0x43,8,00020000afabf76b,normal,0
1762980706.0824065,0x58,8,0e640000afabf76b,normal,0
1762980706.0824099,0x6d,8,00000000afabf76b,normal,0
1762980706.0824137,0x1c9,8,00000000afabf76b,normal,0
1762980706.1163518,0x1a,8,000000002bcdf11a,normal,0
1762980706.1163628,0x2f,8,0bff00002bcdf11a,normal,0
1762980706.1163666,0x43,8,000300002bcdf11a,normal,0
1762980706.11637,0x58,8,0e6400002bcdf11a,normal,0
1762980706.116373,0x6d,8,000000002bcdf11a,normal,0
1762980706.1163769,0x1c9,8,000000002bcdf11a,normal,0
1762980706.1477447,0x1a,8,000000005c210a6c,normal,0
1762980706.1477573,0x2f,8,0bff00005c210a6c,normal,0
1762980706.1477618,0x43,8,000300005c210a6c,normal,0
1762980706.1477652,0x58,8,0e6400005c210a6c,normal,0
1762980706.1477687,0x6d,8,000000005c210a6c,normal,0
1762980706.147773,0x1c9,8,000000005c210a6c,normal,0
1762980706.1746614,0x1a,8,00000000290ea925,normal,0
1762980706.1746738,0x2f,8,0bff0000290ea925,normal,0
1762980706.174678,0x43,8,00030000290ea925,normal,0
1762980706.1746821,0x58,8,0e640000290ea925,normal,0
1762980706.1746857,0x6d,8,00000000290ea925,normal,0
1762980706.1746898,0x1c9,8,00000000290ea925,normal,0
1762980706.2029796,0x1a,8,000000008621bfdf,normal,0
1762980706.2029915,0x2f,8,0bff00008621bfdf,normal,0
1762980706.2029958,0x43,8,000300008621bfdf,normal,0
1762980706.2029996,0x58,8,0e6400008621bfdf,normal,0
1762980706.2030032,0x6d,8,000000008621bfdf,normal,0
1762980706.2030072,0x1c9,8,000000008621bfdf,normal,0
1762980706.2314765,0x1a,8,00000000d8e8251a,normal,0
1762980706.2314873,0x2f,8,0bff0000d8e8251a,normal,0
1762980706.2314918,0x43,8,00030000d8e8251a,normal,0
1762980706.231496,0x58,8,0e640000d8e8251a,normal,0
1762980706.2314994,0x6d,8,00000000d8e8251a,normal,0
1762980706.231504,0x1c9,8,00000000d8e8251a,normal,0
1762980706.2595081,0x1a,8,00000000488caa19,normal,0
1762980706.2595196,0x2f,8,0bff0000488caa19,normal,0
1762980706.259524,0x43,8,00030000488caa19,normal,0
1762980706.2595274,0x58,8,0e640000488caa19,normal,0
1762980706.2595308,0x6d,8,00000000488caa19,normal,0
1762980706.2595348,0x1c9,8,00000000488caa19,normal,0
1762980706.2890842,0x1a,8,000000006dcfa78f,normal,0
1762980706.2891061,0x2f,8,0bff00006dcfa78f,normal,0
1762980706.2891164,0x43,8,000300006dcfa78f,normal,0
1762980706.2891257,0x58,8,0e6400006dcfa78f,normal,0
1762980706.2891343,0x6d,8,000000006dcfa78f,normal,0
1762980706.2891436,0x1c9,8,000000006dcfa78f,normal,0
1762980706.318247,0x1a,8,00000000112dd3e8,normal,0
1762980706.3182592,0x2f,8,0bff0000112dd3e8,normal,0
1762980706.3182638,0x43,8,00020000112dd3e8,normal,0
1762980706.3182673,0x58,8,0e640000112dd3e8,normal,0
1762980706.318271,0x6d,8,00000000112dd3e8,normal,0
1762980706.3182752,0x1c9,8,00000000112dd3e8,normal,0
1762980706.3787158,0x1a,8,0000000027a95b29,normal,0
1762980706.3787282,0x2f,8,0bff000027a95b29,normal,0
1762980706.3787327,0x43,8,0001000027a95b29,normal,0
1762980706.378736,0x58,8,0e64000027a95b29,normal,0
1762980706.3787396,0x6d,8,0000000027a95b29,normal,0
1762980706.378744,0x1c9,8,0000000027a95b29,normal,0
1762980706.4099429,0x1a,8,00000000cfe367b4,normal,0
1762980706.4099736,0x2f,8,0bff0000cfe367b4,normal,0
1762980706.409985,0x43,8,00010000cfe367b4,normal,0
1762980706.4099953,0x58,8,0e640000cfe367b4,normal,0
1762980706.4100046,0x6d,8,00000000cfe367b4,normal,0
1762980706.4100142,0x1c9,8,00000000cfe367b4,normal,0
1762980706.4414563,0x1a,8,000000002873b678,normal,0
1762980706.4414704,0x2f,8,0bff00002873b678,normal,0
1762980706.4414763,0x43,8,000100002873b678,normal,0
1762980706.441481,0x58,8,0e6400002873b678,normal,0
1762980706.4414852,0x6d,8,000000002873b678,normal,0
1762980706.4414911,0x1c9,8,000000002873b678,normal,0
1762980706.4707718,0x1a,8,00000000fb9aa542,normal,0
1762980706.4707878,0x2f,8,0bff0000fb9aa542,normal,0
1762980706.4707947,0x43,8,00010000fb9aa542,normal,0
1762980706.4708004,0x58,8,0e640000fb9aa542,normal,0
1762980706.4708061,0x6d,8,00000000fb9aa542,normal,0
1762980706.4708133,0x1c9,8,00000000fb9aa542,normal,0
1762980706.5007987,0x1a,8,000000004ecb9f13,normal,0
1762980706.5008109,0x2f,8,0bff00004ecb9f13,normal,0
1762980706.5008154,0x43,8,000100004ecb9f13,normal,0
1762980706.500819,0x58,8,0e6400004ecb9f13,normal,0
1762980706.5008225,0x6d,8,000000004ecb9f13,normal,0
1762980706.5008264,0x1c9,8,000000004ecb9f13,normal,0
1762980706.5316026,0x1a,8,000000002572d433,normal,0
1762980706.531635,0x2f,8,0bff00002572d433,normal,0
1762980706.5316453,0x43,8,000100002572d433,normal,0
1762980706.5316546,0x58,8,0e6400002572d433,normal,0
1762980706.5316634,0x6d,8,000000002572d433,normal,0
1762980706.5316722,0x1c9,8,000000002572d433,normal,0
1762980706.5842214,0x1a,8,00000000559d59f9,normal,0
1762980706.5842378,0x2f,8,0bff0000559d59f9,normal,0
1762980706.5842423,0x43,8,00020000559d59f9,normal,0
1762980706.584246,0x58,8,0e640000559d59f9,normal,0
1762980706.5842493,0x6d,8,00000000559d59f9,normal,0
1762980706.5842535,0x1c9,8,00000000559d59f9,normal,0
1762980706.6132197,0x1a,8,0000000057ad1277,normal,0
1762980706.6132662,0x2f,8,0bff000057ad1277,normal,0
1762980706.6132782,0x43,8,0002000057ad1277,normal,0
1762980706.6132886,0x58,8,0e64000057ad1277,normal,0
1762980706.6132987,0x6d,8,0000000057ad1277,normal,0
1762980706.6133091,0x1c9,8,0000000057ad1277,normal,0
1762980706.640971,0x1a,8,00000000dec723d0,normal,0
1762980706.6409824,0x2f,8,0bff0000dec723d0,normal,0
1762980706.6409874,0x43,8,00020000dec723d0,normal,0
1762980706.6409912,0x58,8,0e640000dec723d0,normal,0
1762980706.6409948,0x6d,8,00000000dec723d0,normal,0
1762980706.640999,0x1c9,8,00000000dec723d0,normal,0
1762980706.6694465,0x1a,8,0000000005b23f19,normal,0
1762980706.669458,0x2f,8,0bff000005b23f19,normal,0
1762980706.6694624,0x43,8,0002000005b23f19,normal,0
1762980706.6694658,0x58,8,0e64000005b23f19,normal,0
1762980706.669469,0x6d,8,0000000005b23f19,normal,0
1762980706.6694732,0x1c9,8,0000000005b23f19,normal,0
1762980706.7012475,0x1a,8,000000007dbbfd6d,normal,0
1762980706.7012594,0x2f,8,0bff00007dbbfd6d,normal,0
1762980706.7012637,0x43,8,000100007dbbfd6d,normal,0
1762980706.7012675,0x58,8,0e6400007dbbfd6d,normal,0
1762980706.701271,0x6d,8,000000007dbbfd6d,normal,0
1762980706.701275,0x1c9,8,000000007dbbfd6d,normal,0
1762980706.7326066,0x1a,8,000000000f35163b,normal,0
1762980706.732624,0x2f,8,0bff00000f35163b,normal,0
1762980706.7326283,0x43,8,000100000f35163b,normal,0
1762980706.7326317,0x58,8,0e6400000f35163b,normal,0
1762980706.732635,0x6d,8,000000000f35163b,normal,0
1762980706.7326388,0x1c9,8,000000000f35163b,normal,0
1762980706.7630782,0x1a,8,0000000060e70449,normal,0
1762980706.7630916,0x2f,8,0bff000060e70449,normal,0
1762980706.763096,0x43,8,0001000060e70449,normal,0
1762980706.7630997,0x58,8,0e64000060e70449,normal,0
1762980706.7631032,0x6d,8,0000000060e70449,normal,0
1762980706.763107,0x1c9,8,0000000060e70449,normal,0
1762980706.798717,0x1a,8,000000004e2d6f69,normal,0
1762980706.7987387,0x2f,8,0bff00004e2d6f69,normal,0
1762980706.7987506,0x43,8,000100004e2d6f69,normal,0
1762980706.798761,0x58,8,0e6400004e2d6f69,normal,0
1762980706.7987707,0x6d,8,000000004e2d6f69,normal,0
1762980706.798781,0x1c9,8,000000004e2d6f69,normal,0
1762980706.8270583,0x1a,8,00000000750e1fb6,normal,0
1762980706.827079,0x2f,8,0bff0000750e1fb6,normal,0
1762980706.827091,0x43,8,00010000750e1fb6,normal,0
1762980706.827102,0x58,8,0e640000750e1fb6,normal,0
1762980706.8271117,0x6d,8,00000000750e1fb6,normal,0
1762980706.8271222,0x1c9,8,00000000750e1fb6,normal,0
1762980706.8542824,0x1a,8,00000000f3439201,normal,0
1762980706.8542953,0x2f,8,0bff0000f3439201,normal,0
1762980706.8542998,0x43,8,00010000f3439201,normal,0
1762980706.8543036,0x58,8,0e640000f3439201,normal,0
1762980706.854307,0x6d,8,00000000f3439201,normal,0
1762980706.854311,0x1c9,8,00000000f3439201,normal,0
1762980706.8831735,0x1a,8,0000000037797b2e,normal,0
1762980706.8831844,0x2f,8,0bff000037797b2e,normal,0
1762980706.883189,0x43,8,0001000037797b2e,normal,0
1762980706.8831923,0x58,8,0e64000037797b2e,normal,0
1762980706.8831956,0x6d,8,0000000037797b2e,normal,0
1762980706.8832,0x1c9,8,0000000037797b2e,normal,0
1762980706.909845,0x1a,8,000000002c10ec48,normal,0
1762980706.9098592,0x2f,8,0bff00002c10ec48,normal,0
1762980706.9098668,0x43,8,000100002c10ec48,normal,0
1762980706.9098704,0x58,8,0e6400002c10ec48,normal,0
1762980706.9098735,0x6d,8,000000002c10ec48,normal,0
1762980706.9098778,0x1c9,8,000000002c10ec48,normal,0
1762980706.938823,0x1a,8,000000007e1253c8,normal,0
1762980706.9388359,0x2f,8,0bff00007e1253c8,normal,0
1762980706.9388404,0x43,8,000100007e1253c8,normal,0
1762980706.938844,0x58,8,0e6400007e1253c8,normal,0
1762980706.9388473,0x6d,8,000000007e1253c8,normal,0
1762980706.9388514,0x1c9,8,000000007e1253c8,normal,0
1762980706.9660993,0x1a,8,0000000014e25dc8,normal,0
1762980706.9661114,0x2f,8,0bff000014e25dc8,normal,0
1762980706.966116,0x43,8,0001000014e25dc8,normal,0
1762980706.9661193,0x58,8,0e64000014e25dc8,normal,0
1762980706.9661224,0x6d,8,0000000014e25dc8,normal,0
1762980706.9661262,0x1c9,8,0000000014e25dc8,normal,0
1762980706.9939532,0x1a,8,00000000a0cf10ad,normal,0
1762980706.9939673,0x2f,8,0bff0000a0cf10ad,normal,0
1762980706.993973,0x43,8,00010000a0cf10ad,normal,0
1762980706.9939775,0x58,8,0e640000a0cf10ad,normal,0
1762980706.993982,0x6d,8,00000000a0cf10ad,normal,0
1762980706.9939873,0x1c9,8,00000000a0cf10ad,normal,0
1762980707.0234752,0x1a,8,00000000be27225c,normal,0
1762980707.0234885,0x2f,8,0bff0000be27225c,normal,0
1762980707.023493,0x43,8,00020000be27225c,normal,0
1762980707.0234966,0x58,8,0e640000be27225c,normal,0
1762980707.0235002,0x6d,8,00000000be27225c,normal,0
1762980707.0235045,0x1c9,8,00000000be27225c,normal,0
1762980707.052341,0x1a,8,000000004b666f91,normal,0
1762980707.052353,0x2f,8,0bff00004b666f91,normal,0
1762980707.052357,0x43,8,000100004b666f91,normal,0
1762980707.0523605,0x58,8,0e6400004b666f91,normal,0
1762980707.0523636,0x6d,8,000000004b666f91,normal,0
1762980707.0523677,0x1c9,8,000000004b666f91,normal,0
1762980707.0790784,0x1a,8,0000000032d187d0,normal,0
1762980707.0790906,0x2f,8,0bff000032d187d0,normal,0
1762980707.0790954,0x43,8,0001000032d187d0,normal,0
1762980707.0790992,0x58,8,0e64000032d187d0,normal,0
1762980707.0791028,0x6d,8,0000000032d187d0,normal,0
1762980707.0791068,0x1c9,8,0000000032d187d0,normal,0
1762980707.1075716,0x1a,8,00000000544e4ea7,normal,0
1762980707.1075966,0x2f,8,0bff0000544e4ea7,normal,0
1762980707.107601,0x43,8,00010000544e4ea7,normal,0
1762980707.1076045,0x58,8,0e640000544e4ea7,normal,0
1762980707.1076076,0x6d,8,00000000544e4ea7,normal,0
1762980707.1076117,0x1c9,8,00000000544e4ea7,normal,0
1762980707.139488,0x1a,8,00000000e5dbcabd,normal,0
1762980707.1395128,0x2f,8,0bff0000e5dbcabd,normal,0
1762980707.1395247,0x43,8,00010000e5dbcabd,normal,0
1762980707.139535,0x58,8,0e640000e5dbcabd,normal,0
1762980707.139545,0x6d,8,00000000e5dbcabd,normal,0
1762980707.1395547,0x1c9,8,00000000e5dbcabd,normal,0
1762980707.2003434,0x1a,8,00000000fd85d3e8,normal,0
1762980707.2003603,0x2f,8,0bff0000fd85d3e8,normal,0
1762980707.2003658,0x43,8,00000000fd85d3e8,normal,0
1762980707.2003703,0x58,8,0e640000fd85d3e8,normal,0
1762980707.200375,0x6d,8,00000000fd85d3e8,normal,0
1762980707.20038,0x1c9,8,00000000fd85d3e8,normal,0
1762980707.232148,0x1a,8,0000000003175994,normal,0
1762980707.232163,0x2f,8,0bff000003175994,normal,0
1762980707.2321696,0x43,8,0000000003175994,normal,0
1762980707.2321732,0x58,8,0e64000003175994,normal,0
1762980707.2321768,0x6d,8,0000000003175994,normal,0
1762980707.2321813,0x1c9,8,0000000003175994,normal,0
1762980707.2621858,0x1a,8,000000002f9d4c13,normal,0
1762980707.2621982,0x2f,8,0bff00002f9d4c13,normal,0
1762980707.2622025,0x43,8,000000002f9d4c13,normal,0
1762980707.262206,0x58,8,0e6400002f9d4c13,normal,0
1762980707.2622094,0x6d,8,000000002f9d4c13,normal,0
1762980707.2622132,0x1c9,8,000000002f9d4c13,normal,0
1762980707.2913575,0x1a,8,00000000a0ae72d6,normal,0
1762980707.29137,0x2f,8,0bff0000a0ae72d6,normal,0
1762980707.291374,0x43,8,00000000a0ae72d6,normal,0
1762980707.2913778,0x58,8,0e640000a0ae72d6,normal,0
1762980707.291381,0x6d,8,00000000a0ae72d6,normal,0
1762980707.2913847,0x1c9,8,00000000a0ae72d6,normal,0
1762980707.3262966,0x1a,8,00000000c1164cc8,normal,0
1762980707.3263085,0x2f,8,0bff0000c1164cc8,normal,0
1762980707.326313,0x43,8,00000000c1164cc8,normal,0
1762980707.326317,0x58,8,0e640000c1164cc8,normal,0
1762980707.3263206,0x6d,8,00000000c1164cc8,normal,0
1762980707.3263252,0x1c9,8,00000000c1164cc8,normal,0
1762980707.3597443,0x1a,8,00000000bbeca4e0,normal,0
1762980707.3597567,0x2f,8,0bff0000bbeca4e0,normal,0
1762980707.3597608,0x43,8,00000000bbeca4e0,normal,0
1762980707.3597646,0x58,8,0e640000bbeca4e0,normal,0
1762980707.3597677,0x6d,8,00000000bbeca4e0,normal,0
1762980707.3597717,0x1c9,8,00000000bbeca4e0,normal,0
1762980707.3969014,0x1a,8,00000000bbf98469,normal,0
1762980707.396927,0x2f,8,0bff0000bbf98469,normal,0
1762980707.3969326,0x43,8,00010000bbf98469,normal,0
1762980707.3969364,0x58,8,0e640000bbf98469,normal,0
1762980707.3969398,0x6d,8,00000000bbf98469,normal,0
1762980707.3969436,0x1c9,8,00000000bbf98469,normal,0
1762980707.4300094,0x1a,8,00000000397ff2b6,normal,0
1762980707.4300227,0x2f,8,0bff0000397ff2b6,normal,0
1762980707.4300282,0x43,8,00010000397ff2b6,normal,0
1762980707.430033,0x58,8,0e640000397ff2b6,normal,0
1762980707.4300375,0x6d,8,00000000397ff2b6,normal,0
1762980707.430043,0x1c9,8,00000000397ff2b6,normal,0
1762980707.4654133,0x1a,8,00000000e3a6423c,normal,0
1762980707.465444,0x2f,8,0bff0000e3a6423c,normal,0
1762980707.4654484,0x43,8,00010000e3a6423c,normal,0
1762980707.4654515,0x58,8,0e640000e3a6423c,normal,0
1762980707.4654548,0x6d,8,00000000e3a6423c,normal,0
1762980707.465459,0x1c9,8,00000000e3a6423c,normal,0
1762980707.4954696,0x1a,8,000000005ffa5ef0,normal,0
1762980707.4954813,0x2f,8,0bff00005ffa5ef0,normal,0
1762980707.4954855,0x43,8,000000005ffa5ef0,normal,0
1762980707.4954891,0x58,8,0e6400005ffa5ef0,normal,0
1762980707.4954927,0x6d,8,000000005ffa5ef0,normal,0
1762980707.4954967,0x1c9,8,000000005ffa5ef0,normal,0
1762980707.536682,0x1a,8,000000006c09e4ea,normal,0
1762980707.5366933,0x2f,8,0bff00006c09e4ea,normal,0
1762980707.5366979,0x43,8,000000006c09e4ea,normal,0
1762980707.5367012,0x58,8,0e6400006c09e4ea,normal,0
1762980707.5367048,0x6d,8,000000006c09e4ea,normal,0
1762980707.536709,0x1c9,8,000000006c09e4ea,normal,0
1762980707.5713818,0x1a,8,000000005fb28721,normal,0
1762980707.5713975,0x2f,8,0bff00005fb28721,normal,0
1762980707.5714037,0x43,8,000000005fb28721,normal,0
1762980707.571408,0x58,8,0e6400005fb28721,normal,0
1762980707.571412,0x6d,8,000000005fb28721,normal,0
1762980707.5714178,0x1c9,8,000000005fb28721,normal,0
1762980707.6010926,0x1a,8,00000000c48c6c00,normal,0
1762980707.601108,0x2f,8,0bff0000c48c6c00,normal,0
1762980707.601115,0x43,8,00000000c48c6c00,normal,0
1762980707.601121,0x58,8,0e640000c48c6c00,normal,0
1762980707.601127,0x6d,8,00000000c48c6c00,normal,0
1762980707.6011345,0x1c9,8,00000000c48c6c00,normal,0
1762980707.6326134,0x1a,8,00000000e031bd27,normal,0
1762980707.6326282,0x2f,8,0bff0000e031bd27,normal,0
1762980707.632635,0x43,8,00000000e031bd27,normal,0
1762980707.6326396,0x58,8,0e640000e031bd27,normal,0
1762980707.6326442,0x6d,8,00000000e031bd27,normal,0
1762980707.63265,0x1c9,8,00000000e031bd27,normal,0
1762980707.6633003,0x1a,8,00000000a28b92ac,normal,0
1762980707.663315,0x2f,8,0bff0000a28b92ac,normal,0
1762980707.6633213,0x43,8,00000000a28b92ac,normal,0
1762980707.6633255,0x58,8,0e640000a28b92ac,normal,0
1762980707.6633298,0x6d,8,00000000a28b92ac,normal,0
1762980707.6633353,0x1c9,8,00000000a28b92ac,normal,0
1762980707.6937325,0x1a,8,000000006b36298d,normal,0
1762980707.693745,0x2f,8,0bff00006b36298d,normal,0
1762980707.6937497,0x43,8,000000006b36298d,normal,0
1762980707.6937537,0x58,8,0e6400006b36298d,normal,0
1762980707.6937573,0x6d,8,000000006b36298d,normal,0
1762980707.6937618,0x1c9,8,000000006b36298d,normal,0
1762980707.7234654,0x1a,8,000000000a19ccca,normal,0
1762980707.7234764,0x2f,8,0bff00000a19ccca,normal,0
1762980707.7234805,0x43,8,000000000a19ccca,normal,0
1762980707.7234843,0x58,8,0e6400000a19ccca,normal,0
1762980707.7234874,0x6d,8,000000000a19ccca,normal,0
1762980707.7234912,0x1c9,8,000000000a19ccca,normal,0
1762980707.7515402,0x1a,8,000000002891eba5,normal,0
1762980707.751551,0x2f,8,0bff00002891eba5,normal,0
1762980707.7515552,0x43,8,000000002891eba5,normal,0
1762980707.7515583,0x58,8,0e6400002891eba5,normal,0
1762980707.7515616,0x6d,8,000000002891eba5,normal,0
1762980707.7515655,0x1c9,8,000000002891eba5,normal,0
1762980707.7815106,0x1a,8,00000000b7149daa,normal,0
1762980707.781522,0x2f,8,0bff0000b7149daa,normal,0
1762980707.7815268,0x43,8,00010000b7149daa,normal,0
1762980707.7815306,0x58,8,0e640000b7149daa,normal,0
1762980707.781534,0x6d,8,00000000b7149daa,normal,0
1762980707.7815385,0x1c9,8,00000000b7149daa,normal,0
1762980707.809521,0x1a,8,000000007c7883b7,normal,0
1762980707.8095322,0x2f,8,0bff00007c7883b7,normal,0
1762980707.809537,0x43,8,000000007c7883b7,normal,0
1762980707.8095405,0x58,8,0e6400007c7883b7,normal,0
1762980707.8095438,0x6d,8,000000007c7883b7,normal,0
1762980707.809548,0x1c9,8,000000007c7883b7,normal,0
1762980707.838393,0x1a,8,000000006d71e7ae,normal,0
1762980707.8384063,0x2f,8,0bff00006d71e7ae,normal,0
1762980707.8384106,0x43,8,000100006d71e7ae,normal,0
1762980707.8384142,0x58,8,0e6400006d71e7ae,normal,0
1762980707.8384173,0x6d,8,000000006d71e7ae,normal,0
1762980707.838421,0x1c9,8,000000006d71e7ae,normal,0
1762980707.865833,0x1a,8,0000000049cde925,normal,0
1762980707.8658457,0x2f,8,0bff000049cde925,normal,0
1762980707.86585,0x43,8,0000000049cde925,normal,0
1762980707.8658538,0x58,8,0e64000049cde925,normal,0
1762980707.8658576,0x6d,8,0000000049cde925,normal,0
1762980707.8658645,0x1c9,8,0000000049cde925,normal,0
1762980707.8977585,0x1a,8,000000003bd6d6b7,normal,0
1762980707.8977797,0x2f,8,0bff00003bd6d6b7,normal,0
1762980707.8977914,0x43,8,000000003bd6d6b7,normal,0
1762980707.8978019,0x58,8,0e6400003bd6d6b7,normal,0
1762980707.8978117,0x6d,8,000000003bd6d6b7,normal,0
1762980707.8978217,0x1c9,8,000000003bd6d6b7,normal,0
1762980707.927304,0x1a,8,000000001850fcf4,normal,0
1762980707.927403,0x2f,8,0bff00001850fcf4,normal,0
1762980707.9274075,0x43,8,000000001850fcf4,normal,0
1762980707.9274113,0x58,8,0e6400001850fcf4,normal,0
1762980707.927415,0x6d,8,000000001850fcf4,normal,0
1762980707.9274192,0x1c9,8,000000001850fcf4,normal,0
1762980707.9824643,0x1a,8,00000000f69e0ae1,normal,0
1762980707.9824755,0x2f,8,0bff0000f69e0ae1,normal,0
1762980707.9824803,0x43,8,00000000f69e0ae1,normal,0
1762980707.9824839,0x58,8,0e640000f69e0ae1,normal,0
1762980707.9824872,0x6d,8,00000000f69e0ae1,normal,0
1762980707.9824917,0x1c9,8,00000000f69e0ae1,normal,0
1762980708.0120132,0x1a,8,00000000b416109b,normal,0
1762980708.0120265,0x2f,8,0bff0000b416109b,normal,0
1762980708.0120316,0x43,8,00000000b416109b,normal,0
1762980708.0120354,0x58,8,0e640000b416109b,normal,0
1762980708.0120387,0x6d,8,00000000b416109b,normal,0
1762980708.012043,0x1c9,8,00000000b416109b,normal,0
1762980708.0421052,0x1a,8,00000000913d0ac6,normal,0
1762980708.0421183,0x2f,8,0bff0000913d0ac6,normal,0
1762980708.0421238,0x43,8,00010000913d0ac6,normal,0
1762980708.042128,0x58,8,0e640000913d0ac6,normal,0
1762980708.042132,0x6d,8,00000000913d0ac6,normal,0
1762980708.0421371,0x1c9,8,00000000913d0ac6,normal,0
1762980708.0692263,0x1a,8,0000000004125124,normal,0
1762980708.0692403,0x2f,8,0bff000004125124,normal,0
1762980708.0692453,0x43,8,0000000004125124,normal,0
1762980708.06925,0x58,8,0e64000004125124,normal,0
1762980708.0692542,0x6d,8,0000000004125124,normal,0
1762980708.0692594,0x1c9,8,0000000004125124,normal,0
1762980708.1247692,0x1a,8,00000000d43a7a1b,normal,0
1762980708.1247897,0x2f,8,0bff0000d43a7a1b,normal,0
1762980708.1248002,0x43,8,00010000d43a7a1b,normal,0
1762980708.12481,0x58,8,0e640000d43a7a1b,normal,0
1762980708.1248193,0x6d,8,00000000d43a7a1b,normal,0
1762980708.1248286,0x1c9,8,00000000d43a7a1b,normal,0
1762980708.152743,0x1a,8,00000000e009bb07,normal,0
1762980708.1527596,0x2f,8,0bff0000e009bb07,normal,0
1762980708.152765,0x43,8,00000000e009bb07,normal,0
1762980708.1527698,0x58,8,0e640000e009bb07,normal,0
1762980708.1527743,0x6d,8,00000000e009bb07,normal,0
1762980708.1527793,0x1c9,8,00000000e009bb07,normal,0
1762980708.1806908,0x1a,8,00000000c743b7aa,normal,0
1762980708.180703,0x2f,8,0bff0000c743b7aa,normal,0
1762980708.1807075,0x43,8,00010000c743b7aa,normal,0
1762980708.1807108,0x58,8,0e640000c743b7aa,normal,0
1762980708.1807141,0x6d,8,00000000c743b7aa,normal,0
1762980708.1807208,0x1c9,8,00000000c743b7aa,normal,0
1762980708.2078261,0x1a,8,000000007fe15d49,normal,0
1762980708.2078397,0x2f,8,0bff00007fe15d49,normal,0
1762980708.2078454,0x43,8,000000007fe15d49,normal,0
1762980708.20785,0x58,8,0e6400007fe15d49,normal,0
1762980708.2078543,0x6d,8,000000007fe15d49,normal,0
1762980708.2078598,0x1c9,8,000000007fe15d49,normal,0
1762980708.2412431,0x1a,8,00000000a0a0c4a8,normal,0
1762980708.241255,0x2f,8,0bff0000a0a0c4a8,normal,0
1762980708.2412598,0x43,8,00000000a0a0c4a8,normal,0
1762980708.2412636,0x58,8,0e640000a0a0c4a8,normal,0
1762980708.2412672,0x6d,8,00000000a0a0c4a8,normal,0
1762980708.2412715,0x1c9,8,00000000a0a0c4a8,normal,0
1762980708.2701483,0x1a,8,000000004b166c90,normal,0
1762980708.2701702,0x2f,8,0bff00004b166c90,normal,0
1762980708.2701817,0x43,8,000000004b166c90,normal,0
1762980708.2701921,0x58,8,0e6400004b166c90,normal,0
1762980708.270202,0x6d,8,000000004b166c90,normal,0
1762980708.2702124,0x1c9,8,000000004b166c90,normal,0
1762980708.29747,0x1a,8,000000001d2af702,normal,0
1762980708.2974849,0x2f,8,0bff00001d2af702,normal,0
1762980708.2974892,0x43,8,000100001d2af702,normal,0
1762980708.2974925,0x58,8,0e6400001d2af702,normal,0
1762980708.2974958,0x6d,8,000000001d2af702,normal,0
1762980708.2974997,0x1c9,8,000000001d2af702,normal,0
1762980708.3511612,0x1a,8,00000000b8f475ec,normal,0
1762980708.3511765,0x2f,8,0bff0000b8f475ec,normal,0
1762980708.351181,0x43,8,00000000b8f475ec,normal,0
1762980708.3511844,0x58,8,0e640000b8f475ec,normal,0
1762980708.351188,0x6d,8,00000000b8f475ec,normal,0
1762980708.351192,0x1c9,8,00000000b8f475ec,normal,0
1762980708.3812597,0x1a,8,00000000c1b260ea,normal,0
1762980708.3813024,0x2f,8,0bff0000c1b260ea,normal,0
1762980708.381307,0x43,8,00000000c1b260ea,normal,0
1762980708.3813102,0x58,8,0e640000c1b260ea,normal,0
1762980708.3813133,0x6d,8,00000000c1b260ea,normal,0
1762980708.3813179,0x1c9,8,00000000c1b260ea,normal,0
1762980708.443466,0x1a,8,000000001f1edc18,normal,0
1762980708.4434774,0x2f,8,0bff00001f1edc18,normal,0
1762980708.443482,0x43,8,000000001f1edc18,normal,0
1762980708.4434855,0x58,8,0e6400001f1edc18,normal,0
1762980708.443489,0x6d,8,000000001f1edc18,normal,0
1762980708.4434931,0x1c9,8,000000001f1edc18,normal,0
1762980708.4809926,0x1a,8,000000008ca53df0,normal,0
1762980708.4810054,0x2f,8,0bff00008ca53df0,normal,0
1762980708.4810095,0x43,8,000000008ca53df0,normal,0
1762980708.481013,0x58,8,0e6400008ca53df0,normal,0
1762980708.4810162,0x6d,8,000000008ca53df0,normal,0
1762980708.4810207,0x1c9,8,000000008ca53df0,normal,0
1762980708.516595,0x1a,8,0000000067d3bb59,normal,0
1762980708.516606,0x2f,8,0bff000067d3bb59,normal,0
1762980708.5166106,0x43,8,0000000067d3bb59,normal,0
1762980708.5166142,0x58,8,0e64000067d3bb59,normal,0
1762980708.516618,0x6d,8,0000000067d3bb59,normal,0
1762980708.516622,0x1c9,8,0000000067d3bb59,normal,0
1762980708.5550094,0x1a,8,00000000854791b2,normal,0
1762980708.555034,0x2f,8,0bff0000854791b2,normal,0
1762980708.5550466,0x43,8,00000000854791b2,normal,0
1762980708.5550578,0x58,8,0e640000854791b2,normal,0
1762980708.5550687,0x6d,8,00000000854791b2,normal,0
1762980708.5550797,0x1c9,8,00000000854791b2,normal,0
1762980708.5891988,0x1a,8,00000000db896896,normal,0
1762980708.5892117,0x2f,8,0bff0000db896896,normal,0
1762980708.5892162,0x43,8,00000000db896896,normal,0
1762980708.5892196,0x58,8,0e640000db896896,normal,0
1762980708.589223,0x6d,8,00000000db896896,normal,0
1762980708.5892267,0x1c9,8,00000000db896896,normal,0
1762980708.6367238,0x1a,8,00000000ebb53d32,normal,0
1762980708.6367338,0x2f,8,0bff0000ebb53d32,normal,0
1762980708.636738,0x43,8,00000000ebb53d32,normal,0
1762980708.6367414,0x58,8,0e640000ebb53d32,normal,0
1762980708.6367445,0x6d,8,00000000ebb53d32,normal,0
1762980708.6367486,0x1c9,8,00000000ebb53d32,normal,0
1762980708.674302,0x1a,8,000000004ec7802b,normal,0
1762980708.6743226,0x2f,8,0bff00004ec7802b,normal,0
1762980708.674334,0x43,8,000000004ec7802b,normal,0
1762980708.6743443,0x58,8,0e6400004ec7802b,normal,0
1762980708.674354,0x6d,8,000000004ec7802b,normal,0
1762980708.6743646,0x1c9,8,000000004ec7802b,normal,0
1762980708.7091238,0x1a,8,0000000053341394,normal,0
1762980708.7091444,0x2f,8,0bff000053341394,normal,0
1762980708.7091558,0x43,8,0000000053341394,normal,0
1762980708.7091663,0x58,8,0e64000053341394,normal,0
1762980708.709176,0x6d,8,0000000053341394,normal,0
1762980708.7091863,0x1c9,8,0000000053341394,normal,0
1762980708.7432272,0x1a,8,0000000074036524,normal,0
1762980708.743239,0x2f,8,0bff000074036524,normal,0
1762980708.7432432,0x43,8,0000000074036524,normal,0
1762980708.7432468,0x58,8,0e64000074036524,normal,0
1762980708.74325,0x6d,8,0000000074036524,normal,0
1762980708.743254,0x1c9,8,0000000074036524,normal,0
1762980708.772832,0x1a,8,00000000a92a6282,normal,0
1762980708.7728457,0x2f,8,0bff0000a92a6282,normal,0
1762980708.7728515,0x43,8,00000000a92a6282,normal,0
1762980708.772857,0x58,8,0e640000a92a6282,normal,0
1762980708.7728605,0x6d,8,00000000a92a6282,normal,0
1762980708.7728682,0x1c9,8,00000000a92a6282,normal,0
1762980708.8052816,0x1a,8,000000002b58ee8e,normal,0
1762980708.8052936,0x2f,8,0bff00002b58ee8e,normal,0
1762980708.8052983,0x43,8,000000002b58ee8e,normal,0
1762980708.8053017,0x58,8,0e6400002b58ee8e,normal,0
1762980708.805305,0x6d,8,000000002b58ee8e,normal,0
1762980708.805309,0x1c9,8,000000002b58ee8e,normal,0
1762980708.8386986,0x1a,8,000000000ac29206,normal,0
1762980708.8387103,0x2f,8,0bff00000ac29206,normal,0
1762980708.838715,0x43,8,000000000ac29206,normal,0
1762980708.838719,0x58,8,0e6400000ac29206,normal,0
1762980708.8387222,0x6d,8,000000000ac29206,normal,0
1762980708.838726,0x1c9,8,000000000ac29206,normal,0
1762980708.8686929,0x1a,8,0000000072c64c7e,normal,0
1762980708.8687077,0x2f,8,0bff000072c64c7e,normal,0
1762980708.8687136,0x43,8,0000000072c64c7e,normal,0
1762980708.8687174,0x58,8,0e64000072c64c7e,normal,0
1762980708.8687208,0x6d,8,0000000072c64c7e,normal,0
1762980708.868725,0x1c9,8,0000000072c64c7e,normal,0
1762980708.9082625,0x1a,8,00000000ddfe0413,normal,0
1762980708.9082747,0x2f,8,0bff0000ddfe0413,normal,0
1762980708.908279,0x43,8,00000000ddfe0413,normal,0
1762980708.9082828,0x58,8,0e640000ddfe0413,normal,0
1762980708.9082863,0x6d,8,00000000ddfe0413,normal,0
1762980708.9082906,0x1c9,8,00000000ddfe0413,normal,0
1762980708.9445019,0x1a,8,00000000ba5ba2c8,normal,0
1762980708.9445252,0x2f,8,0bff0000ba5ba2c8,normal,0
1762980708.9445374,0x43,8,00000000ba5ba2c8,normal,0
1762980708.9445481,0x58,8,0e640000ba5ba2c8,normal,0
1762980708.9445581,0x6d,8,00000000ba5ba2c8,normal,0
1762980708.9445689,0x1c9,8,00000000ba5ba2c8,normal,0
1762980708.9800751,0x1a,8,0000000028bdb258,normal,0
1762980708.9800963,0x2f,8,0bff000028bdb258,normal,0
1762980708.980108,0x43,8,0000000028bdb258,normal,0
1762980708.9801183,0x58,8,0e64000028bdb258,normal,0
1762980708.980128,0x6d,8,0000000028bdb258,normal,0
1762980708.9801383,0x1c9,8,0000000028bdb258,normal,0
1762980709.015524,0x1a,8,00000000bb529988,normal,0
1762980709.015536,0x2f,8,0bff0000bb529988,normal,0
1762980709.0155404,0x43,8,00000000bb529988,normal,0
1762980709.015544,0x58,8,0e640000bb529988,normal,0
1762980709.015547,0x6d,8,00000000bb529988,normal,0
1762980709.0155516,0x1c9,8,00000000bb529988,normal,0
1762980709.0858986,0x1a,8,000000005b7abc2f,normal,0
1762980709.085914,0x2f,8,0bff00005b7abc2f,normal,0
1762980709.08592,0x43,8,000000005b7abc2f,normal,0
1762980709.0859244,0x58,8,0e6400005b7abc2f,normal,0
1762980709.0859287,0x6d,8,000000005b7abc2f,normal,0
1762980709.0859337,0x1c9,8,000000005b7abc2f,normal,0
1762980709.1216867,0x1a,8,000000008ddb426d,normal,0
1762980709.1216986,0x2f,8,0bff00008ddb426d,normal,0
1762980709.1217031,0x43,8,000000008ddb426d,normal,0
1762980709.121707,0x58,8,0e6400008ddb426d,normal,0
1762980709.1217103,0x6d,8,000000008ddb426d,normal,0
1762980709.121714,0x1c9,8,000000008ddb426d,normal,0
1762980709.1595008,0x1a,8,0000000074ecb0bb,normal,0
1762980709.159512,0x2f,8,0bff000074ecb0bb,normal,0
1762980709.159517,0x43,8,0000000074ecb0bb,normal,0
1762980709.1595209,0x58,8,0e64000074ecb0bb,normal,0
1762980709.1595242,0x6d,8,0000000074ecb0bb,normal,0
1762980709.1595285,0x1c9,8,0000000074ecb0bb,normal,0
1762980709.2242358,0x1a,8,00000000193c95c2,normal,0
1762980709.2242486,0x2f,8,0bff0000193c95c2,normal,0
1762980709.2242541,0x43,8,00000000193c95c2,normal,0
1762980709.2242584,0x58,8,0e640000193c95c2,normal,0
1762980709.224263,0x6d,8,00000000193c95c2,normal,0
1762980709.224268,0x1c9,8,00000000193c95c2,normal,0
1762980709.2911198,0x1a,8,000000000bc9b0f1,normal,0
1762980709.2911415,0x2f,8,0bff00000bc9b0f1,normal,0
1762980709.2911515,0x43,8,000000000bc9b0f1,normal,0
1762980709.291161,0x58,8,0e6400000bc9b0f1,normal,0
1762980709.2911701,0x6d,8,000000000bc9b0f1,normal,0
1762980709.2911792,0x1c9,8,000000000bc9b0f1,normal,0
1762980709.3280313,0x1a,8,000000005cd17dc9,normal,0
1762980709.3280542,0x2f,8,0bff00005cd17dc9,normal,0
1762980709.3280663,0x43,8,000000005cd17dc9,normal,0
1762980709.3280776,0x58,8,0e6400005cd17dc9,normal,0
1762980709.3280878,0x6d,8,000000005cd17dc9,normal,0
1762980709.3280988,0x1c9,8,000000005cd17dc9,normal,0
1762980709.3552105,0x1a,8,0000000091714df1,normal,0
1762980709.355222,0x2f,8,0bff000091714df1,normal,0
1762980709.3552265,0x43,8,0000000091714df1,normal,0
1762980709.3552303,0x58,8,0e64000091714df1,normal,0
1762980709.3552334,0x6d,8,0000000091714df1,normal,0
1762980709.3552377,0x1c9,8,0000000091714df1,normal,0
1762980709.3884962,0x1a,8,00000000af7f0b3e,normal,0
1762980709.388517,0x2f,8,0bff0000af7f0b3e,normal,0
1762980709.3885286,0x43,8,00000000af7f0b3e,normal,0
1762980709.388539,0x58,8,0e640000af7f0b3e,normal,0
1762980709.3885489,0x6d,8,00000000af7f0b3e,normal,0
1762980709.3885589,0x1c9,8,00000000af7f0b3e,normal,0
1762980709.448591,0x1a,8,00000000d0a08266,normal,0
1762980709.4486036,0x2f,8,0bff0000d0a08266,normal,0
1762980709.448608,0x43,8,00010000d0a08266,normal,0
1762980709.4486115,0x58,8,0e640000d0a08266,normal,0
1762980709.4486148,0x6d,8,00000000d0a08266,normal,0
1762980709.448619,0x1c9,8,00000000d0a08266,normal,0
1762980709.4797134,0x1a,8,00000000cded6f13,normal,0
1762980709.47974,0x2f,8,0bff0000cded6f13,normal,0
1762980709.479752,0x43,8,00000000cded6f13,normal,0
1762980709.4797628,0x58,8,0e640000cded6f13,normal,0
1762980709.4797733,0x6d,8,00000000cded6f13,normal,0
1762980709.4797835,0x1c9,8,00000000cded6f13,normal,0
1762980709.515086,0x1a,8,00000000ae777134,normal,0
1762980709.5151005,0x2f,8,0bff0000ae777134,normal,0
1762980709.5151055,0x43,8,00000000ae777134,normal,0
1762980709.5151095,0x58,8,0e640000ae777134,normal,0
1762980709.5151126,0x6d,8,00000000ae777134,normal,0
1762980709.515117,0x1c9,8,00000000ae777134,normal,0
1762980709.546073,0x1a,8,00000000a40ef299,normal,0
1762980709.5460982,0x2f,8,0bff0000a40ef299,normal,0
1762980709.5461037,0x43,8,00000000a40ef299,normal,0
1762980709.5461082,0x58,8,0e640000a40ef299,normal,0
1762980709.5461123,0x6d,8,00000000a40ef299,normal,0
1762980709.546117,0x1c9,8,00000000a40ef299,normal,0
1762980709.5751393,0x1a,8,00000000b5720f48,normal,0
1762980709.5751514,0x2f,8,0bff0000b5720f48,normal,0
1762980709.5751562,0x43,8,00010000b5720f48,normal,0
1762980709.57516,0x58,8,0e640000b5720f48,normal,0
1762980709.5751638,0x6d,8,00000000b5720f48,normal,0
1762980709.575168,0x1c9,8,00000000b5720f48,normal,0
1762980709.6068363,0x1a,8,0000000064184ff0,normal,0
1762980709.6068685,0x2f,8,0bff000064184ff0,normal,0
1762980709.6068811,0x43,8,0000000064184ff0,normal,0
1762980709.6068923,0x58,8,0e64000064184ff0,normal,0
1762980709.6069024,0x6d,8,0000000064184ff0,normal,0
1762980709.6069129,0x1c9,8,0000000064184ff0,normal,0
1762980709.63595,0x1a,8,000000002509307e,normal,0
1762980709.635961,0x2f,8,0bff00002509307e,normal,0
1762980709.6359656,0x43,8,000000002509307e,normal,0
1762980709.6359692,0x58,8,0e6400002509307e,normal,0
1762980709.6359727,0x6d,8,000000002509307e,normal,0
1762980709.635977,0x1c9,8,000000002509307e,normal,0
1762980709.6672158,0x1a,8,0000000086f36fd7,normal,0
1762980709.6672375,0x2f,8,0bff000086f36fd7,normal,0
1762980709.6672494,0x43,8,0000000086f36fd7,normal,0
1762980709.6672597,0x58,8,0e64000086f36fd7,normal,0
1762980709.6672697,0x6d,8,0000000086f36fd7,normal,0
1762980709.6672797,0x1c9,8,0000000086f36fd7,normal,0
1762980709.6986094,0x1a,8,00000000a2938f03,normal,0
1762980709.6986237,0x2f,8,0bff0000a2938f03,normal,0
1762980709.6986287,0x43,8,00000000a2938f03,normal,0
1762980709.6986327,0x58,8,0e640000a2938f03,normal,0
1762980709.6986365,0x6d,8,00000000a2938f03,normal,0
1762980709.6986408,0x1c9,8,00000000a2938f03,normal,0
1762980709.7297087,0x1a,8,00000000fcb35215,normal,0
1762980709.7297218,0x2f,8,0bff0000fcb35215,normal,0
1762980709.7297266,0x43,8,00000000fcb35215,normal,0
1762980709.7297304,0x58,8,0e640000fcb35215,normal,0
1762980709.729734,0x6d,8,00000000fcb35215,normal,0
1762980709.7297385,0x1c9,8,00000000fcb35215,normal,0
1762980709.7608886,0x1a,8,00000000ca4c3715,normal,0
1762980709.760902,0x2f,8,0bff0000ca4c3715,normal,0
1762980709.7609065,0x43,8,00000000ca4c3715,normal,0
1762980709.7609105,0x58,8,0e640000ca4c3715,normal,0
1762980709.760914,0x6d,8,00000000ca4c3715,normal,0
1762980709.7609184,0x1c9,8,00000000ca4c3715,normal,0
1762980709.789458,0x1a,8,0000000082fd7b0b,normal,0
1762980709.7894711,0x2f,8,0bff000082fd7b0b,normal,0
1762980709.789476,0x43,8,0000000082fd7b0b,normal,0
1762980709.7894797,0x58,8,0e64000082fd7b0b,normal,0
1762980709.7894833,0x6d,8,0000000082fd7b0b,normal,0
1762980709.7894878,0x1c9,8,0000000082fd7b0b,normal,0
1762980709.8184116,0x1a,8,000000007efcf104,normal,0
1762980709.8184257,0x2f,8,0bff00007efcf104,normal,0
1762980709.8184304,0x43,8,000000007efcf104,normal,0
1762980709.8184347,0x58,8,0e6400007efcf104,normal,0
1762980709.8184383,0x6d,8,000000007efcf104,normal,0
1762980709.8184428,0x1c9,8,000000007efcf104,normal,0
1762980709.8497992,0x1a,8,000000008766afe5,normal,0
1762980709.849822,0x2f,8,0bff00008766afe5,normal,0
1762980709.849834,0x43,8,000000008766afe5,normal,0
1762980709.849845,0x58,8,0e6400008766afe5,normal,0
1762980709.849855,0x6d,8,000000008766afe5,normal,0
1762980709.8498697,0x1c9,8,000000008766afe5,normal,0
1762980709.8832557,0x1a,8,00000000f17503c1,normal,0
1762980709.8832674,0x2f,8,0bff0000f17503c1,normal,0
1762980709.8832717,0x43,8,00000000f17503c1,normal,0
1762980709.8832753,0x58,8,0e640000f17503c1,normal,0
1762980709.8832786,0x6d,8,00000000f17503c1,normal,0
1762980709.8832827,0x1c9,8,00000000f17503c1,normal,0
1762980709.915341,0x1a,8,00000000dd050928,normal,0
1762980709.9153628,0x2f,8,0bff0000dd050928,normal,0
1762980709.9153752,0x43,8,00000000dd050928,normal,0
1762980709.9153867,0x58,8,0e640000dd050928,normal,0
1762980709.915397,0x6d,8,00000000dd050928,normal,0
1762980709.9154074,0x1c9,8,00000000dd050928,normal,0
1762980709.9718168,0x1a,8,0000000092d237d0,normal,0
1762980709.9718304,0x2f,8,0bff000092d237d0,normal,0
1762980709.9718351,0x43,8,0000000092d237d0,normal,0
1762980709.9718385,0x58,8,0e64000092d237d0,normal,0
1762980709.9718418,0x6d,8,0000000092d237d0,normal,0
1762980709.9718459,0x1c9,8,0000000092d237d0,normal,0
1762980710.0037367,0x1a,8,00000000229e1deb,normal,0
1762980710.0037618,0x2f,8,0bff0000229e1deb,normal,0
1762980710.0037737,0x43,8,00000000229e1deb,normal,0
1762980710.0037844,0x58,8,0e640000229e1deb,normal,0
1762980710.003795,0x6d,8,00000000229e1deb,normal,0
1762980710.0038054,0x1c9,8,00000000229e1deb,normal,0
1762980710.03328,0x1a,8,000000006047a24a,normal,0
1762980710.033291,0x2f,8,0bff00006047a24a,normal,0
1762980710.0332952,0x43,8,000000006047a24a,normal,0
1762980710.033299,0x58,8,0e6400006047a24a,normal,0
1762980710.0333025,0x6d,8,000000006047a24a,normal,0
1762980710.0333066,0x1c9,8,000000006047a24a,normal,0
1762980710.065698,0x1a,8,00000000f1a3c5ae,normal,0
1762980710.0657096,0x2f,8,0bff0000f1a3c5ae,normal,0
1762980710.0657144,0x43,8,00000000f1a3c5ae,normal,0
1762980710.065718,0x58,8,0e640000f1a3c5ae,normal,0
1762980710.0657213,0x6d,8,00000000f1a3c5ae,normal,0
1762980710.0657253,0x1c9,8,00000000f1a3c5ae,normal,0
1762980710.097205,0x1a,8,00000000185b1fc2,normal,0
1762980710.0972164,0x2f,8,0bff0000185b1fc2,normal,0
1762980710.097221,0x43,8,00000000185b1fc2,normal,0
1762980710.0972247,0x58,8,0e640000185b1fc2,normal,0
1762980710.0972283,0x6d,8,00000000185b1fc2,normal,0
1762980710.0972326,0x1c9,8,00000000185b1fc2,normal,0
1762980710.1268837,0x1a,8,000000003fa60b3d,normal,0
1762980710.1268995,0x2f,8,0bff00003fa60b3d,normal,0
1762980710.1269054,0x43,8,000100003fa60b3d,normal,0
1762980710.1269097,0x58,8,0e6400003fa60b3d,normal,0
1762980710.1269143,0x6d,8,000000003fa60b3d,normal,0
1762980710.1269197,0x1c9,8,000000003fa60b3d,normal,0
1762980710.1597357,0x1a,8,000000008d2d34c0,normal,0
1762980710.1597517,0x2f,8,0bff00008d2d34c0,normal,0
1762980710.159757,0x43,8,000000008d2d34c0,normal,0
1762980710.1597617,0x58,8,0e6400008d2d34c0,normal,0
1762980710.1597662,0x6d,8,000000008d2d34c0,normal,0
1762980710.1597722,0x1c9,8,000000008d2d34c0,normal,0
1762980710.188161,0x1a,8,000000008565813b,normal,0
1762980710.1881735,0x2f,8,0bff00008565813b,normal,0
1762980710.1881778,0x43,8,000100008565813b,normal,0
1762980710.1881814,0x58,8,0e6400008565813b,normal,0
1762980710.1881847,0x6d,8,000000008565813b,normal,0
1762980710.1881888,0x1c9,8,000000008565813b,normal,0
1762980710.2543287,0x1a,8,0000000071ef097d,normal,0
1762980710.254352,0x2f,8,0bff000071ef097d,normal,0
1762980710.254365,0x43,8,0000000071ef097d,normal,0
1762980710.254376,0x58,8,0e64000071ef097d,normal,0
1762980710.2543867,0x6d,8,0000000071ef097d,normal,0
1762980710.2543976,0x1c9,8,0000000071ef097d,normal,0
1762980710.2819076,0x1a,8,0000000016f471fa,normal,0
1762980710.2819195,0x2f,8,0bff000016f471fa,normal,0
1762980710.281924,0x43,8,0000000016f471fa,normal,0
1762980710.2819278,0x58,8,0e64000016f471fa,normal,0
1762980710.2819314,0x6d,8,0000000016f471fa,normal,0
1762980710.2819355,0x1c9,8,0000000016f471fa,normal,0
1762980710.3137681,0x1a,8,00000000bd5d8259,normal,0
1762980710.31378,0x2f,8,0bff0000bd5d8259,normal,0
1762980710.3137844,0x43,8,00000000bd5d8259,normal,0
1762980710.313788,0x58,8,0e640000bd5d8259,normal,0
1762980710.3137913,0x6d,8,00000000bd5d8259,normal,0
1762980710.3137953,0x1c9,8,00000000bd5d8259,normal,0
1762980710.3711386,0x1a,8,000000005584ce0f,normal,0
1762980710.3711507,0x2f,8,0bff00005584ce0f,normal,0
1762980710.3711555,0x43,8,000100005584ce0f,normal,0
1762980710.3711593,0x58,8,0e6400005584ce0f,normal,0
1762980710.371163,0x6d,8,000000005584ce0f,normal,0
1762980710.371167,0x1c9,8,000000005584ce0f,normal,0
1762980710.432084,0x1a,8,000000008c5e0b27,normal,0
1762980710.4321027,0x2f,8,0bff00008c5e0b27,normal,0
1762980710.4321103,0x43,8,000000008c5e0b27,normal,0
1762980710.432116,0x58,8,0e6400008c5e0b27,normal,0
1762980710.4321215,0x6d,8,000000008c5e0b27,normal,0
1762980710.4321299,0x1c9,8,000000008c5e0b27,normal,0
1762980710.4688022,0x1a,8,000000008ef9b0d1,normal,0
1762980710.4688182,0x2f,8,0bff00008ef9b0d1,normal,0
1762980710.468824,0x43,8,000000008ef9b0d1,normal,0
1762980710.4688287,0x58,8,0e6400008ef9b0d1,normal,0
1762980710.4688334,0x6d,8,000000008ef9b0d1,normal,0
1762980710.4688387,0x1c9,8,000000008ef9b0d1,normal,0
1762980710.505367,0x1a,8,000000000de246d3,normal,0
1762980710.5053904,0x2f,8,0bff00000de246d3,normal,0
1762980710.505402,0x43,8,000000000de246d3,normal,0
1762980710.5054128,0x58,8,0e6400000de246d3,normal,0
1762980710.5054228,0x6d,8,000000000de246d3,normal,0
1762980710.5054328,0x1c9,8,000000000de246d3,normal,0
1762980710.54239,0x1a,8,00000000d7ff539f,normal,0
1762980710.5424118,0x2f,8,0bff0000d7ff539f,normal,0
1762980710.5424235,0x43,8,00000000d7ff539f,normal,0
1762980710.5424337,0x58,8,0e640000d7ff539f,normal,0
1762980710.5424433,0x6d,8,00000000d7ff539f,normal,0
1762980710.542453,0x1c9,8,00000000d7ff539f,normal,0
1762980710.6212416,0x1a,8,00000000b171e0d7,normal,0
1762980710.6212533,0x2f,8,0bff0000b171e0d7,normal,0
1762980710.6212575,0x43,8,00000000b171e0d7,normal,0
1762980710.6212614,0x58,8,0e640000b171e0d7,normal,0
1762980710.6212647,0x6d,8,00000000b171e0d7,normal,0
1762980710.6212687,0x1c9,8,00000000b171e0d7,normal,0
1762980710.6891418,0x1a,8,000000000799bbd0,normal,0
1762980710.689155,0x2f,8,0bff00000799bbd0,normal,0
1762980710.6891596,0x43,8,000000000799bbd0,normal,0
1762980710.6891637,0x58,8,0e6400000799bbd0,normal,0
1762980710.689167,0x6d,8,000000000799bbd0,normal,0
1762980710.6891716,0x1c9,8,000000000799bbd0,normal,0
1762980710.7218351,0x1a,8,00000000de7eb920,normal,0
1762980710.7218664,0x2f,8,0bff0000de7eb920,normal,0
1762980710.7218783,0x43,8,00000000de7eb920,normal,0
1762980710.721889,0x58,8,0e640000de7eb920,normal,0
1762980710.721899,0x6d,8,00000000de7eb920,normal,0
1762980710.7219093,0x1c9,8,00000000de7eb920,normal,0
1762980710.7862785,0x1a,8,00000000a0321874,normal,0
1762980710.7862906,0x2f,8,0bff0000a0321874,normal,0
1762980710.786295,0x43,8,00000000a0321874,normal,0
1762980710.7862992,0x58,8,0e640000a0321874,normal,0
1762980710.7863028,0x6d,8,00000000a0321874,normal,0
1762980710.786307,0x1c9,8,00000000a0321874,normal,0
1762980710.8196127,0x1a,8,00000000ec99fc8e,normal,0
1762980710.8196254,0x2f,8,0bff0000ec99fc8e,normal,0
1762980710.8196297,0x43,8,00000000ec99fc8e,normal,0
1762980710.8196337,0x58,8,0e640000ec99fc8e,normal,0
1762980710.8196373,0x6d,8,00000000ec99fc8e,normal,0
1762980710.8196414,0x1c9,8,00000000ec99fc8e,normal,0
1762980710.8591938,0x1a,8,000000000e605a92,normal,0
1762980710.8592072,0x2f,8,0bff00000e605a92,normal,0
1762980710.8592114,0x43,8,000000000e605a92,normal,0
1762980710.8592153,0x58,8,0e6400000e605a92,normal,0
1762980710.8592188,0x6d,8,000000000e605a92,normal,0
1762980710.859223,0x1c9,8,000000000e605a92,normal,0
1762980710.936068,0x1a,8,0000000082d89e10,normal,0
1762980710.93608,0x2f,8,0bff000082d89e10,normal,0
1762980710.9360843,0x43,8,0002000082d89e10,normal,0
1762980710.936088,0x58,8,0e64000082d89e10,normal,0
1762980710.9360914,0x6d,8,0000000082d89e10,normal,0
1762980710.9360952,0x1c9,8,0000000082d89e10,normal,0
1762980710.972485,0x1a,8,00000000b707177e,normal,0
1762980710.9724984,0x2f,8,0bff0000b707177e,normal,0
1762980710.9725032,0x43,8,00010000b707177e,normal,0
1762980710.9725072,0x58,8,0e640000b707177e,normal,0
1762980710.9725106,0x6d,8,00000000b707177e,normal,0
1762980710.9725149,0x1c9,8,00000000b707177e,normal,0
1762980711.0119336,0x1a,8,00000000987194b5,normal,0
1762980711.0119462,0x2f,8,0bff0000987194b5,normal,0
1762980711.0119507,0x43,8,00010000987194b5,normal,0
1762980711.0119543,0x58,8,0e640000987194b5,normal,0
1762980711.0119576,0x6d,8,00000000987194b5,normal,0
1762980711.011962,0x1c9,8,00000000987194b5,normal,0
1762980711.0505345,0x1a,8,0000000065a8061c,normal,0
1762980711.050546,0x2f,8,0bff000065a8061c,normal,0
1762980711.0505507,0x43,8,0001000065a8061c,normal,0
1762980711.0505548,0x58,8,0e64000065a8061c,normal,0
1762980711.050558,0x6d,8,0000000065a8061c,normal,0
1762980711.0505624,0x1c9,8,0000000065a8061c,normal,0
1762980711.127963,0x1a,8,00000000b6ffa541,normal,0
1762980711.1279747,0x2f,8,0bff0000b6ffa541,normal,0
1762980711.1279795,0x43,8,00010000b6ffa541,normal,0
1762980711.1279836,0x58,8,0e640000b6ffa541,normal,0
1762980711.1279871,0x6d,8,00000000b6ffa541,normal,0
1762980711.1279914,0x1c9,8,00000000b6ffa541,normal,0
1762980711.1723976,0x1a,8,000000003cb0b2c7,normal,0
1762980711.1724095,0x2f,8,0bff00003cb0b2c7,normal,0
1762980711.1724143,0x43,8,000000003cb0b2c7,normal,0
1762980711.1724179,0x58,8,0e6400003cb0b2c7,normal,0
1762980711.1724212,0x6d,8,000000003cb0b2c7,normal,0
1762980711.1724253,0x1c9,8,000000003cb0b2c7,normal,0
1762980711.2076488,0x1a,8,00000000b6912254,normal,0
1762980711.2076633,0x2f,8,0bff0000b6912254,normal,0
1762980711.207668,0x43,8,00000000b6912254,normal,0
1762980711.2076716,0x58,8,0e640000b6912254,normal,0
1762980711.207675,0x6d,8,00000000b6912254,normal,0
1762980711.207679,0x1c9,8,00000000b6912254,normal,0
1762980711.246106,0x1a,8,00000000058b26a9,normal,0
1762980711.2461264,0x2f,8,0bff0000058b26a9,normal,0
1762980711.2461379,0x43,8,00000000058b26a9,normal,0
1762980711.2461476,0x58,8,0e640000058b26a9,normal,0
1762980711.2461572,0x6d,8,00000000058b26a9,normal,0
1762980711.2461672,0x1c9,8,00000000058b26a9,normal,0
1762980711.2850013,0x1a,8,000000003e45eb71,normal,0
1762980711.2850127,0x2f,8,0bff00003e45eb71,normal,0
1762980711.2850173,0x43,8,000000003e45eb71,normal,0
1762980711.285021,0x58,8,0e6400003e45eb71,normal,0
1762980711.2850246,0x6d,8,000000003e45eb71,normal,0
1762980711.2850285,0x1c9,8,000000003e45eb71,normal,0
1762980711.3284967,0x1a,8,000000001240f233,normal,0
1762980711.328508,0x2f,8,0bff00001240f233,normal,0
1762980711.3285124,0x43,8,000000001240f233,normal,0
1762980711.3285162,0x58,8,0e6400001240f233,normal,0
1762980711.3285196,0x6d,8,000000001240f233,normal,0
1762980711.328524,0x1c9,8,000000001240f233,normal,0
1762980711.3627954,0x1a,8,00000000b91b9f65,normal,0
1762980711.3628228,0x2f,8,0bff0000b91b9f65,normal,0
1762980711.3628273,0x43,8,00000000b91b9f65,normal,0
1762980711.3628304,0x58,8,0e640000b91b9f65,normal,0
1762980711.3628335,0x6d,8,00000000b91b9f65,normal,0
1762980711.3628373,0x1c9,8,00000000b91b9f65,normal,0
1762980711.3895078,0x1a,8,0000000035d774bf,normal,0
1762980711.3895187,0x2f,8,0bff000035d774bf,normal,0
1762980711.389523,0x43,8,0000000035d774bf,normal,0
1762980711.3895268,0x58,8,0e64000035d774bf,normal,0
1762980711.3895304,0x6d,8,0000000035d774bf,normal,0
1762980711.3895347,0x1c9,8,0000000035d774bf,normal,0
1762980711.418215,0x1a,8,00000000253e10df,normal,0
1762980711.4182262,0x2f,8,0bff0000253e10df,normal,0
1762980711.418231,0x43,8,00010000253e10df,normal,0
1762980711.418235,0x58,8,0e640000253e10df,normal,0
1762980711.4182384,0x6d,8,00000000253e10df,normal,0
1762980711.4182425,0x1c9,8,00000000253e10df,normal,0
1762980711.4485114,0x1a,8,0000000050d7366f,normal,0
1762980711.4485319,0x2f,8,0bff000050d7366f,normal,0
1762980711.4485435,0x43,8,0000000050d7366f,normal,0
1762980711.4485538,0x58,8,0e64000050d7366f,normal,0
1762980711.4485638,0x6d,8,0000000050d7366f,normal,0
1762980711.4485743,0x1c9,8,0000000050d7366f,normal,0
1762980711.4777472,0x1a,8,0000000036dddabb,normal,0
1762980711.4777677,0x2f,8,0bff000036dddabb,normal,0
1762980711.4777796,0x43,8,0001000036dddabb,normal,0
1762980711.4777899,0x58,8,0e64000036dddabb,normal,0
1762980711.4777997,0x6d,8,0000000036dddabb,normal,0
1762980711.4778097,0x1c9,8,0000000036dddabb,normal,0
1762980711.5127487,0x1a,8,000000004e448d17,normal,0
1762980711.5127628,0x2f,8,0bff00004e448d17,normal,0
1762980711.512767,0x43,8,000000004e448d17,normal,0
1762980711.512771,0x58,8,0e6400004e448d17,normal,0
1762980711.5127745,0x6d,8,000000004e448d17,normal,0
1762980711.5127785,0x1c9,8,000000004e448d17,normal,0
1762980711.5427425,0x1a,8,000000000885c35c,normal,0
1762980711.5427573,0x2f,8,0bff00000885c35c,normal,0
1762980711.542763,0x43,8,000000000885c35c,normal,0
1762980711.5427675,0x58,8,0e6400000885c35c,normal,0
1762980711.5427732,0x6d,8,000000000885c35c,normal,0
1762980711.5427783,0x1c9,8,000000000885c35c,normal,0
1762980711.5714486,0x1a,8,000000007fb2f5fc,normal,0
1762980711.5714884,0x2f,8,0bff00007fb2f5fc,normal,0
1762980711.5714931,0x43,8,000100007fb2f5fc,normal,0
1762980711.5714967,0x58,8,0e6400007fb2f5fc,normal,0
1762980711.5715003,0x6d,8,000000007fb2f5fc,normal,0
1762980711.5715046,0x1c9,8,000000007fb2f5fc,normal,0
1762980711.6277158,0x1a,8,000000003a6c77fa,normal,0
1762980711.6277275,0x2f,8,0bff00003a6c77fa,normal,0
1762980711.6277323,0x43,8,000000003a6c77fa,normal,0
1762980711.6277359,0x58,8,0e6400003a6c77fa,normal,0
1762980711.6277394,0x6d,8,000000003a6c77fa,normal,0
1762980711.6277437,0x1c9,8,000000003a6c77fa,normal,0
1762980711.6567771,0x1a,8,00000000e1efbf16,normal,0
1762980711.6568704,0x2f,8,0bff0000e1efbf16,normal,0
1762980711.656875,0x43,8,00010000e1efbf16,normal,0
1762980711.6568787,0x58,8,0e640000e1efbf16,normal,0
1762980711.656882,0x6d,8,00000000e1efbf16,normal,0
1762980711.656886,0x1c9,8,00000000e1efbf16,normal,0
1762980711.6867366,0x1a,8,000000008308bef5,normal,0
1762980711.6867492,0x2f,8,0bff00008308bef5,normal,0
1762980711.6867533,0x43,8,000000008308bef5,normal,0
1762980711.686757,0x58,8,0e6400008308bef5,normal,0
1762980711.6867602,0x6d,8,000000008308bef5,normal,0
1762980711.6867642,0x1c9,8,000000008308bef5,normal,0
1762980711.716362,0x1a,8,00000000cb793676,normal,0
1762980711.716386,0x2f,8,0bff0000cb793676,normal,0
1762980711.7163987,0x43,8,00010000cb793676,normal,0
1762980711.7164097,0x58,8,0e640000cb793676,normal,0
1762980711.71642,0x6d,8,00000000cb793676,normal,0
1762980711.7164307,0x1c9,8,00000000cb793676,normal,0
1762980711.7447438,0x1a,8,000000005927ac85,normal,0
1762980711.7447555,0x2f,8,0bff00005927ac85,normal,0
1762980711.74476,0x43,8,000000005927ac85,normal,0
1762980711.7447636,0x58,8,0e6400005927ac85,normal,0
1762980711.744767,0x6d,8,000000005927ac85,normal,0
1762980711.7447708,0x1c9,8,000000005927ac85,normal,0
1762980711.798622,0x1a,8,00000000187e3e59,normal,0
1762980711.7986338,0x2f,8,0bff0000187e3e59,normal,0
1762980711.798638,0x43,8,00010000187e3e59,normal,0
1762980711.7986417,0x58,8,0e640000187e3e59,normal,0
1762980711.7986455,0x6d,8,00000000187e3e59,normal,0
1762980711.7986503,0x1c9,8,00000000187e3e59,normal,0
1762980711.8270304,0x1a,8,00000000b5d09a62,normal,0
1762980711.827042,0x2f,8,0bff0000b5d09a62,normal,0
1762980711.8270466,0x43,8,00000000b5d09a62,normal,0
1762980711.82705,0x58,8,0e640000b5d09a62,normal,0
1762980711.8270533,0x6d,8,00000000b5d09a62,normal,0
1762980711.8270574,0x1c9,8,00000000b5d09a62,normal,0
1762980711.8599803,0x1a,8,000000005cae4be0,normal,0
1762980711.8599958,0x2f,8,0bff00005cae4be0,normal,0
1762980711.8600004,0x43,8,000000005cae4be0,normal,0
1762980711.860004,0x58,8,0e6400005cae4be0,normal,0
1762980711.860007,0x6d,8,000000005cae4be0,normal,0
1762980711.860011,0x1c9,8,000000005cae4be0,normal,0
1762980711.912925,0x1a,8,00000000bf0a6c9e,normal,0
1762980711.912939,0x2f,8,0bff0000bf0a6c9e,normal,0
1762980711.912945,0x43,8,00010000bf0a6c9e,normal,0
1762980711.9129505,0x58,8,0e640000bf0a6c9e,normal,0
1762980711.912954,0x6d,8,00000000bf0a6c9e,normal,0
1762980711.9129584,0x1c9,8,00000000bf0a6c9e,normal,0
1762980711.9425774,0x1a,8,0000000032d4c644,normal,0
1762980711.9425921,0x2f,8,0bff000032d4c644,normal,0
1762980711.9425972,0x43,8,0000000032d4c644,normal,0
1762980711.942602,0x58,8,0e64000032d4c644,normal,0
1762980711.942606,0x6d,8,0000000032d4c644,normal,0
1762980711.9426122,0x1c9,8,0000000032d4c644,normal,0
1762980711.9718728,0x1a,8,000000000ffa4fc5,normal,0
1762980711.9718966,0x2f,8,0bff00000ffa4fc5,normal,0
1762980711.9719079,0x43,8,000000000ffa4fc5,normal,0
1762980711.971918,0x58,8,0e6400000ffa4fc5,normal,0
1762980711.9719276,0x6d,8,000000000ffa4fc5,normal,0
1762980711.9719377,0x1c9,8,000000000ffa4fc5,normal,0
1762980711.9998493,0x1a,8,00000000678b7bf6,normal,0
1762980711.9998667,0x2f,8,0bff0000678b7bf6,normal,0
1762980711.9998724,0x43,8,00010000678b7bf6,normal,0
1762980711.9998775,0x58,8,0e640000678b7bf6,normal,0
1762980711.9998817,0x6d,8,00000000678b7bf6,normal,0
1762980711.999886,0x1c9,8,00000000678b7bf6,normal,0
1762980712.036752,0x1a,8,00000000f323484e,normal,0
1762980712.0367749,0x2f,8,0bff0000f323484e,normal,0
1762980712.0367875,0x43,8,00000000f323484e,normal,0
1762980712.0367987,0x58,8,0e640000f323484e,normal,0
1762980712.0368092,0x6d,8,00000000f323484e,normal,0
1762980712.03682,0x1c9,8,00000000f323484e,normal,0
1762980712.0705357,0x1a,8,000000003671ff08,normal,0
1762980712.0705574,0x2f,8,0bff00003671ff08,normal,0
1762980712.0705688,0x43,8,000000003671ff08,normal,0
1762980712.0705788,0x58,8,0e6400003671ff08,normal,0
1762980712.0705886,0x6d,8,000000003671ff08,normal,0
1762980712.0705986,0x1c9,8,000000003671ff08,normal,0
1762980712.1087785,0x1a,8,00000000d9055051,normal,0
1762980712.1087916,0x2f,8,0bff0000d9055051,normal,0
1762980712.1087964,0x43,8,00000000d9055051,normal,0
1762980712.1088006,0x58,8,0e640000d9055051,normal,0
1762980712.108804,0x6d,8,00000000d9055051,normal,0
1762980712.1088078,0x1c9,8,00000000d9055051,normal,0
1762980712.1451325,0x1a,8,000000005a63499d,normal,0
1762980712.145144,0x2f,8,0bff00005a63499d,normal,0
1762980712.1451483,0x43,8,000000005a63499d,normal,0
1762980712.145152,0x58,8,0e6400005a63499d,normal,0
1762980712.1451554,0x6d,8,000000005a63499d,normal,0
1762980712.1451597,0x1c9,8,000000005a63499d,normal,0
1762980712.1853845,0x1a,8,000000006d528972,normal,0
1762980712.1853998,0x2f,8,0bff00006d528972,normal,0
1762980712.185405,0x43,8,000000006d528972,normal,0
1762980712.1854093,0x58,8,0e6400006d528972,normal,0
1762980712.1854131,0x6d,8,000000006d528972,normal,0
1762980712.185419,0x1c9,8,000000006d528972,normal,0
1762980712.2190268,0x1a,8,0000000043e5f750,normal,0
1762980712.219042,0x2f,8,0bff000043e5f750,normal,0
1762980712.219048,0x43,8,0000000043e5f750,normal,0
1762980712.2190528,0x58,8,0e64000043e5f750,normal,0
1762980712.219057,0x6d,8,0000000043e5f750,normal,0
1762980712.2190633,0x1c9,8,0000000043e5f750,normal,0
1762980712.2521632,0x1a,8,00000000ade1cfba,normal,0
1762980712.2521758,0x2f,8,0bff0000ade1cfba,normal,0
1762980712.25218,0x43,8,00000000ade1cfba,normal,0
1762980712.2521834,0x58,8,0e640000ade1cfba,normal,0
1762980712.2521865,0x6d,8,00000000ade1cfba,normal,0
1762980712.2521908,0x1c9,8,00000000ade1cfba,normal,0
1762980712.2798438,0x1a,8,0000000052ce594a,normal,0
1762980712.2798555,0x2f,8,0bff000052ce594a,normal,0
1762980712.2798603,0x43,8,0001000052ce594a,normal,0
1762980712.279868,0x58,8,0e64000052ce594a,normal,0
1762980712.2798722,0x6d,8,0000000052ce594a,normal,0
1762980712.279877,0x1c9,8,0000000052ce594a,normal,0
1762980712.3079162,0x1a,8,00000000974d3467,normal,0
1762980712.3079298,0x2f,8,0bff0000974d3467,normal,0
1762980712.307934,0x43,8,00000000974d3467,normal,0
1762980712.3079376,0x58,8,0e640000974d3467,normal,0
1762980712.307941,0x6d,8,00000000974d3467,normal,0
1762980712.3079448,0x1c9,8,00000000974d3467,normal,0
1762980712.3358788,0x1a,8,000000007cd3126a,normal,0
1762980712.3359213,0x2f,8,0bff00007cd3126a,normal,0
1762980712.3359253,0x43,8,000100007cd3126a,normal,0
1762980712.3359287,0x58,8,0e6400007cd3126a,normal,0
1762980712.335932,0x6d,8,000000007cd3126a,normal,0
1762980712.3359358,0x1c9,8,000000007cd3126a,normal,0
1762980712.3642917,0x1a,8,00000000e78f0c24,normal,0
1762980712.3643048,0x2f,8,0bff0000e78f0c24,normal,0
1762980712.3643093,0x43,8,00000000e78f0c24,normal,0
1762980712.3643131,0x58,8,0e640000e78f0c24,normal,0
1762980712.3643162,0x6d,8,00000000e78f0c24,normal,0
1762980712.3643205,0x1c9,8,00000000e78f0c24,normal,0
1762980712.3934379,0x1a,8,000000005828715b,normal,0
1762980712.3934486,0x2f,8,0bff00005828715b,normal,0
1762980712.3934526,0x43,8,000100005828715b,normal,0
1762980712.393456,0x58,8,0e6400005828715b,normal,0
1762980712.3934593,0x6d,8,000000005828715b,normal,0
1762980712.3934634,0x1c9,8,000000005828715b,normal,0
1762980712.422363,0x1a,8,00000000864fb29c,normal,0
1762980712.4223757,0x2f,8,0bff0000864fb29c,normal,0
1762980712.4223802,0x43,8,00000000864fb29c,normal,0
1762980712.4223843,0x58,8,0e640000864fb29c,normal,0
1762980712.4223878,0x6d,8,00000000864fb29c,normal,0
1762980712.422392,0x1c9,8,00000000864fb29c,normal,0
1762980712.4498699,0x1a,8,0000000087d47e48,normal,0
1762980712.4498827,0x2f,8,0bff000087d47e48,normal,0
1762980712.4498873,0x43,8,0000000087d47e48,normal,0
1762980712.4498909,0x58,8,0e64000087d47e48,normal,0
1762980712.4498942,0x6d,8,0000000087d47e48,normal,0
1762980712.449898,0x1c9,8,0000000087d47e48,normal,0
1762980712.4790056,0x1a,8,00000000d2b5d0b4,normal,0
1762980712.4790175,0x2f,8,0bff0000d2b5d0b4,normal,0
1762980712.479022,0x43,8,00010000d2b5d0b4,normal,0
1762980712.4790256,0x58,8,0e640000d2b5d0b4,normal,0
1762980712.479029,0x6d,8,00000000d2b5d0b4,normal,0
1762980712.4790332,0x1c9,8,00000000d2b5d0b4,normal,0
1762980712.509099,0x1a,8,000000005eee674e,normal,0
1762980712.5091102,0x2f,8,0bff00005eee674e,normal,0
1762980712.5091147,0x43,8,000000005eee674e,normal,0
1762980712.5091186,0x58,8,0e6400005eee674e,normal,0
1762980712.5091221,0x6d,8,000000005eee674e,normal,0
1762980712.5091267,0x1c9,8,000000005eee674e,normal,0
1762980712.540521,0x1a,8,00000000016f7854,normal,0
1762980712.540532,0x2f,8,0bff0000016f7854,normal,0
1762980712.5405366,0x43,8,00000000016f7854,normal,0
1762980712.5405402,0x58,8,0e640000016f7854,normal,0
1762980712.5405436,0x6d,8,00000000016f7854,normal,0
1762980712.5405476,0x1c9,8,00000000016f7854,normal,0
1762980712.568048,0x1a,8,0000000028a4c3d3,normal,0
1762980712.5680585,0x2f,8,0bff000028a4c3d3,normal,0
1762980712.5680628,0x43,8,0001000028a4c3d3,normal,0
1762980712.5680664,0x58,8,0e64000028a4c3d3,normal,0
1762980712.5680695,0x6d,8,0000000028a4c3d3,normal,0
1762980712.5680735,0x1c9,8,0000000028a4c3d3,normal,0
1762980712.6260395,0x1a,8,000000007dd7eb2b,normal,0
1762980712.626086,0x2f,8,0bff00007dd7eb2b,normal,0
1762980712.6260908,0x43,8,000000007dd7eb2b,normal,0
1762980712.6260948,0x58,8,0e6400007dd7eb2b,normal,0
1762980712.6260982,0x6d,8,000000007dd7eb2b,normal,0
1762980712.6261024,0x1c9,8,000000007dd7eb2b,normal,0
1762980712.6777778,0x1a,8,000000001792c75d,normal,0
1762980712.677789,0x2f,8,0bff00001792c75d,normal,0
1762980712.677793,0x43,8,000000001792c75d,normal,0
1762980712.6777961,0x58,8,0e6400001792c75d,normal,0
1762980712.6777997,0x6d,8,000000001792c75d,normal,0
1762980712.6778033,0x1c9,8,000000001792c75d,normal,0
1762980712.7070477,0x1a,8,00000000414ac385,normal,0
1762980712.7070684,0x2f,8,0bff0000414ac385,normal,0
1762980712.7070804,0x43,8,00000000414ac385,normal,0
1762980712.7070909,0x58,8,0e640000414ac385,normal,0
1762980712.707101,0x6d,8,00000000414ac385,normal,0
1762980712.7071114,0x1c9,8,00000000414ac385,normal,0
1762980712.736514,0x1a,8,00000000e479c94e,normal,0
1762980712.7365282,0x2f,8,0bff0000e479c94e,normal,0
1762980712.7365346,0x43,8,00010000e479c94e,normal,0
1762980712.7365384,0x58,8,0e640000e479c94e,normal,0
1762980712.7365417,0x6d,8,00000000e479c94e,normal,0
1762980712.7365463,0x1c9,8,00000000e479c94e,normal,0
1762980712.7723567,0x1a,8,00000000d5c07ad8,normal,0
1762980712.7723687,0x2f,8,0bff0000d5c07ad8,normal,0
1762980712.772373,0x43,8,00000000d5c07ad8,normal,0
1762980712.7723763,0x58,8,0e640000d5c07ad8,normal,0
1762980712.7723796,0x6d,8,00000000d5c07ad8,normal,0
1762980712.772384,0x1c9,8,00000000d5c07ad8,normal,0
1762980712.8033938,0x1a,8,0000000073345b1e,normal,0
1762980712.8034158,0x2f,8,0bff000073345b1e,normal,0
1762980712.8034277,0x43,8,0000000073345b1e,normal,0
1762980712.8034382,0x58,8,0e64000073345b1e,normal,0
1762980712.803448,0x6d,8,0000000073345b1e,normal,0
1762980712.803458,0x1c9,8,0000000073345b1e,normal,0
1762980712.8377635,0x1a,8,00000000ae585ea5,normal,0
1762980712.8377783,0x2f,8,0bff0000ae585ea5,normal,0
1762980712.837783,0x43,8,00000000ae585ea5,normal,0
1762980712.837787,0x58,8,0e640000ae585ea5,normal,0
1762980712.8377903,0x6d,8,00000000ae585ea5,normal,0
1762980712.8377948,0x1c9,8,00000000ae585ea5,normal,0
1762980712.8740952,0x1a,8,00000000af1bc697,normal,0
1762980712.8741057,0x2f,8,0bff0000af1bc697,normal,0
1762980712.87411,0x43,8,00000000af1bc697,normal,0
1762980712.8741133,0x58,8,0e640000af1bc697,normal,0
1762980712.8741164,0x6d,8,00000000af1bc697,normal,0
1762980712.8741202,0x1c9,8,00000000af1bc697,normal,0
1762980712.9098673,0x1a,8,000000000ad249ec,normal,0
1762980712.9098792,0x2f,8,0bff00000ad249ec,normal,0
1762980712.909884,0x43,8,000000000ad249ec,normal,0
1762980712.9098878,0x58,8,0e6400000ad249ec,normal,0
1762980712.9098914,0x6d,8,000000000ad249ec,normal,0
1762980712.9098952,0x1c9,8,000000000ad249ec,normal,0
1762980712.9503572,0x1a,8,000000007c05dd38,normal,0
1762980712.9503694,0x2f,8,0bff00007c05dd38,normal,0
1762980712.9503736,0x43,8,000000007c05dd38,normal,0
1762980712.9503772,0x58,8,0e6400007c05dd38,normal,0
1762980712.9503808,0x6d,8,000000007c05dd38,normal,0
1762980712.9503846,0x1c9,8,000000007c05dd38,normal,0
1762980712.9930484,0x1a,8,00000000fca6ca77,normal,0
1762980712.9930706,0x2f,8,0bff0000fca6ca77,normal,0
1762980712.993082,0x43,8,00000000fca6ca77,normal,0
1762980712.993092,0x58,8,0e640000fca6ca77,normal,0
1762980712.9931016,0x6d,8,00000000fca6ca77,normal,0
1762980712.9931116,0x1c9,8,00000000fca6ca77,normal,0
1762980713.0212798,0x1a,8,000000007cc46329,normal,0
1762980713.0213013,0x2f,8,0bff00007cc46329,normal,0
1762980713.0213134,0x43,8,000000007cc46329,normal,0
1762980713.021324,0x58,8,0e6400007cc46329,normal,0
1762980713.0213344,0x6d,8,000000007cc46329,normal,0
1762980713.021345,0x1c9,8,000000007cc46329,normal,0
1762980713.0549376,0x1a,8,000000001aedebe2,normal,0
1762980713.0549517,0x2f,8,0bff00001aedebe2,normal,0
1762980713.054956,0x43,8,000000001aedebe2,normal,0
1762980713.0549595,0x58,8,0e6400001aedebe2,normal,0
1762980713.0549629,0x6d,8,000000001aedebe2,normal,0
1762980713.054967,0x1c9,8,000000001aedebe2,normal,0
1762980713.0888488,0x1a,8,00000000f1bdd3a5,normal,0
1762980713.0888636,0x2f,8,0bff0000f1bdd3a5,normal,0
1762980713.0888684,0x43,8,00000000f1bdd3a5,normal,0
1762980713.0888722,0x58,8,0e640000f1bdd3a5,normal,0
1762980713.0888755,0x6d,8,00000000f1bdd3a5,normal,0
1762980713.0888798,0x1c9,8,00000000f1bdd3a5,normal,0
1762980713.1614423,0x1a,8,000000000d2450e8,normal,0
1762980713.1614625,0x2f,8,0bff00000d2450e8,normal,0
1762980713.1614738,0x43,8,000000000d2450e8,normal,0
1762980713.161484,0x58,8,0e6400000d2450e8,normal,0
1762980713.1614933,0x6d,8,000000000d2450e8,normal,0
1762980713.1615033,0x1c9,8,000000000d2450e8,normal,0
1762980713.2019482,0x1a,8,00000000913d55bd,normal,0
1762980713.2019606,0x2f,8,0bff0000913d55bd,normal,0
1762980713.201965,0x43,8,00000000913d55bd,normal,0
1762980713.2019687,0x58,8,0e640000913d55bd,normal,0
1762980713.2019725,0x6d,8,00000000913d55bd,normal,0
1762980713.2019765,0x1c9,8,00000000913d55bd,normal,0
1762980713.23701,0x1a,8,00000000c326e2c7,normal,0
1762980713.2370262,0x2f,8,0bff0000c326e2c7,normal,0
1762980713.2370312,0x43,8,00000000c326e2c7,normal,0
1762980713.237035,0x58,8,0e640000c326e2c7,normal,0
1762980713.2370384,0x6d,8,00000000c326e2c7,normal,0
1762980713.2370427,0x1c9,8,00000000c326e2c7,normal,0
1762980713.2653916,0x1a,8,00000000dd0d0450,normal,0
1762980713.2654064,0x2f,8,0bff0000dd0d0450,normal,0
1762980713.2654107,0x43,8,00000000dd0d0450,normal,0
1762980713.2654142,0x58,8,0e640000dd0d0450,normal,0
1762980713.2654173,0x6d,8,00000000dd0d0450,normal,0
1762980713.2654214,0x1c9,8,00000000dd0d0450,normal,0
1762980713.2929306,0x1a,8,000000000e78c89b,normal,0
1762980713.292945,0x2f,8,0bff00000e78c89b,normal,0
1762980713.2929494,0x43,8,000100000e78c89b,normal,0
1762980713.292953,0x58,8,0e6400000e78c89b,normal,0
1762980713.2929566,0x6d,8,000000000e78c89b,normal,0
1762980713.2929606,0x1c9,8,000000000e78c89b,normal,0
1762980713.3210635,0x1a,8,000000007cb16773,normal,0
1762980713.3210745,0x2f,8,0bff00007cb16773,normal,0
1762980713.3210785,0x43,8,000000007cb16773,normal,0
1762980713.3210816,0x58,8,0e6400007cb16773,normal,0
1762980713.321085,0x6d,8,000000007cb16773,normal,0
1762980713.321089,0x1c9,8,000000007cb16773,normal,0
1762980713.3781667,0x1a,8,00000000c477d899,normal,0
1762980713.3781786,0x2f,8,0bff0000c477d899,normal,0
1762980713.3781836,0x43,8,00000000c477d899,normal,0
1762980713.3781874,0x58,8,0e640000c477d899,normal,0
1762980713.3781912,0x6d,8,00000000c477d899,normal,0
1762980713.3781955,0x1c9,8,00000000c477d899,normal,0
1762980713.4303586,0x1a,8,00000000f7420249,normal,0
1762980713.4303703,0x2f,8,0bff0000f7420249,normal,0
1762980713.4303753,0x43,8,00000000f7420249,normal,0
1762980713.4303792,0x58,8,0e640000f7420249,normal,0
1762980713.4303827,0x6d,8,00000000f7420249,normal,0
1762980713.4303865,0x1c9,8,00000000f7420249,normal,0
1762980713.4572742,0x1a,8,000000001eaf113a,normal,0
1762980713.4573064,0x2f,8,0bff00001eaf113a,normal,0
1762980713.4573119,0x43,8,000000001eaf113a,normal,0
1762980713.4573164,0x58,8,0e6400001eaf113a,normal,0
1762980713.4573205,0x6d,8,000000001eaf113a,normal,0
1762980713.4573257,0x1c9,8,000000001eaf113a,normal,0
1762980713.4865625,0x1a,8,0000000039da0f52,normal,0
1762980713.4865737,0x2f,8,0bff000039da0f52,normal,0
1762980713.4865785,0x43,8,0000000039da0f52,normal,0
1762980713.486582,0x58,8,0e64000039da0f52,normal,0
1762980713.4865851,0x6d,8,0000000039da0f52,normal,0
1762980713.4865894,0x1c9,8,0000000039da0f52,normal,0
1762980713.5149803,0x1a,8,000000003f7b9b6a,normal,0
1762980713.5150068,0x2f,8,0bff00003f7b9b6a,normal,0
1762980713.5150185,0x43,8,000000003f7b9b6a,normal,0
1762980713.515029,0x58,8,0e6400003f7b9b6a,normal,0
1762980713.5150385,0x6d,8,000000003f7b9b6a,normal,0
1762980713.515049,0x1c9,8,000000003f7b9b6a,normal,0
1762980713.567445,0x1a,8,00000000aa44c61c,normal,0
1762980713.5674593,0x2f,8,0bff0000aa44c61c,normal,0
1762980713.5674653,0x43,8,00000000aa44c61c,normal,0
1762980713.5674698,0x58,8,0e640000aa44c61c,normal,0
1762980713.567474,0x6d,8,00000000aa44c61c,normal,0
1762980713.5674794,0x1c9,8,00000000aa44c61c,normal,0
1762980713.6005015,0x1a,8,000000004a5ceb06,normal,0
1762980713.6005173,0x2f,8,0bff00004a5ceb06,normal,0
1762980713.6005232,0x43,8,000000004a5ceb06,normal,0
1762980713.6005278,0x58,8,0e6400004a5ceb06,normal,0
1762980713.6005318,0x6d,8,000000004a5ceb06,normal,0
1762980713.6005366,0x1c9,8,000000004a5ceb06,normal,0
1762980713.6330178,0x1a,8,00000000da7dab0a,normal,0
1762980713.6330314,0x2f,8,0bff0000da7dab0a,normal,0
1762980713.633037,0x43,8,00000000da7dab0a,normal,0
1762980713.6330416,0x58,8,0e640000da7dab0a,normal,0
1762980713.633046,0x6d,8,00000000da7dab0a,normal,0
1762980713.6330516,0x1c9,8,00000000da7dab0a,normal,0
1762980713.6718905,0x1a,8,00000000993a89d2,normal,0
1762980713.6719062,0x2f,8,0bff0000993a89d2,normal,0
1762980713.6719122,0x43,8,00000000993a89d2,normal,0
1762980713.6719165,0x58,8,0e640000993a89d2,normal,0
1762980713.671921,0x6d,8,00000000993a89d2,normal,0
1762980713.6719263,0x1c9,8,00000000993a89d2,normal,0
1762980713.710284,0x1a,8,0000000025f7c4a6,normal,0
1762980713.710309,0x2f,8,0bff000025f7c4a6,normal,0
1762980713.7103202,0x43,8,0000000025f7c4a6,normal,0
1762980713.7103302,0x58,8,0e64000025f7c4a6,normal,0
1762980713.7103398,0x6d,8,0000000025f7c4a6,normal,0
1762980713.7103498,0x1c9,8,0000000025f7c4a6,normal,0
1762980713.7558498,0x1a,8,00000000b53a630f,normal,0
1762980713.75587,0x2f,8,0bff0000b53a630f,normal,0
1762980713.7558749,0x43,8,00000000b53a630f,normal,0
1762980713.7558787,0x58,8,0e640000b53a630f,normal,0
1762980713.755882,0x6d,8,00000000b53a630f,normal,0
1762980713.7558863,0x1c9,8,00000000b53a630f,normal,0
1762980713.7894974,0x1a,8,00000000c293cd41,normal,0
1762980713.7895088,0x2f,8,0bff0000c293cd41,normal,0
1762980713.7895133,0x43,8,00000000c293cd41,normal,0
1762980713.7895172,0x58,8,0e640000c293cd41,normal,0
1762980713.7895205,0x6d,8,00000000c293cd41,normal,0
1762980713.7895248,0x1c9,8,00000000c293cd41,normal,0
1762980713.8182824,0x1a,8,00000000f0f309f5,normal,0
1762980713.818294,0x2f,8,0bff0000f0f309f5,normal,0
1762980713.8182983,0x43,8,00000000f0f309f5,normal,0
1762980713.8183017,0x58,8,0e640000f0f309f5,normal,0
1762980713.8183048,0x6d,8,00000000f0f309f5,normal,0
1762980713.8183088,0x1c9,8,00000000f0f309f5,normal,0
1762980713.8452392,0x1a,8,0000000069647d4d,normal,0
1762980713.8452506,0x2f,8,0bff000069647d4d,normal,0
1762980713.845255,0x43,8,0000000069647d4d,normal,0
1762980713.8452585,0x58,8,0e64000069647d4d,normal,0
1762980713.845262,0x6d,8,0000000069647d4d,normal,0
1762980713.8452663,0x1c9,8,0000000069647d4d,normal,0
1762980713.8993096,0x1a,8,00000000fe865b95,normal,0
1762980713.8993213,0x2f,8,0bff0000fe865b95,normal,0
1762980713.899326,0x43,8,00000000fe865b95,normal,0
1762980713.8993294,0x58,8,0e640000fe865b95,normal,0
1762980713.899333,0x6d,8,00000000fe865b95,normal,0
1762980713.899337,0x1c9,8,00000000fe865b95,normal,0
1762980713.9269826,0x1a,8,0000000079d84838,normal,0
1762980713.926994,0x2f,8,0bff000079d84838,normal,0
1762980713.9269984,0x43,8,0000000079d84838,normal,0
1762980713.9270017,0x58,8,0e64000079d84838,normal,0
1762980713.9270053,0x6d,8,0000000079d84838,normal,0
1762980713.9270098,0x1c9,8,0000000079d84838,normal,0
1762980713.9819572,0x1a,8,00000000e533035e,normal,0
1762980713.9819696,0x2f,8,0bff0000e533035e,normal,0
1762980713.9819744,0x43,8,00000000e533035e,normal,0
1762980713.9819782,0x58,8,0e640000e533035e,normal,0
1762980713.9819813,0x6d,8,00000000e533035e,normal,0
1762980713.9819858,0x1c9,8,00000000e533035e,normal,0
1762980714.0120382,0x1a,8,00000000ae4e0a66,normal,0
1762980714.0120509,0x2f,8,0bff0000ae4e0a66,normal,0
1762980714.0120556,0x43,8,00000000ae4e0a66,normal,0
1762980714.0120592,0x58,8,0e640000ae4e0a66,normal,0
1762980714.0120623,0x6d,8,00000000ae4e0a66,normal,0
1762980714.0120664,0x1c9,8,00000000ae4e0a66,normal,0
1762980714.0424838,0x1a,8,00000000316e239c,normal,0
1762980714.042504,0x2f,8,0bff0000316e239c,normal,0
1762980714.0425155,0x43,8,00000000316e239c,normal,0
1762980714.0425258,0x58,8,0e640000316e239c,normal,0
1762980714.0425353,0x6d,8,00000000316e239c,normal,0
1762980714.0425456,0x1c9,8,00000000316e239c,normal,0
1762980714.0701265,0x1a,8,00000000723e318f,normal,0
1762980714.0701401,0x2f,8,0bff0000723e318f,normal,0
1762980714.070145,0x43,8,00000000723e318f,normal,0
1762980714.0701487,0x58,8,0e640000723e318f,normal,0
1762980714.0701525,0x6d,8,00000000723e318f,normal,0
1762980714.0701568,0x1c9,8,00000000723e318f,normal,0
1762980714.104824,0x1a,8,00000000bcf613c2,normal,0
1762980714.104836,0x2f,8,0bff0000bcf613c2,normal,0
1762980714.104841,0x43,8,00000000bcf613c2,normal,0
1762980714.1048443,0x58,8,0e640000bcf613c2,normal,0
1762980714.104848,0x6d,8,00000000bcf613c2,normal,0
1762980714.1048522,0x1c9,8,00000000bcf613c2,normal,0
1762980714.1326807,0x1a,8,000000000cda0db8,normal,0
1762980714.1326952,0x2f,8,0bff00000cda0db8,normal,0
1762980714.1327,0x43,8,000000000cda0db8,normal,0
1762980714.1327035,0x58,8,0e6400000cda0db8,normal,0
1762980714.1327066,0x6d,8,000000000cda0db8,normal,0
1762980714.132711,0x1c9,8,000000000cda0db8,normal,0
1762980714.1614375,0x1a,8,000000002a26ae86,normal,0
1762980714.1614482,0x2f,8,0bff00002a26ae86,normal,0
1762980714.161453,0x43,8,000000002a26ae86,normal,0
1762980714.1614568,0x58,8,0e6400002a26ae86,normal,0
1762980714.1614602,0x6d,8,000000002a26ae86,normal,0
1762980714.1614645,0x1c9,8,000000002a26ae86,normal,0
1762980714.191486,0x1a,8,00000000d01e6395,normal,0
1762980714.191497,0x2f,8,0bff0000d01e6395,normal,0
1762980714.1915019,0x43,8,00000000d01e6395,normal,0
1762980714.1915057,0x58,8,0e640000d01e6395,normal,0
1762980714.191509,0x6d,8,00000000d01e6395,normal,0
1762980714.1915133,0x1c9,8,00000000d01e6395,normal,0
1762980714.2202458,0x1a,8,000000009cfdb28d,normal,0
1762980714.2202582,0x2f,8,0bff00009cfdb28d,normal,0
1762980714.2202632,0x43,8,000000009cfdb28d,normal,0
1762980714.2202673,0x58,8,0e6400009cfdb28d,normal,0
1762980714.2202709,0x6d,8,000000009cfdb28d,normal,0
1762980714.2202752,0x1c9,8,000000009cfdb28d,normal,0
1762980714.2499573,0x1a,8,00000000321184b5,normal,0
1762980714.2499778,0x2f,8,0bff0000321184b5,normal,0
1762980714.2499838,0x43,8,00000000321184b5,normal,0
1762980714.2499883,0x58,8,0e640000321184b5,normal,0
1762980714.2499926,0x6d,8,00000000321184b5,normal,0
1762980714.2499976,0x1c9,8,00000000321184b5,normal,0
1762980714.2792296,0x1a,8,00000000bf086b25,normal,0
1762980714.2792428,0x2f,8,0bff0000bf086b25,normal,0
1762980714.2792475,0x43,8,00000000bf086b25,normal,0
1762980714.2792509,0x58,8,0e640000bf086b25,normal,0
1762980714.279254,0x6d,8,00000000bf086b25,normal,0
1762980714.2792578,0x1c9,8,00000000bf086b25,normal,0
1762980714.3087745,0x1a,8,0000000009f4129b,normal,0
1762980714.3087854,0x2f,8,0bff000009f4129b,normal,0
1762980714.30879,0x43,8,0000000009f4129b,normal,0
1762980714.3087938,0x58,8,0e64000009f4129b,normal,0
1762980714.3087971,0x6d,8,0000000009f4129b,normal,0
1762980714.3088014,0x1c9,8,0000000009f4129b,normal,0
1762980714.335564,0x1a,8,00000000319c6be8,normal,0
1762980714.3355875,0x2f,8,0bff0000319c6be8,normal,0
1762980714.3355918,0x43,8,00000000319c6be8,normal,0
1762980714.3355951,0x58,8,0e640000319c6be8,normal,0
1762980714.335598,0x6d,8,00000000319c6be8,normal,0
1762980714.3356018,0x1c9,8,00000000319c6be8,normal,0
1762980714.3637743,0x1a,8,00000000678bf62e,normal,0
1762980714.3637862,0x2f,8,0bff0000678bf62e,normal,0
1762980714.3637903,0x43,8,00000000678bf62e,normal,0
1762980714.3637934,0x58,8,0e640000678bf62e,normal,0
1762980714.3637967,0x6d,8,00000000678bf62e,normal,0
1762980714.3638008,0x1c9,8,00000000678bf62e,normal,0
1762980714.3908277,0x1a,8,00000000bfab5d2c,normal,0
1762980714.3908386,0x2f,8,0bff0000bfab5d2c,normal,0
1762980714.390843,0x43,8,00000000bfab5d2c,normal,0
1762980714.3908463,0x58,8,0e640000bfab5d2c,normal,0
1762980714.390849,0x6d,8,00000000bfab5d2c,normal,0
1762980714.3908532,0x1c9,8,00000000bfab5d2c,normal,0
1762980714.4204493,0x1a,8,000000001f90fc8b,normal,0
1762980714.4204607,0x2f,8,0bff00001f90fc8b,normal,0
1762980714.420465,0x43,8,000000001f90fc8b,normal,0
1762980714.420469,0x58,8,0e6400001f90fc8b,normal,0
1762980714.4204724,0x6d,8,000000001f90fc8b,normal,0
1762980714.4204767,0x1c9,8,000000001f90fc8b,normal,0
1762980714.4552736,0x1a,8,0000000008f98e95,normal,0
1762980714.4552975,0x2f,8,0bff000008f98e95,normal,0
1762980714.455309,0x43,8,0000000008f98e95,normal,0
1762980714.4553194,0x58,8,0e64000008f98e95,normal,0
1762980714.455329,0x6d,8,0000000008f98e95,normal,0
1762980714.4553392,0x1c9,8,0000000008f98e95,normal,0
1762980714.4831288,0x1a,8,000000007e71437a,normal,0
1762980714.4831476,0x2f,8,0bff00007e71437a,normal,0
1762980714.483158,0x43,8,000000007e71437a,normal,0
1762980714.4831676,0x58,8,0e6400007e71437a,normal,0
1762980714.4831767,0x6d,8,000000007e71437a,normal,0
1762980714.4831862,0x1c9,8,000000007e71437a,normal,0
1762980714.5105956,0x1a,8,0000000055d029ea,normal,0
1762980714.5106082,0x2f,8,0bff000055d029ea,normal,0
1762980714.5106125,0x43,8,0000000055d029ea,normal,0
1762980714.510616,0x58,8,0e64000055d029ea,normal,0
1762980714.5106192,0x6d,8,0000000055d029ea,normal,0
1762980714.5106232,0x1c9,8,0000000055d029ea,normal,0
1762980714.5380893,0x1a,8,00000000a4a97f28,normal,0
1762980714.5381029,0x2f,8,0bff0000a4a97f28,normal,0
1762980714.5381072,0x43,8,00010000a4a97f28,normal,0
1762980714.5381112,0x58,8,0e640000a4a97f28,normal,0
1762980714.5381145,0x6d,8,00000000a4a97f28,normal,0
1762980714.5381186,0x1c9,8,00000000a4a97f28,normal,0
1762980714.5675433,0x1a,8,000000007a60778e,normal,0
1762980714.5675578,0x2f,8,0bff00007a60778e,normal,0
1762980714.5675626,0x43,8,000000007a60778e,normal,0
1762980714.5675676,0x58,8,0e6400007a60778e,normal,0
1762980714.5675714,0x6d,8,000000007a60778e,normal,0
1762980714.5675757,0x1c9,8,000000007a60778e,normal,0
1762980714.598037,0x1a,8,000000009e0e7123,normal,0
1762980714.5980499,0x2f,8,0bff00009e0e7123,normal,0
1762980714.5980546,0x43,8,000000009e0e7123,normal,0
1762980714.5980592,0x58,8,0e6400009e0e7123,normal,0
1762980714.5980635,0x6d,8,000000009e0e7123,normal,0
1762980714.5980685,0x1c9,8,000000009e0e7123,normal,0
1762980714.6275551,0x1a,8,00000000a834a5b7,normal,0
1762980714.6275666,0x2f,8,0bff0000a834a5b7,normal,0
1762980714.6275716,0x43,8,00000000a834a5b7,normal,0
1762980714.6275754,0x58,8,0e640000a834a5b7,normal,0
1762980714.627579,0x6d,8,00000000a834a5b7,normal,0
1762980714.6275837,0x1c9,8,00000000a834a5b7,normal,0
1762980714.6578803,0x1a,8,000000005a626bad,normal,0
1762980714.6579046,0x2f,8,0bff00005a626bad,normal,0
1762980714.657917,0x43,8,000000005a626bad,normal,0
1762980714.657928,0x58,8,0e6400005a626bad,normal,0
1762980714.6579378,0x6d,8,000000005a626bad,normal,0
1762980714.6579485,0x1c9,8,000000005a626bad,normal,0
1762980714.6875942,0x1a,8,00000000d24ac48b,normal,0
1762980714.6876178,0x2f,8,0bff0000d24ac48b,normal,0
1762980714.68763,0x43,8,00000000d24ac48b,normal,0
1762980714.687641,0x58,8,0e640000d24ac48b,normal,0
1762980714.6876512,0x6d,8,00000000d24ac48b,normal,0
1762980714.6876616,0x1c9,8,00000000d24ac48b,normal,0
1762980714.7154438,0x1a,8,00000000e4f44423,normal,0
1762980714.715455,0x2f,8,0bff0000e4f44423,normal,0
1762980714.7154593,0x43,8,00000000e4f44423,normal,0
1762980714.7154627,0x58,8,0e640000e4f44423,normal,0
1762980714.7154663,0x6d,8,00000000e4f44423,normal,0
1762980714.7154708,0x1c9,8,00000000e4f44423,normal,0
1762980714.7692895,0x1a,8,000000003ffe2733,normal,0
1762980714.7693105,0x2f,8,0bff00003ffe2733,normal,0
1762980714.7693217,0x43,8,000000003ffe2733,normal,0
1762980714.7693315,0x58,8,0e6400003ffe2733,normal,0
1762980714.7693408,0x6d,8,000000003ffe2733,normal,0
1762980714.7693505,0x1c9,8,000000003ffe2733,normal,0
1762980714.8028429,0x1a,8,0000000038fff877,normal,0
1762980714.8028686,0x2f,8,0bff000038fff877,normal,0
1762980714.8028808,0x43,8,0000000038fff877,normal,0
1762980714.802891,0x58,8,0e64000038fff877,normal,0
1762980714.8029006,0x6d,8,0000000038fff877,normal,0
1762980714.8029106,0x1c9,8,0000000038fff877,normal,0
1762980714.837849,0x1a,8,000000000d035179,normal,0
1762980714.8378742,0x2f,8,0bff00000d035179,normal,0
1762980714.837886,0x43,8,000100000d035179,normal,0
1762980714.837897,0x58,8,0e6400000d035179,normal,0
1762980714.8379073,0x6d,8,000000000d035179,normal,0
1762980714.8379178,0x1c9,8,000000000d035179,normal,0
1762980714.8708842,0x1a,8,0000000056b1e1f6,normal,0
1762980714.8709295,0x2f,8,0bff000056b1e1f6,normal,0
1762980714.8709338,0x43,8,0000000056b1e1f6,normal,0
1762980714.870937,0x58,8,0e64000056b1e1f6,normal,0
1762980714.8709402,0x6d,8,0000000056b1e1f6,normal,0
1762980714.8709443,0x1c9,8,0000000056b1e1f6,normal,0
1762980714.9102943,0x1a,8,00000000557aabac,normal,0
1762980714.910315,0x2f,8,0bff0000557aabac,normal,0
1762980714.910326,0x43,8,00000000557aabac,normal,0
1762980714.910336,0x58,8,0e640000557aabac,normal,0
1762980714.9103458,0x6d,8,00000000557aabac,normal,0
1762980714.9103556,0x1c9,8,00000000557aabac,normal,0
1762980714.9458284,0x1a,8,0000000085da5731,normal,0
1762980714.9458497,0x2f,8,0bff000085da5731,normal,0
1762980714.9458635,0x43,8,0000000085da5731,normal,0
1762980714.9458742,0x58,8,0e64000085da5731,normal,0
1762980714.9458842,0x6d,8,0000000085da5731,normal,0
1762980714.9458947,0x1c9,8,0000000085da5731,normal,0
1762980714.9856007,0x1a,8,0000000077e108ae,normal,0
1762980714.9856224,0x2f,8,0bff000077e108ae,normal,0
1762980714.985634,0x43,8,0000000077e108ae,normal,0
1762980714.9856446,0x58,8,0e64000077e108ae,normal,0
1762980714.985654,0x6d,8,0000000077e108ae,normal,0
1762980714.9856641,0x1c9,8,0000000077e108ae,normal,0
1762980715.0168815,0x1a,8,000000000ed76446,normal,0
1762980715.0168986,0x2f,8,0bff00000ed76446,normal,0
1762980715.0169036,0x43,8,000000000ed76446,normal,0
1762980715.016908,0x58,8,0e6400000ed76446,normal,0
1762980715.0169113,0x6d,8,000000000ed76446,normal,0
1762980715.016916,0x1c9,8,000000000ed76446,normal,0
1762980715.04496,0x1a,8,0000000056624aba,normal,0
1762980715.0449734,0x2f,8,0bff000056624aba,normal,0
1762980715.044978,0x43,8,0000000056624aba,normal,0
1762980715.0449817,0x58,8,0e64000056624aba,normal,0
1762980715.0449853,0x6d,8,0000000056624aba,normal,0
1762980715.0449893,0x1c9,8,0000000056624aba,normal,0
1762980715.1018174,0x1a,8,000000002a55fcd3,normal,0
1762980715.1018403,0x2f,8,0bff00002a55fcd3,normal,0
1762980715.1018517,0x43,8,000000002a55fcd3,normal,0
1762980715.1018662,0x58,8,0e6400002a55fcd3,normal,0
1762980715.1018767,0x6d,8,000000002a55fcd3,normal,0
1762980715.1018867,0x1c9,8,000000002a55fcd3,normal,0
1762980715.1294243,0x1a,8,00000000f1bc5bae,normal,0
1762980715.129437,0x2f,8,0bff0000f1bc5bae,normal,0
1762980715.1294415,0x43,8,00000000f1bc5bae,normal,0
1762980715.1294448,0x58,8,0e640000f1bc5bae,normal,0
1762980715.1294482,0x6d,8,00000000f1bc5bae,normal,0
1762980715.129452,0x1c9,8,00000000f1bc5bae,normal,0
1762980715.1570497,0x1a,8,00000000f54f7bc3,normal,0
1762980715.157061,0x2f,8,0bff0000f54f7bc3,normal,0
1762980715.1570654,0x43,8,00000000f54f7bc3,normal,0
1762980715.157069,0x58,8,0e640000f54f7bc3,normal,0
1762980715.1570725,0x6d,8,00000000f54f7bc3,normal,0
1762980715.1570766,0x1c9,8,00000000f54f7bc3,normal,0
1762980715.1926951,0x1a,8,000000009379f8f7,normal,0
1762980715.192706,0x2f,8,0bff00009379f8f7,normal,0
1762980715.1927109,0x43,8,000000009379f8f7,normal,0
1762980715.192715,0x58,8,0e6400009379f8f7,normal,0
1762980715.1927183,0x6d,8,000000009379f8f7,normal,0
1762980715.1927228,0x1c9,8,000000009379f8f7,normal,0
1762980715.222634,0x1a,8,000000006daabf27,normal,0
1762980715.2226465,0x2f,8,0bff00006daabf27,normal,0
1762980715.222651,0x43,8,000000006daabf27,normal,0
1762980715.222655,0x58,8,0e6400006daabf27,normal,0
1762980715.2226584,0x6d,8,000000006daabf27,normal,0
1762980715.2226622,0x1c9,8,000000006daabf27,normal,0
1762980715.256062,0x1a,8,00000000f2955a2b,normal,0
1762980715.2560768,0x2f,8,0bff0000f2955a2b,normal,0
1762980715.2560809,0x43,8,00000000f2955a2b,normal,0
1762980715.2560844,0x58,8,0e640000f2955a2b,normal,0
1762980715.256088,0x6d,8,00000000f2955a2b,normal,0
1762980715.2560918,0x1c9,8,00000000f2955a2b,normal,0
1762980715.288774,0x1a,8,00000000ba2ffe29,normal,0
1762980715.2887857,0x2f,8,0bff0000ba2ffe29,normal,0
1762980715.2887902,0x43,8,00000000ba2ffe29,normal,0
1762980715.2887943,0x58,8,0e640000ba2ffe29,normal,0
1762980715.2887974,0x6d,8,00000000ba2ffe29,normal,0
1762980715.2888014,0x1c9,8,00000000ba2ffe29,normal,0
1762980715.3262985,0x1a,8,00000000d5ccf848,normal,0
1762980715.3263197,0x2f,8,0bff0000d5ccf848,normal,0
1762980715.3263311,0x43,8,00000000d5ccf848,normal,0
1762980715.3263416,0x58,8,0e640000d5ccf848,normal,0
1762980715.3263514,0x6d,8,00000000d5ccf848,normal,0
1762980715.3263614,0x1c9,8,00000000d5ccf848,normal,0
1762980715.360348,0x1a,8,000000008082609b,normal,0
1762980715.3603609,0x2f,8,0bff00008082609b,normal,0
1762980715.3603666,0x43,8,000000008082609b,normal,0
1762980715.360371,0x58,8,0e6400008082609b,normal,0
1762980715.3603754,0x6d,8,000000008082609b,normal,0
1762980715.3603814,0x1c9,8,000000008082609b,normal,0
1762980715.3981187,0x1a,8,00000000e2b1cae2,normal,0
1762980715.3981411,0x2f,8,0bff0000e2b1cae2,normal,0
1762980715.398153,0x43,8,00000000e2b1cae2,normal,0
1762980715.3981636,0x58,8,0e640000e2b1cae2,normal,0
1762980715.3981736,0x6d,8,00000000e2b1cae2,normal,0
1762980715.398184,0x1c9,8,00000000e2b1cae2,normal,0
1762980715.4322824,0x1a,8,0000000012626a1a,normal,0
1762980715.4323037,0x2f,8,0bff000012626a1a,normal,0
1762980715.4323153,0x43,8,0001000012626a1a,normal,0
1762980715.4323258,0x58,8,0e64000012626a1a,normal,0
1762980715.4323359,0x6d,8,0000000012626a1a,normal,0
1762980715.4323463,0x1c9,8,0000000012626a1a,normal,0
1762980715.4742641,0x1a,8,000000000476e758,normal,0
1762980715.4742765,0x2f,8,0bff00000476e758,normal,0
1762980715.4742808,0x43,8,000100000476e758,normal,0
1762980715.4742844,0x58,8,0e6400000476e758,normal,0
1762980715.474288,0x6d,8,000000000476e758,normal,0
1762980715.474292,0x1c9,8,000000000476e758,normal,0
1762980715.5074484,0x1a,8,00000000b0cd34cb,normal,0
1762980715.507461,0x2f,8,0bff0000b0cd34cb,normal,0
1762980715.5074656,0x43,8,00010000b0cd34cb,normal,0
1762980715.5074694,0x58,8,0e640000b0cd34cb,normal,0
1762980715.507473,0x6d,8,00000000b0cd34cb,normal,0
1762980715.5074773,0x1c9,8,00000000b0cd34cb,normal,0
1762980715.5603967,0x1a,8,00000000fee41ce2,normal,0
1762980715.5604076,0x2f,8,0bff0000fee41ce2,normal,0
1762980715.5604122,0x43,8,00010000fee41ce2,normal,0
1762980715.560416,0x58,8,0e640000fee41ce2,normal,0
1762980715.5604196,0x6d,8,00000000fee41ce2,normal,0
1762980715.5604236,0x1c9,8,00000000fee41ce2,normal,0
1762980715.5931058,0x1a,8,000000000d96dc45,normal,0
1762980715.593117,0x2f,8,0bff00000d96dc45,normal,0
1762980715.5931215,0x43,8,000000000d96dc45,normal,0
1762980715.593125,0x58,8,0e6400000d96dc45,normal,0
1762980715.5931284,0x6d,8,000000000d96dc45,normal,0
1762980715.5931327,0x1c9,8,000000000d96dc45,normal,0
1762980715.6208036,0x1a,8,00000000d60b44a9,normal,0
1762980715.6208146,0x2f,8,0bff0000d60b44a9,normal,0
1762980715.620819,0x43,8,00000000d60b44a9,normal,0
1762980715.6208227,0x58,8,0e640000d60b44a9,normal,0
1762980715.6208262,0x6d,8,00000000d60b44a9,normal,0
1762980715.6208303,0x1c9,8,00000000d60b44a9,normal,0
1762980715.6760302,0x1a,8,000000001ed7eb43,normal,0
1762980715.6760423,0x2f,8,0bff00001ed7eb43,normal,0
1762980715.6760468,0x43,8,000200001ed7eb43,normal,0
1762980715.6760507,0x58,8,0e6400001ed7eb43,normal,0
1762980715.676054,0x6d,8,000000001ed7eb43,normal,0
1762980715.6760578,0x1c9,8,000000001ed7eb43,normal,0
1762980715.7043092,0x1a,8,00000000ff0d4205,normal,0
1762980715.7043266,0x2f,8,0bff0000ff0d4205,normal,0
1762980715.7043312,0x43,8,00000000ff0d4205,normal,0
1762980715.7043345,0x58,8,0e640000ff0d4205,normal,0
1762980715.7043378,0x6d,8,00000000ff0d4205,normal,0
1762980715.704342,0x1c9,8,00000000ff0d4205,normal,0
1762980715.7398748,0x1a,8,0000000010691fb5,normal,0
1762980715.7398973,0x2f,8,0bff000010691fb5,normal,0
1762980715.7399096,0x43,8,0000000010691fb5,normal,0
1762980715.73992,0x58,8,0e64000010691fb5,normal,0
1762980715.7399297,0x6d,8,0000000010691fb5,normal,0
1762980715.7399397,0x1c9,8,0000000010691fb5,normal,0
1762980715.772306,0x1a,8,00000000ba52f69b,normal,0
1762980715.772515,0x2f,8,0bff0000ba52f69b,normal,0
1762980715.7725272,0x43,8,00000000ba52f69b,normal,0
1762980715.7725375,0x58,8,0e640000ba52f69b,normal,0
1762980715.7725472,0x6d,8,00000000ba52f69b,normal,0
1762980715.7725573,0x1c9,8,00000000ba52f69b,normal,0
1762980715.8130531,0x1a,8,000000008d61baf1,normal,0
1762980715.8130717,0x2f,8,0bff00008d61baf1,normal,0
1762980715.8130817,0x43,8,000000008d61baf1,normal,0
1762980715.813091,0x58,8,0e6400008d61baf1,normal,0
1762980715.8130999,0x6d,8,000000008d61baf1,normal,0
1762980715.8131087,0x1c9,8,000000008d61baf1,normal,0
1762980715.8526978,0x1a,8,00000000d9c30635,normal,0
1762980715.852718,0x2f,8,0bff0000d9c30635,normal,0
1762980715.8527298,0x43,8,00000000d9c30635,normal,0
1762980715.8527405,0x58,8,0e640000d9c30635,normal,0
1762980715.8527503,0x6d,8,00000000d9c30635,normal,0
1762980715.8527608,0x1c9,8,00000000d9c30635,normal,0
1762980715.8920677,0x1a,8,00000000595ba238,normal,0
1762980715.8920813,0x2f,8,0bff0000595ba238,normal,0
1762980715.892086,0x43,8,00000000595ba238,normal,0
1762980715.8920894,0x58,8,0e640000595ba238,normal,0
1762980715.892093,0x6d,8,00000000595ba238,normal,0
1762980715.8920972,0x1c9,8,00000000595ba238,normal,0
1762980715.9523175,0x1a,8,0000000060f829d4,normal,0
1762980715.9523382,0x2f,8,0bff000060f829d4,normal,0
1762980715.952349,0x43,8,0002000060f829d4,normal,0
1762980715.9523592,0x58,8,0e64000060f829d4,normal,0
1762980715.9523685,0x6d,8,0000000060f829d4,normal,0
1762980715.952378,0x1c9,8,0000000060f829d4,normal,0
1762980715.9836268,0x1a,8,00000000dfd16030,normal,0
1762980715.9836419,0x2f,8,0bff0000dfd16030,normal,0
1762980715.9836464,0x43,8,00000000dfd16030,normal,0
1762980715.98365,0x58,8,0e640000dfd16030,normal,0
1762980715.9836533,0x6d,8,00000000dfd16030,normal,0
1762980715.9836576,0x1c9,8,00000000dfd16030,normal,0
1762980716.0165863,0x1a,8,0000000038c55541,normal,0
1762980716.0165982,0x2f,8,0bff000038c55541,normal,0
1762980716.0166025,0x43,8,0000000038c55541,normal,0
1762980716.016606,0x58,8,0e64000038c55541,normal,0
1762980716.0166094,0x6d,8,0000000038c55541,normal,0
1762980716.0166137,0x1c9,8,0000000038c55541,normal,0
1762980716.0486898,0x1a,8,000000003ec92ecd,normal,0
1762980716.0487015,0x2f,8,0bff00003ec92ecd,normal,0
1762980716.0487065,0x43,8,000000003ec92ecd,normal,0
1762980716.0487103,0x58,8,0e6400003ec92ecd,normal,0
1762980716.048714,0x6d,8,000000003ec92ecd,normal,0
1762980716.0487185,0x1c9,8,000000003ec92ecd,normal,0
1762980716.0878286,0x1a,8,00000000473b3972,normal,0
1762980716.0878413,0x2f,8,0bff0000473b3972,normal,0
1762980716.0878456,0x43,8,00000000473b3972,normal,0
1762980716.0878491,0x58,8,0e640000473b3972,normal,0
1762980716.0878522,0x6d,8,00000000473b3972,normal,0
1762980716.0878563,0x1c9,8,00000000473b3972,normal,0
1762980716.1238155,0x1a,8,0000000003940633,normal,0
1762980716.1238277,0x2f,8,0bff000003940633,normal,0
1762980716.1238325,0x43,8,0000000003940633,normal,0
1762980716.123836,0x58,8,0e64000003940633,normal,0
1762980716.1238394,0x6d,8,0000000003940633,normal,0
1762980716.1238432,0x1c9,8,0000000003940633,normal,0
1762980716.161435,0x1a,8,000000003da0b444,normal,0
1762980716.1614494,0x2f,8,0bff00003da0b444,normal,0
1762980716.161454,0x43,8,000000003da0b444,normal,0
1762980716.161458,0x58,8,0e6400003da0b444,normal,0
1762980716.1614616,0x6d,8,000000003da0b444,normal,0
1762980716.1614656,0x1c9,8,000000003da0b444,normal,0
1762980716.198227,0x1a,8,0000000051f61e6c,normal,0
1762980716.1982388,0x2f,8,0bff000051f61e6c,normal,0
1762980716.1982434,0x43,8,0000000051f61e6c,normal,0
1762980716.1982467,0x58,8,0e64000051f61e6c,normal,0
1762980716.1982498,0x6d,8,0000000051f61e6c,normal,0
1762980716.1982543,0x1c9,8,0000000051f61e6c,normal,0
1762980716.228852,0x1a,8,000000003b3a1030,normal,0
1762980716.2288775,0x2f,8,0bff00003b3a1030,normal,0
1762980716.2288892,0x43,8,000100003b3a1030,normal,0
1762980716.2289,0x58,8,0e6400003b3a1030,normal,0
1762980716.2289102,0x6d,8,000000003b3a1030,normal,0
1762980716.2289205,0x1c9,8,000000003b3a1030,normal,0
1762980716.2886844,0x1a,8,000000009b1d9ecb,normal,0
1762980716.2886956,0x2f,8,0bff00009b1d9ecb,normal,0
1762980716.2887003,0x43,8,000000009b1d9ecb,normal,0
1762980716.2887037,0x58,8,0e6400009b1d9ecb,normal,0
1762980716.2887068,0x6d,8,000000009b1d9ecb,normal,0
1762980716.2887106,0x1c9,8,000000009b1d9ecb,normal,0
1762980716.3166902,0x1a,8,000000000c45fb5c,normal,0
1762980716.3167067,0x2f,8,0bff00000c45fb5c,normal,0
1762980716.316711,0x43,8,000000000c45fb5c,normal,0
1762980716.3167145,0x58,8,0e6400000c45fb5c,normal,0
1762980716.3167176,0x6d,8,000000000c45fb5c,normal,0
1762980716.3167233,0x1c9,8,000000000c45fb5c,normal,0
1762980716.347235,0x1a,8,00000000a0df5ef1,normal,0
1762980716.3472779,0x2f,8,0bff0000a0df5ef1,normal,0
1762980716.3472898,0x43,8,00010000a0df5ef1,normal,0
1762980716.3473,0x58,8,0e640000a0df5ef1,normal,0
1762980716.3473098,0x6d,8,00000000a0df5ef1,normal,0
1762980716.3473198,0x1c9,8,00000000a0df5ef1,normal,0
1762980716.380783,0x1a,8,00000000d878635c,normal,0
1762980716.3808002,0x2f,8,0bff0000d878635c,normal,0
1762980716.380806,0x43,8,00000000d878635c,normal,0
1762980716.3808107,0x58,8,0e640000d878635c,normal,0
1762980716.3808155,0x6d,8,00000000d878635c,normal,0
1762980716.3808215,0x1c9,8,00000000d878635c,normal,0
1762980716.4099512,0x1a,8,00000000d1071710,normal,0
1762980716.409963,0x2f,8,0bff0000d1071710,normal,0
1762980716.4099672,0x43,8,00010000d1071710,normal,0
1762980716.4099708,0x58,8,0e640000d1071710,normal,0
1762980716.409974,0x6d,8,00000000d1071710,normal,0
1762980716.4099784,0x1c9,8,00000000d1071710,normal,0
1762980716.437991,0x1a,8,00000000a3604306,normal,0
1762980716.4380023,0x2f,8,0bff0000a3604306,normal,0
1762980716.4380074,0x43,8,00000000a3604306,normal,0
1762980716.438011,0x58,8,0e640000a3604306,normal,0
1762980716.4380147,0x6d,8,00000000a3604306,normal,0
1762980716.4380193,0x1c9,8,00000000a3604306,normal,0
1762980716.4678514,0x1a,8,000000006107a9bc,normal,0
1762980716.467867,0x2f,8,0bff00006107a9bc,normal,0
1762980716.467872,0x43,8,000000006107a9bc,normal,0
1762980716.4678755,0x58,8,0e6400006107a9bc,normal,0
1762980716.4678788,0x6d,8,000000006107a9bc,normal,0
1762980716.4678829,0x1c9,8,000000006107a9bc,normal,0
1762980716.5036142,0x1a,8,0000000071c3771f,normal,0
1762980716.5036292,0x2f,8,0bff000071c3771f,normal,0
1762980716.5036335,0x43,8,0000000071c3771f,normal,0
1762980716.503637,0x58,8,0e64000071c3771f,normal,0
1762980716.5036407,0x6d,8,0000000071c3771f,normal,0
1762980716.5036447,0x1c9,8,0000000071c3771f,normal,0
1762980716.5373716,0x1a,8,000000002356848f,normal,0
1762980716.537384,0x2f,8,0bff00002356848f,normal,0
1762980716.5373886,0x43,8,000000002356848f,normal,0
1762980716.537392,0x58,8,0e6400002356848f,normal,0
1762980716.5373955,0x6d,8,000000002356848f,normal,0
1762980716.5373993,0x1c9,8,000000002356848f,normal,0
1762980716.5751576,0x1a,8,00000000b93ab350,normal,0
1762980716.5751786,0x2f,8,0bff0000b93ab350,normal,0
1762980716.5751905,0x43,8,00000000b93ab350,normal,0
1762980716.575201,0x58,8,0e640000b93ab350,normal,0
1762980716.575211,0x6d,8,00000000b93ab350,normal,0
1762980716.5752218,0x1c9,8,00000000b93ab350,normal,0
1762980716.610851,0x1a,8,000000001afde8a8,normal,0
1762980716.6108775,0x2f,8,0bff00001afde8a8,normal,0
1762980716.610882,0x43,8,000100001afde8a8,normal,0
1762980716.6108856,0x58,8,0e6400001afde8a8,normal,0
1762980716.6108892,0x6d,8,000000001afde8a8,normal,0
1762980716.6108935,0x1c9,8,000000001afde8a8,normal,0
1762980716.6492226,0x1a,8,0000000096a84817,normal,0
1762980716.6492345,0x2f,8,0bff000096a84817,normal,0
1762980716.649239,0x43,8,0000000096a84817,normal,0
1762980716.6492434,0x58,8,0e64000096a84817,normal,0
1762980716.6492467,0x6d,8,0000000096a84817,normal,0
1762980716.649251,0x1c9,8,0000000096a84817,normal,0
1762980716.6844459,0x1a,8,00000000e26fb504,normal,0
1762980716.684457,0x2f,8,0bff0000e26fb504,normal,0
1762980716.684461,0x43,8,00000000e26fb504,normal,0
1762980716.6844645,0x58,8,0e640000e26fb504,normal,0
1762980716.6844678,0x6d,8,00000000e26fb504,normal,0
1762980716.6844716,0x1c9,8,00000000e26fb504,normal,0
1762980716.7368002,0x1a,8,00000000f65da2f3,normal,0
1762980716.736811,0x2f,8,0bff0000f65da2f3,normal,0
1762980716.7368152,0x43,8,00010000f65da2f3,normal,0
1762980716.7368183,0x58,8,0e640000f65da2f3,normal,0
1762980716.736822,0x6d,8,00000000f65da2f3,normal,0
1762980716.736826,0x1c9,8,00000000f65da2f3,normal,0
1762980716.7687619,0x1a,8,00000000efa10e18,normal,0
1762980716.7687736,0x2f,8,0bff0000efa10e18,normal,0
1762980716.768778,0x43,8,00000000efa10e18,normal,0
1762980716.768782,0x58,8,0e640000efa10e18,normal,0
1762980716.7687852,0x6d,8,00000000efa10e18,normal,0
1762980716.7687893,0x1c9,8,00000000efa10e18,normal,0
1762980716.7964954,0x1a,8,00000000eb0eb521,normal,0
1762980716.7965062,0x2f,8,0bff0000eb0eb521,normal,0
1762980716.796511,0x43,8,00000000eb0eb521,normal,0
1762980716.7965145,0x58,8,0e640000eb0eb521,normal,0
1762980716.7965178,0x6d,8,00000000eb0eb521,normal,0
1762980716.796522,0x1c9,8,00000000eb0eb521,normal,0
1762980716.8253307,0x1a,8,00000000a5789f2d,normal,0
1762980716.825343,0x2f,8,0bff0000a5789f2d,normal,0
1762980716.8253474,0x43,8,00000000a5789f2d,normal,0
1762980716.825351,0x58,8,0e640000a5789f2d,normal,0
1762980716.825354,0x6d,8,00000000a5789f2d,normal,0
1762980716.8253582,0x1c9,8,00000000a5789f2d,normal,0
1762980716.855969,0x1a,8,0000000013d2229a,normal,0
1762980716.855991,0x2f,8,0bff000013d2229a,normal,0
1762980716.8560026,0x43,8,0000000013d2229a,normal,0
1762980716.8560126,0x58,8,0e64000013d2229a,normal,0
1762980716.8560224,0x6d,8,0000000013d2229a,normal,0
1762980716.8560326,0x1c9,8,0000000013d2229a,normal,0
1762980716.891856,0x1a,8,000000009014efab,normal,0
1762980716.8918762,0x2f,8,0bff00009014efab,normal,0
1762980716.8918812,0x43,8,000000009014efab,normal,0
1762980716.8918855,0x58,8,0e6400009014efab,normal,0
1762980716.89189,0x6d,8,000000009014efab,normal,0
1762980716.8918953,0x1c9,8,000000009014efab,normal,0
1762980716.9278579,0x1a,8,000000004f7e2097,normal,0
1762980716.9278746,0x2f,8,0bff00004f7e2097,normal,0
1762980716.9278798,0x43,8,000100004f7e2097,normal,0
1762980716.9278836,0x58,8,0e6400004f7e2097,normal,0
1762980716.9278872,0x6d,8,000000004f7e2097,normal,0
1762980716.9278917,0x1c9,8,000000004f7e2097,normal,0
1762980716.9647944,0x1a,8,000000003f0378eb,normal,0
1762980716.9648058,0x2f,8,0bff00003f0378eb,normal,0
1762980716.9648104,0x43,8,000000003f0378eb,normal,0
1762980716.9648142,0x58,8,0e6400003f0378eb,normal,0
1762980716.964817,0x6d,8,000000003f0378eb,normal,0
1762980716.9648209,0x1c9,8,000000003f0378eb,normal,0
1762980717.0047696,0x1a,8,00000000e7796e49,normal,0
1762980717.0047805,0x2f,8,0bff0000e7796e49,normal,0
1762980717.0047843,0x43,8,00000000e7796e49,normal,0
1762980717.0047877,0x58,8,0e640000e7796e49,normal,0
1762980717.0047913,0x6d,8,00000000e7796e49,normal,0
1762980717.0047953,0x1c9,8,00000000e7796e49,normal,0
1762980717.0461144,0x1a,8,00000000989f3ac4,normal,0
1762980717.0461347,0x2f,8,0bff0000989f3ac4,normal,0
1762980717.0461445,0x43,8,00000000989f3ac4,normal,0
1762980717.0461538,0x58,8,0e640000989f3ac4,normal,0
1762980717.0461624,0x6d,8,00000000989f3ac4,normal,0
1762980717.0461714,0x1c9,8,00000000989f3ac4,normal,0
1762980717.0806787,0x1a,8,000000000172f0cf,normal,0
1762980717.080691,0x2f,8,0bff00000172f0cf,normal,0
1762980717.0806952,0x43,8,000100000172f0cf,normal,0
1762980717.0806987,0x58,8,0e6400000172f0cf,normal,0
1762980717.0807023,0x6d,8,000000000172f0cf,normal,0
1762980717.0807068,0x1c9,8,000000000172f0cf,normal,0
1762980717.1079457,0x1a,8,00000000be5b78c7,normal,0
1762980717.1079664,0x2f,8,0bff0000be5b78c7,normal,0
1762980717.1079779,0x43,8,00000000be5b78c7,normal,0
1762980717.1079884,0x58,8,0e640000be5b78c7,normal,0
1762980717.107998,0x6d,8,00000000be5b78c7,normal,0
1762980717.1080084,0x1c9,8,00000000be5b78c7,normal,0
1762980717.1368904,0x1a,8,0000000034741e6e,normal,0
1762980717.1369028,0x2f,8,0bff000034741e6e,normal,0
1762980717.1369076,0x43,8,0001000034741e6e,normal,0
1762980717.1369114,0x58,8,0e64000034741e6e,normal,0
1762980717.1369147,0x6d,8,0000000034741e6e,normal,0
1762980717.136919,0x1c9,8,0000000034741e6e,normal,0
1762980717.1681292,0x1a,8,0000000093aa455c,normal,0
1762980717.1681411,0x2f,8,0bff000093aa455c,normal,0
1762980717.1681452,0x43,8,0000000093aa455c,normal,0
1762980717.1681485,0x58,8,0e64000093aa455c,normal,0
1762980717.1681519,0x6d,8,0000000093aa455c,normal,0
1762980717.1681561,0x1c9,8,0000000093aa455c,normal,0
1762980717.196709,0x1a,8,000000004ad0d8e9,normal,0
1762980717.1967201,0x2f,8,0bff00004ad0d8e9,normal,0
1762980717.196725,0x43,8,000100004ad0d8e9,normal,0
1762980717.1967287,0x58,8,0e6400004ad0d8e9,normal,0
1762980717.196732,0x6d,8,000000004ad0d8e9,normal,0
1762980717.1967363,0x1c9,8,000000004ad0d8e9,normal,0
1762980717.225903,0x1a,8,000000006540b922,normal,0
1762980717.2259142,0x2f,8,0bff00006540b922,normal,0
1762980717.2259188,0x43,8,000000006540b922,normal,0
1762980717.2259228,0x58,8,0e6400006540b922,normal,0
1762980717.2259262,0x6d,8,000000006540b922,normal,0
1762980717.2259307,0x1c9,8,000000006540b922,normal,0
1762980717.2550273,0x1a,8,00000000ce23fe02,normal,0
1762980717.2550392,0x2f,8,0bff0000ce23fe02,normal,0
1762980717.2550435,0x43,8,00000000ce23fe02,normal,0
1762980717.2550473,0x58,8,0e640000ce23fe02,normal,0
1762980717.2550507,0x6d,8,00000000ce23fe02,normal,0
1762980717.255055,0x1c9,8,00000000ce23fe02,normal,0
1762980717.2833295,0x1a,8,00000000ef0a5252,normal,0
1762980717.2833405,0x2f,8,0bff0000ef0a5252,normal,0
1762980717.2833447,0x43,8,00000000ef0a5252,normal,0
1762980717.2833483,0x58,8,0e640000ef0a5252,normal,0
1762980717.2833517,0x6d,8,00000000ef0a5252,normal,0
1762980717.2833557,0x1c9,8,00000000ef0a5252,normal,0
1762980717.3402514,0x1a,8,00000000d477244d,normal,0
1762980717.3402724,0x2f,8,0bff0000d477244d,normal,0
1762980717.340284,0x43,8,00010000d477244d,normal,0
1762980717.3402944,0x58,8,0e640000d477244d,normal,0
1762980717.340304,0x6d,8,00000000d477244d,normal,0
1762980717.3403146,0x1c9,8,00000000d477244d,normal,0
1762980717.375687,0x1a,8,000000006cec5578,normal,0
1762980717.3757002,0x2f,8,0bff00006cec5578,normal,0
1762980717.375705,0x43,8,000000006cec5578,normal,0
1762980717.3757088,0x58,8,0e6400006cec5578,normal,0
1762980717.3757122,0x6d,8,000000006cec5578,normal,0
1762980717.375717,0x1c9,8,000000006cec5578,normal,0
1762980717.4102736,0x1a,8,00000000430d693d,normal,0
1762980717.4102962,0x2f,8,0bff0000430d693d,normal,0
1762980717.4103086,0x43,8,00000000430d693d,normal,0
1762980717.4103196,0x58,8,0e640000430d693d,normal,0
1762980717.4103303,0x6d,8,00000000430d693d,normal,0
1762980717.4103413,0x1c9,8,00000000430d693d,normal,0
1762980717.449172,0x1a,8,00000000a6384294,normal,0
1762980717.4491837,0x2f,8,0bff0000a6384294,normal,0
1762980717.4491878,0x43,8,00000000a6384294,normal,0
1762980717.449191,0x58,8,0e640000a6384294,normal,0
1762980717.4491942,0x6d,8,00000000a6384294,normal,0
1762980717.4491982,0x1c9,8,00000000a6384294,normal,0
1762980717.5222325,0x1a,8,00000000500bd43e,normal,0
1762980717.5222445,0x2f,8,0bff0000500bd43e,normal,0
1762980717.5222492,0x43,8,00000000500bd43e,normal,0
1762980717.5222533,0x58,8,0e640000500bd43e,normal,0
1762980717.5222566,0x6d,8,00000000500bd43e,normal,0
1762980717.5222607,0x1c9,8,00000000500bd43e,normal,0
1762980717.5599878,0x1a,8,000000009d73c396,normal,0
1762980717.5600016,0x2f,8,0bff00009d73c396,normal,0
1762980717.5600073,0x43,8,000000009d73c396,normal,0
1762980717.5600119,0x58,8,0e6400009d73c396,normal,0
1762980717.560016,0x6d,8,000000009d73c396,normal,0
1762980717.560021,0x1c9,8,000000009d73c396,normal,0
1762980717.588279,0x1a,8,000000002655dd77,normal,0
1762980717.5882907,0x2f,8,0bff00002655dd77,normal,0
1762980717.588295,0x43,8,000000002655dd77,normal,0
1762980717.5882988,0x58,8,0e6400002655dd77,normal,0
1762980717.5883024,0x6d,8,000000002655dd77,normal,0
1762980717.5883062,0x1c9,8,000000002655dd77,normal,0
1762980717.622471,0x1a,8,000000000f85b266,normal,0
1762980717.622485,0x2f,8,0bff00000f85b266,normal,0
1762980717.6224904,0x43,8,000000000f85b266,normal,0
1762980717.622495,0x58,8,0e6400000f85b266,normal,0
1762980717.622499,0x6d,8,000000000f85b266,normal,0
1762980717.622504,0x1c9,8,000000000f85b266,normal,0
1762980717.6924052,0x1a,8,00000000ddef0c1a,normal,0
1762980717.6924167,0x2f,8,0bff0000ddef0c1a,normal,0
1762980717.6924207,0x43,8,00000000ddef0c1a,normal,0
1762980717.692424,0x58,8,0e640000ddef0c1a,normal,0
1762980717.6924274,0x6d,8,00000000ddef0c1a,normal,0
1762980717.6924317,0x1c9,8,00000000ddef0c1a,normal,0
1762980717.7297697,0x1a,8,000000003fc7300b,normal,0
1762980717.7297826,0x2f,8,0bff00003fc7300b,normal,0
1762980717.729787,0x43,8,000000003fc7300b,normal,0
1762980717.7297919,0x58,8,0e6400003fc7300b,normal,0
1762980717.7297955,0x6d,8,000000003fc7300b,normal,0
1762980717.7297995,0x1c9,8,000000003fc7300b,normal,0
1762980717.7685268,0x1a,8,00000000d080a9d0,normal,0
1762980717.7685418,0x2f,8,0bff0000d080a9d0,normal,0
1762980717.7685478,0x43,8,00000000d080a9d0,normal,0
1762980717.7685525,0x58,8,0e640000d080a9d0,normal,0
1762980717.7685566,0x6d,8,00000000d080a9d0,normal,0
1762980717.7685618,0x1c9,8,00000000d080a9d0,normal,0
1762980717.8075142,0x1a,8,00000000433580a9,normal,0
1762980717.8075268,0x2f,8,0bff0000433580a9,normal,0
1762980717.8075309,0x43,8,00010000433580a9,normal,0
1762980717.8075342,0x58,8,0e640000433580a9,normal,0
1762980717.8075376,0x6d,8,00000000433580a9,normal,0
1762980717.8075414,0x1c9,8,00000000433580a9,normal,0
1762980717.8442955,0x1a,8,00000000f2973782,normal,0
1762980717.8443172,0x2f,8,0bff0000f2973782,normal,0
1762980717.8443289,0x43,8,00010000f2973782,normal,0
1762980717.8443394,0x58,8,0e640000f2973782,normal,0
1762980717.8443494,0x6d,8,00000000f2973782,normal,0
1762980717.8443596,0x1c9,8,00000000f2973782,normal,0
1762980717.8779638,0x1a,8,00000000a9132b64,normal,0
1762980717.8779762,0x2f,8,0bff0000a9132b64,normal,0
1762980717.8779805,0x43,8,00010000a9132b64,normal,0
1762980717.877984,0x58,8,0e640000a9132b64,normal,0
1762980717.8779871,0x6d,8,00000000a9132b64,normal,0
1762980717.8779912,0x1c9,8,00000000a9132b64,normal,0
1762980717.9121544,0x1a,8,00000000efd7b189,normal,0
1762980717.9121664,0x2f,8,0bff0000efd7b189,normal,0
1762980717.912171,0x43,8,00000000efd7b189,normal,0
1762980717.9121742,0x58,8,0e640000efd7b189,normal,0
1762980717.9121778,0x6d,8,00000000efd7b189,normal,0
1762980717.9121816,0x1c9,8,00000000efd7b189,normal,0
1762980717.9421182,0x1a,8,00000000fee3c320,normal,0
1762980717.94213,0x2f,8,0bff0000fee3c320,normal,0
1762980717.9421344,0x43,8,00000000fee3c320,normal,0
1762980717.9421382,0x58,8,0e640000fee3c320,normal,0
1762980717.9421413,0x6d,8,00000000fee3c320,normal,0
1762980717.9421456,0x1c9,8,00000000fee3c320,normal,0
1762980717.9852357,0x1a,8,00000000edeff2d7,normal,0
1762980717.985249,0x2f,8,0bff0000edeff2d7,normal,0
1762980717.9852545,0x43,8,00000000edeff2d7,normal,0
1762980717.985259,0x58,8,0e640000edeff2d7,normal,0
1762980717.985264,0x6d,8,00000000edeff2d7,normal,0
1762980717.9852698,0x1c9,8,00000000edeff2d7,normal,0
1762980718.0164511,0x1a,8,000000008a81b7a6,normal,0
1762980718.0164657,0x2f,8,0bff00008a81b7a6,normal,0
1762980718.0164697,0x43,8,000000008a81b7a6,normal,0
1762980718.0164728,0x58,8,0e6400008a81b7a6,normal,0
1762980718.0164762,0x6d,8,000000008a81b7a6,normal,0
1762980718.0164804,0x1c9,8,000000008a81b7a6,normal,0
1762980718.0518847,0x1a,8,0000000097a73879,normal,0
1762980718.0518966,0x2f,8,0bff000097a73879,normal,0
1762980718.0519013,0x43,8,0000000097a73879,normal,0
1762980718.051905,0x58,8,0e64000097a73879,normal,0
1762980718.051908,0x6d,8,0000000097a73879,normal,0
1762980718.0519123,0x1c9,8,0000000097a73879,normal,0
1762980718.0877283,0x1a,8,0000000055bcee3b,normal,0
1762980718.087739,0x2f,8,0bff000055bcee3b,normal,0
1762980718.087743,0x43,8,0000000055bcee3b,normal,0
1762980718.0877464,0x58,8,0e64000055bcee3b,normal,0
1762980718.0877495,0x6d,8,0000000055bcee3b,normal,0
1762980718.0877538,0x1c9,8,0000000055bcee3b,normal,0
1762980718.1159937,0x1a,8,000000008228ffd1,normal,0
1762980718.1160088,0x2f,8,0bff00008228ffd1,normal,0
1762980718.116014,0x43,8,000000008228ffd1,normal,0
1762980718.1160192,0x58,8,0e6400008228ffd1,normal,0
1762980718.1160226,0x6d,8,000000008228ffd1,normal,0
1762980718.1160269,0x1c9,8,000000008228ffd1,normal,0
1762980718.14504,0x1a,8,00000000a542de49,normal,0
1762980718.1450505,0x2f,8,0bff0000a542de49,normal,0
1762980718.1450553,0x43,8,00010000a542de49,normal,0
1762980718.1450589,0x58,8,0e640000a542de49,normal,0
1762980718.1450622,0x6d,8,00000000a542de49,normal,0
1762980718.145066,0x1c9,8,00000000a542de49,normal,0
1762980718.1801474,0x1a,8,00000000ccecff9e,normal,0
1762980718.1801713,0x2f,8,0bff0000ccecff9e,normal,0
1762980718.1801832,0x43,8,00010000ccecff9e,normal,0
1762980718.180194,0x58,8,0e640000ccecff9e,normal,0
1762980718.1802037,0x6d,8,00000000ccecff9e,normal,0
1762980718.180214,0x1c9,8,00000000ccecff9e,normal,0
1762980718.2130902,0x1a,8,000000002d834ecc,normal,0
1762980718.213105,0x2f,8,0bff00002d834ecc,normal,0
1762980718.213109,0x43,8,000000002d834ecc,normal,0
1762980718.213112,0x58,8,0e6400002d834ecc,normal,0
1762980718.2131152,0x6d,8,000000002d834ecc,normal,0
1762980718.2131195,0x1c9,8,000000002d834ecc,normal,0
1762980718.2527099,0x1a,8,0000000016af9cf3,normal,0
1762980718.252721,0x2f,8,0bff000016af9cf3,normal,0
1762980718.2527258,0x43,8,0000000016af9cf3,normal,0
1762980718.2527294,0x58,8,0e64000016af9cf3,normal,0
1762980718.252733,0x6d,8,0000000016af9cf3,normal,0
1762980718.2527373,0x1c9,8,0000000016af9cf3,normal,0
1762980718.2950225,0x1a,8,0000000036ea1434,normal,0
1762980718.2950337,0x2f,8,0bff000036ea1434,normal,0
1762980718.2950382,0x43,8,0000000036ea1434,normal,0
1762980718.295042,0x58,8,0e64000036ea1434,normal,0
1762980718.2950454,0x6d,8,0000000036ea1434,normal,0
1762980718.2950494,0x1c9,8,0000000036ea1434,normal,0
1762980718.3571143,0x1a,8,0000000017c4378b,normal,0
1762980718.357137,0x2f,8,0bff000017c4378b,normal,0
1762980718.357149,0x43,8,0000000017c4378b,normal,0
1762980718.3571594,0x58,8,0e64000017c4378b,normal,0
1762980718.3571694,0x6d,8,0000000017c4378b,normal,0
1762980718.3571796,0x1c9,8,0000000017c4378b,normal,0
1762980718.3864722,0x1a,8,00000000fadaaf66,normal,0
1762980718.3864841,0x2f,8,0bff0000fadaaf66,normal,0
1762980718.3864887,0x43,8,00010000fadaaf66,normal,0
1762980718.3864927,0x58,8,0e640000fadaaf66,normal,0
1762980718.386496,0x6d,8,00000000fadaaf66,normal,0
1762980718.3865001,0x1c9,8,00000000fadaaf66,normal,0
1762980718.4231813,0x1a,8,000000005f51872c,normal,0
1762980718.4232047,0x2f,8,0bff00005f51872c,normal,0
1762980718.4232168,0x43,8,000000005f51872c,normal,0
1762980718.4232278,0x58,8,0e6400005f51872c,normal,0
1762980718.423238,0x6d,8,000000005f51872c,normal,0
1762980718.4232485,0x1c9,8,000000005f51872c,normal,0
1762980718.4547086,0x1a,8,00000000765365a8,normal,0
1762980718.4547231,0x2f,8,0bff0000765365a8,normal,0
1762980718.454728,0x43,8,00010000765365a8,normal,0
1762980718.4547312,0x58,8,0e640000765365a8,normal,0
1762980718.4547346,0x6d,8,00000000765365a8,normal,0
1762980718.4547386,0x1c9,8,00000000765365a8,normal,0
1762980718.4914958,0x1a,8,00000000c6fbf712,normal,0
1762980718.4915166,0x2f,8,0bff0000c6fbf712,normal,0
1762980718.4915287,0x43,8,00010000c6fbf712,normal,0
1762980718.4915392,0x58,8,0e640000c6fbf712,normal,0
1762980718.4915495,0x6d,8,00000000c6fbf712,normal,0
1762980718.4915597,0x1c9,8,00000000c6fbf712,normal,0
1762980718.5279143,0x1a,8,000000002bd699a7,normal,0
1762980718.5279338,0x2f,8,0bff00002bd699a7,normal,0
1762980718.5279453,0x43,8,000200002bd699a7,normal,0
1762980718.527955,0x58,8,0e6400002bd699a7,normal,0
1762980718.5279646,0x6d,8,000000002bd699a7,normal,0
1762980718.5279748,0x1c9,8,000000002bd699a7,normal,0
1762980718.5625126,0x1a,8,00000000944ba02c,normal,0
1762980718.5625348,0x2f,8,0bff0000944ba02c,normal,0
1762980718.5625463,0x43,8,00000000944ba02c,normal,0
1762980718.562557,0x58,8,0e640000944ba02c,normal,0
1762980718.562567,0x6d,8,00000000944ba02c,normal,0
1762980718.5625775,0x1c9,8,00000000944ba02c,normal,0
1762980718.59926,0x1a,8,00000000df4ccd45,normal,0
1762980718.5992713,0x2f,8,0bff0000df4ccd45,normal,0
1762980718.5992758,0x43,8,00010000df4ccd45,normal,0
1762980718.5992799,0x58,8,0e640000df4ccd45,normal,0
1762980718.5992827,0x6d,8,00000000df4ccd45,normal,0
1762980718.5992866,0x1c9,8,00000000df4ccd45,normal,0
1762980718.638703,0x1a,8,00000000e08993d3,normal,0
1762980718.6387234,0x2f,8,0bff0000e08993d3,normal,0
1762980718.638735,0x43,8,00000000e08993d3,normal,0
1762980718.6387453,0x58,8,0e640000e08993d3,normal,0
1762980718.6387553,0x6d,8,00000000e08993d3,normal,0
1762980718.6387656,0x1c9,8,00000000e08993d3,normal,0
1762980718.6676621,0x1a,8,00000000cfb38ec2,normal,0
1762980718.6676767,0x2f,8,0bff0000cfb38ec2,normal,0
1762980718.6676824,0x43,8,00000000cfb38ec2,normal,0
1762980718.6676872,0x58,8,0e640000cfb38ec2,normal,0
1762980718.6676912,0x6d,8,00000000cfb38ec2,normal,0
1762980718.6676967,0x1c9,8,00000000cfb38ec2,normal,0
1762980718.7014527,0x1a,8,00000000ff9ba1fc,normal,0
1762980718.7014778,0x2f,8,0bff0000ff9ba1fc,normal,0
1762980718.7014897,0x43,8,00000000ff9ba1fc,normal,0
1762980718.7015007,0x58,8,0e640000ff9ba1fc,normal,0
1762980718.7015111,0x6d,8,00000000ff9ba1fc,normal,0
1762980718.7015216,0x1c9,8,00000000ff9ba1fc,normal,0
1762980718.7342281,0x1a,8,00000000ec552372,normal,0
1762980718.734241,0x2f,8,0bff0000ec552372,normal,0
1762980718.7342465,0x43,8,00000000ec552372,normal,0
1762980718.7342508,0x58,8,0e640000ec552372,normal,0
1762980718.7342548,0x6d,8,00000000ec552372,normal,0
1762980718.7342596,0x1c9,8,00000000ec552372,normal,0
1762980718.770135,0x1a,8,000000006c07535b,normal,0
1762980718.770148,0x2f,8,0bff00006c07535b,normal,0
1762980718.7701538,0x43,8,000100006c07535b,normal,0
1762980718.770158,0x58,8,0e6400006c07535b,normal,0
1762980718.770162,0x6d,8,000000006c07535b,normal,0
1762980718.7701678,0x1c9,8,000000006c07535b,normal,0
1762980718.8092413,0x1a,8,00000000bd060585,normal,0
1762980718.8092554,0x2f,8,0bff0000bd060585,normal,0
1762980718.8092608,0x43,8,00020000bd060585,normal,0
1762980718.809265,0x58,8,0e640000bd060585,normal,0
1762980718.8092694,0x6d,8,00000000bd060585,normal,0
1762980718.8092747,0x1c9,8,00000000bd060585,normal,0
1762980718.8489802,0x1a,8,00000000015c21c8,normal,0
1762980718.8490005,0x2f,8,0bff0000015c21c8,normal,0
1762980718.8490121,0x43,8,00020000015c21c8,normal,0
1762980718.8490229,0x58,8,0e640000015c21c8,normal,0
1762980718.8490326,0x6d,8,00000000015c21c8,normal,0
1762980718.8490434,0x1c9,8,00000000015c21c8,normal,0
1762980718.8823326,0x1a,8,000000005e31b056,normal,0
1762980718.8823483,0x2f,8,0bff00005e31b056,normal,0
1762980718.8823543,0x43,8,000200005e31b056,normal,0
1762980718.882359,0x58,8,0e6400005e31b056,normal,0
1762980718.8823636,0x6d,8,000000005e31b056,normal,0
1762980718.8823686,0x1c9,8,000000005e31b056,normal,0
1762980718.9165018,0x1a,8,000000007c33884f,normal,0
1762980718.9165137,0x2f,8,0bff00007c33884f,normal,0
1762980718.9165182,0x43,8,000100007c33884f,normal,0
1762980718.9165218,0x58,8,0e6400007c33884f,normal,0
1762980718.9165251,0x6d,8,000000007c33884f,normal,0
1762980718.9165292,0x1c9,8,000000007c33884f,normal,0
1762980718.9589052,0x1a,8,00000000a6db88b9,normal,0
1762980718.9589195,0x2f,8,0bff0000a6db88b9,normal,0
1762980718.9589255,0x43,8,00000000a6db88b9,normal,0
1762980718.95893,0x58,8,0e640000a6db88b9,normal,0
1762980718.9589345,0x6d,8,00000000a6db88b9,normal,0
1762980718.95894,0x1c9,8,00000000a6db88b9,normal,0
1762980718.9881992,0x1a,8,00000000fd3228fd,normal,0
1762980718.9882112,0x2f,8,0bff0000fd3228fd,normal,0
1762980718.9882157,0x43,8,00000000fd3228fd,normal,0
1762980718.988219,0x58,8,0e640000fd3228fd,normal,0
1762980718.9882224,0x6d,8,00000000fd3228fd,normal,0
1762980718.988227,0x1c9,8,00000000fd3228fd,normal,0
1762980719.0158117,0x1a,8,000000007987bfa7,normal,0
1762980719.0158312,0x2f,8,0bff00007987bfa7,normal,0
1762980719.015836,0x43,8,000000007987bfa7,normal,0
1762980719.0158396,0x58,8,0e6400007987bfa7,normal,0
1762980719.015843,0x6d,8,000000007987bfa7,normal,0
1762980719.015847,0x1c9,8,000000007987bfa7,normal,0
1762980719.0446763,0x1a,8,00000000c5cf7786,normal,0
1762980719.0446877,0x2f,8,0bff0000c5cf7786,normal,0
1762980719.0446925,0x43,8,00000000c5cf7786,normal,0
1762980719.0446963,0x58,8,0e640000c5cf7786,normal,0
1762980719.0446994,0x6d,8,00000000c5cf7786,normal,0
1762980719.0447037,0x1c9,8,00000000c5cf7786,normal,0
1762980719.0726438,0x1a,8,0000000064dee163,normal,0
1762980719.0726562,0x2f,8,0bff000064dee163,normal,0
1762980719.0726604,0x43,8,0000000064dee163,normal,0
1762980719.072664,0x58,8,0e64000064dee163,normal,0
1762980719.0726676,0x6d,8,0000000064dee163,normal,0
1762980719.0726714,0x1c9,8,0000000064dee163,normal,0
1762980719.1070497,0x1a,8,00000000f2a9250d,normal,0
1762980719.1070611,0x2f,8,0bff0000f2a9250d,normal,0
1762980719.1070652,0x43,8,00000000f2a9250d,normal,0
1762980719.1070688,0x58,8,0e640000f2a9250d,normal,0
1762980719.1070719,0x6d,8,00000000f2a9250d,normal,0
1762980719.107076,0x1c9,8,00000000f2a9250d,normal,0
1762980719.1411192,0x1a,8,00000000987d2e45,normal,0
1762980719.1411412,0x2f,8,0bff0000987d2e45,normal,0
1762980719.1411526,0x43,8,00000000987d2e45,normal,0
1762980719.1411626,0x58,8,0e640000987d2e45,normal,0
1762980719.1411724,0x6d,8,00000000987d2e45,normal,0
1762980719.1411822,0x1c9,8,00000000987d2e45,normal,0
1762980719.1801372,0x1a,8,0000000032558dcd,normal,0
1762980719.1801503,0x2f,8,0bff000032558dcd,normal,0
1762980719.1801543,0x43,8,0000000032558dcd,normal,0
1762980719.1801581,0x58,8,0e64000032558dcd,normal,0
1762980719.1801615,0x6d,8,0000000032558dcd,normal,0
1762980719.1801658,0x1c9,8,0000000032558dcd,normal,0
1762980719.2195578,0x1a,8,000000002b67ed06,normal,0
1762980719.2195776,0x2f,8,0bff00002b67ed06,normal,0
1762980719.2195888,0x43,8,000000002b67ed06,normal,0
1762980719.2195985,0x58,8,0e6400002b67ed06,normal,0
1762980719.219608,0x6d,8,000000002b67ed06,normal,0
1762980719.2196178,0x1c9,8,000000002b67ed06,normal,0
1762980719.2613013,0x1a,8,000000004339ea4c,normal,0
1762980719.2613218,0x2f,8,0bff00004339ea4c,normal,0
1762980719.2613335,0x43,8,000000004339ea4c,normal,0
1762980719.2613435,0x58,8,0e6400004339ea4c,normal,0
1762980719.261353,0x6d,8,000000004339ea4c,normal,0
1762980719.2613633,0x1c9,8,000000004339ea4c,normal,0
1762980719.2910492,0x1a,8,00000000f050893f,normal,0
1762980719.291077,0x2f,8,0bff0000f050893f,normal,0
1762980719.291088,0x43,8,00000000f050893f,normal,0
1762980719.291098,0x58,8,0e640000f050893f,normal,0
1762980719.2911074,0x6d,8,00000000f050893f,normal,0
1762980719.2911172,0x1c9,8,00000000f050893f,normal,0
1762980719.3213189,0x1a,8,00000000390cfee8,normal,0
1762980719.321338,0x2f,8,0bff0000390cfee8,normal,0
1762980719.3213494,0x43,8,00000000390cfee8,normal,0
1762980719.3213594,0x58,8,0e640000390cfee8,normal,0
1762980719.321369,0x6d,8,00000000390cfee8,normal,0
1762980719.321379,0x1c9,8,00000000390cfee8,normal,0
1762980719.3505561,0x1a,8,00000000eef547c2,normal,0
1762980719.3505814,0x2f,8,0bff0000eef547c2,normal,0
1762980719.3505855,0x43,8,00000000eef547c2,normal,0
1762980719.350589,0x58,8,0e640000eef547c2,normal,0
1762980719.3505926,0x6d,8,00000000eef547c2,normal,0
1762980719.3505964,0x1c9,8,00000000eef547c2,normal,0
1762980719.3780975,0x1a,8,00000000b538b927,normal,0
1762980719.3781085,0x2f,8,0bff0000b538b927,normal,0
1762980719.3781128,0x43,8,00000000b538b927,normal,0
1762980719.3781161,0x58,8,0e640000b538b927,normal,0
1762980719.3781195,0x6d,8,00000000b538b927,normal,0
1762980719.3781235,0x1c9,8,00000000b538b927,normal,0
1762980719.4072037,0x1a,8,00000000461c2497,normal,0
1762980719.4072301,0x2f,8,0bff0000461c2497,normal,0
1762980719.4072416,0x43,8,00010000461c2497,normal,0
1762980719.4072518,0x58,8,0e640000461c2497,normal,0
1762980719.4072618,0x6d,8,00000000461c2497,normal,0
1762980719.407272,0x1c9,8,00000000461c2497,normal,0
1762980719.435316,0x1a,8,00000000959f3a3f,normal,0
1762980719.4353378,0x2f,8,0bff0000959f3a3f,normal,0
1762980719.4353497,0x43,8,00000000959f3a3f,normal,0
1762980719.4353602,0x58,8,0e640000959f3a3f,normal,0
1762980719.43537,0x6d,8,00000000959f3a3f,normal,0
1762980719.43538,0x1c9,8,00000000959f3a3f,normal,0
1762980719.464236,0x1a,8,00000000cb129506,normal,0
1762980719.4642496,0x2f,8,0bff0000cb129506,normal,0
1762980719.4642558,0x43,8,00000000cb129506,normal,0
1762980719.4642603,0x58,8,0e640000cb129506,normal,0
1762980719.4642649,0x6d,8,00000000cb129506,normal,0
1762980719.464269,0x1c9,8,00000000cb129506,normal,0
1762980719.5182722,0x1a,8,00000000763fbe60,normal,0
1762980719.5182838,0x2f,8,0bff0000763fbe60,normal,0
1762980719.5182881,0x43,8,00000000763fbe60,normal,0
1762980719.5182917,0x58,8,0e640000763fbe60,normal,0
1762980719.5182953,0x6d,8,00000000763fbe60,normal,0
1762980719.518299,0x1c9,8,00000000763fbe60,normal,0
1762980719.546944,0x1a,8,000000000df46e54,normal,0
1762980719.5469568,0x2f,8,0bff00000df46e54,normal,0
1762980719.5469615,0x43,8,000000000df46e54,normal,0
1762980719.5469658,0x58,8,0e6400000df46e54,normal,0
1762980719.5469692,0x6d,8,000000000df46e54,normal,0
1762980719.5469732,0x1c9,8,000000000df46e54,normal,0
1762980719.5748472,0x1a,8,0000000060a357d6,normal,0
1762980719.574859,0x2f,8,0bff000060a357d6,normal,0
1762980719.5748677,0x43,8,0002000060a357d6,normal,0
1762980719.574872,0x58,8,0e64000060a357d6,normal,0
1762980719.5748756,0x6d,8,0000000060a357d6,normal,0
1762980719.5748796,0x1c9,8,0000000060a357d6,normal,0
1762980719.6098218,0x1a,8,00000000e7ed22e5,normal,0
1762980719.6098447,0x2f,8,0bff0000e7ed22e5,normal,0
1762980719.609857,0x43,8,00000000e7ed22e5,normal,0
1762980719.6098723,0x58,8,0e640000e7ed22e5,normal,0
1762980719.6098833,0x6d,8,00000000e7ed22e5,normal,0
1762980719.6098938,0x1c9,8,00000000e7ed22e5,normal,0
1762980719.6383283,0x1a,8,000000006fea1867,normal,0
1762980719.6383417,0x2f,8,0bff00006fea1867,normal,0
1762980719.638346,0x43,8,000000006fea1867,normal,0
1762980719.63835,0x58,8,0e6400006fea1867,normal,0
1762980719.6383533,0x6d,8,000000006fea1867,normal,0
1762980719.6383574,0x1c9,8,000000006fea1867,normal,0
1762980719.6656544,0x1a,8,0000000004502298,normal,0
1762980719.6656659,0x2f,8,0bff000004502298,normal,0
1762980719.6656704,0x43,8,0000000004502298,normal,0
1762980719.6656742,0x58,8,0e64000004502298,normal,0
1762980719.6656773,0x6d,8,0000000004502298,normal,0
1762980719.6656816,0x1c9,8,0000000004502298,normal,0
1762980719.6932755,0x1a,8,00000000390ab19e,normal,0
1762980719.6932902,0x2f,8,0bff0000390ab19e,normal,0
1762980719.6932967,0x43,8,00000000390ab19e,normal,0
1762980719.693302,0x58,8,0e640000390ab19e,normal,0
1762980719.6933072,0x6d,8,00000000390ab19e,normal,0
1762980719.693314,0x1c9,8,00000000390ab19e,normal,0
1762980719.7478878,0x1a,8,0000000023e02a8f,normal,0
1762980719.7479007,0x2f,8,0bff000023e02a8f,normal,0
1762980719.7479062,0x43,8,0000000023e02a8f,normal,0
1762980719.7479107,0x58,8,0e64000023e02a8f,normal,0
1762980719.7479148,0x6d,8,0000000023e02a8f,normal,0
1762980719.7479203,0x1c9,8,0000000023e02a8f,normal,0
1762980719.7823985,0x1a,8,00000000e9aca043,normal,0
1762980719.7824109,0x2f,8,0bff0000e9aca043,normal,0
1762980719.7824156,0x43,8,00010000e9aca043,normal,0
1762980719.7824194,0x58,8,0e640000e9aca043,normal,0
1762980719.7824225,0x6d,8,00000000e9aca043,normal,0
1762980719.7824264,0x1c9,8,00000000e9aca043,normal,0
1762980719.8140748,0x1a,8,00000000a9a8ca28,normal,0
1762980719.8140893,0x2f,8,0bff0000a9a8ca28,normal,0
1762980719.814095,0x43,8,00000000a9a8ca28,normal,0
1762980719.8140998,0x58,8,0e640000a9a8ca28,normal,0
1762980719.814104,0x6d,8,00000000a9a8ca28,normal,0
1762980719.8141098,0x1c9,8,00000000a9a8ca28,normal,0
1762980719.8548381,0x1a,8,00000000baa49352,normal,0
1762980719.8548691,0x2f,8,0bff0000baa49352,normal,0
1762980719.8548822,0x43,8,00000000baa49352,normal,0
1762980719.8548934,0x58,8,0e640000baa49352,normal,0
1762980719.8549042,0x6d,8,00000000baa49352,normal,0
1762980719.8549156,0x1c9,8,00000000baa49352,normal,0
1762980719.891632,0x1a,8,0000000026150f93,normal,0
1762980719.891652,0x2f,8,0bff000026150f93,normal,0
1762980719.8916633,0x43,8,0000000026150f93,normal,0
1762980719.8916733,0x58,8,0e64000026150f93,normal,0
1762980719.8916829,0x6d,8,0000000026150f93,normal,0
1762980719.8916926,0x1c9,8,0000000026150f93,normal,0
1762980719.9287171,0x1a,8,000000000ae7960f,normal,0
1762980719.9287295,0x2f,8,0bff00000ae7960f,normal,0
1762980719.9287336,0x43,8,000000000ae7960f,normal,0
1762980719.928737,0x58,8,0e6400000ae7960f,normal,0
1762980719.92874,0x6d,8,000000000ae7960f,normal,0
1762980719.928744,0x1c9,8,000000000ae7960f,normal,0
1762980719.9636066,0x1a,8,00000000caa6fc54,normal,0
1762980719.963626,0x2f,8,0bff0000caa6fc54,normal,0
1762980719.963636,0x43,8,00000000caa6fc54,normal,0
1762980719.963645,0x58,8,0e640000caa6fc54,normal,0
1762980719.9636543,0x6d,8,00000000caa6fc54,normal,0
1762980719.9636636,0x1c9,8,00000000caa6fc54,normal,0
1762980720.0235305,0x1a,8,0000000015b2f210,normal,0
1762980720.0235534,0x2f,8,0bff000015b2f210,normal,0
1762980720.023565,0x43,8,0000000015b2f210,normal,0
1762980720.0235755,0x58,8,0e64000015b2f210,normal,0
1762980720.0235853,0x6d,8,0000000015b2f210,normal,0
1762980720.0235956,0x1c9,8,0000000015b2f210,normal,0
1762980720.053435,0x1a,8,0000000096473271,normal,0
1762980720.053449,0x2f,8,0bff000096473271,normal,0
1762980720.0534537,0x43,8,0000000096473271,normal,0
1762980720.0534577,0x58,8,0e64000096473271,normal,0
1762980720.0534613,0x6d,8,0000000096473271,normal,0
1762980720.0534656,0x1c9,8,0000000096473271,normal,0
1762980720.082169,0x1a,8,000000008df702ba,normal,0
1762980720.0821805,0x2f,8,0bff00008df702ba,normal,0
1762980720.0821848,0x43,8,000000008df702ba,normal,0
1762980720.0821881,0x58,8,0e6400008df702ba,normal,0
1762980720.0821915,0x6d,8,000000008df702ba,normal,0
1762980720.0821955,0x1c9,8,000000008df702ba,normal,0
1762980720.118386,0x1a,8,00000000a5ebc47a,normal,0
1762980720.1184082,0x2f,8,0bff0000a5ebc47a,normal,0
1762980720.1184204,0x43,8,00000000a5ebc47a,normal,0
1762980720.118431,0x58,8,0e640000a5ebc47a,normal,0
1762980720.1184409,0x6d,8,00000000a5ebc47a,normal,0
1762980720.118451,0x1c9,8,00000000a5ebc47a,normal,0
1762980720.1532433,0x1a,8,00000000a9287244,normal,0
1762980720.1532626,0x2f,8,0bff0000a9287244,normal,0
1762980720.1532736,0x43,8,00000000a9287244,normal,0
1762980720.1532836,0x58,8,0e640000a9287244,normal,0
1762980720.1532931,0x6d,8,00000000a9287244,normal,0
1762980720.1533031,0x1c9,8,00000000a9287244,normal,0
1762980720.188068,0x1a,8,00000000122681f2,normal,0
1762980720.1880798,0x2f,8,0bff0000122681f2,normal,0
1762980720.1880846,0x43,8,00000000122681f2,normal,0
1762980720.1880882,0x58,8,0e640000122681f2,normal,0
1762980720.1880915,0x6d,8,00000000122681f2,normal,0
1762980720.1880958,0x1c9,8,00000000122681f2,normal,0
1762980720.2258747,0x1a,8,0000000077ffd315,normal,0
1762980720.2259183,0x2f,8,0bff000077ffd315,normal,0
1762980720.2259228,0x43,8,0000000077ffd315,normal,0
1762980720.2259262,0x58,8,0e64000077ffd315,normal,0
1762980720.2259295,0x6d,8,0000000077ffd315,normal,0
1762980720.2259333,0x1c9,8,0000000077ffd315,normal,0
1762980720.2640471,0x1a,8,00000000ad4e350c,normal,0
1762980720.264058,0x2f,8,0bff0000ad4e350c,normal,0
1762980720.2640626,0x43,8,00000000ad4e350c,normal,0
1762980720.264066,0x58,8,0e640000ad4e350c,normal,0
1762980720.2640696,0x6d,8,00000000ad4e350c,normal,0
1762980720.2640736,0x1c9,8,00000000ad4e350c,normal,0
1762980720.2973557,0x1a,8,000000006bcab0d1,normal,0
1762980720.297368,0x2f,8,0bff00006bcab0d1,normal,0
1762980720.2973726,0x43,8,000000006bcab0d1,normal,0
1762980720.2973764,0x58,8,0e6400006bcab0d1,normal,0
1762980720.2973795,0x6d,8,000000006bcab0d1,normal,0
1762980720.2973835,0x1c9,8,000000006bcab0d1,normal,0
1762980720.325802,0x1a,8,000000000339b517,normal,0
1762980720.325814,0x2f,8,0bff00000339b517,normal,0
1762980720.325818,0x43,8,000000000339b517,normal,0
1762980720.3258214,0x58,8,0e6400000339b517,normal,0
1762980720.3258247,0x6d,8,000000000339b517,normal,0
1762980720.3258288,0x1c9,8,000000000339b517,normal,0
1762980720.3553317,0x1a,8,0000000086b7c68f,normal,0
1762980720.3553445,0x2f,8,0bff000086b7c68f,normal,0
1762980720.3553493,0x43,8,0001000086b7c68f,normal,0
1762980720.3553524,0x58,8,0e64000086b7c68f,normal,0
1762980720.3553555,0x6d,8,0000000086b7c68f,normal,0
1762980720.35536,0x1c9,8,0000000086b7c68f,normal,0
1762980720.4117324,0x1a,8,00000000859cd1f0,normal,0
1762980720.4117439,0x2f,8,0bff0000859cd1f0,normal,0
1762980720.411748,0x43,8,00010000859cd1f0,normal,0
1762980720.4117517,0x58,8,0e640000859cd1f0,normal,0
1762980720.4117548,0x6d,8,00000000859cd1f0,normal,0
1762980720.411759,0x1c9,8,00000000859cd1f0,normal,0
1762980720.4396825,0x1a,8,000000001f96e802,normal,0
1762980720.4396932,0x2f,8,0bff00001f96e802,normal,0
1762980720.4396975,0x43,8,000100001f96e802,normal,0
1762980720.4397008,0x58,8,0e6400001f96e802,normal,0
1762980720.4397042,0x6d,8,000000001f96e802,normal,0
1762980720.4397082,0x1c9,8,000000001f96e802,normal,0
1762980720.4671316,0x1a,8,00000000f7e388e7,normal,0
1762980720.4671543,0x2f,8,0bff0000f7e388e7,normal,0
1762980720.46716,0x43,8,00010000f7e388e7,normal,0
1762980720.4671648,0x58,8,0e640000f7e388e7,normal,0
1762980720.4671688,0x6d,8,00000000f7e388e7,normal,0
1762980720.4671748,0x1c9,8,00000000f7e388e7,normal,0
1762980720.495274,0x1a,8,0000000091cbcbe2,normal,0
1762980720.4952857,0x2f,8,0bff000091cbcbe2,normal,0
1762980720.49529,0x43,8,0000000091cbcbe2,normal,0
1762980720.4952936,0x58,8,0e64000091cbcbe2,normal,0
1762980720.4952967,0x6d,8,0000000091cbcbe2,normal,0
1762980720.495301,0x1c9,8,0000000091cbcbe2,normal,0
1762980720.525512,0x1a,8,00000000b873a01e,normal,0
1762980720.5255349,0x2f,8,0bff0000b873a01e,normal,0
1762980720.5255406,0x43,8,00000000b873a01e,normal,0
1762980720.5255446,0x58,8,0e640000b873a01e,normal,0
1762980720.525548,0x6d,8,00000000b873a01e,normal,0
1762980720.5255527,0x1c9,8,00000000b873a01e,normal,0
1762980720.554738,0x1a,8,00000000f98b5dff,normal,0
1762980720.5547576,0x2f,8,0bff0000f98b5dff,normal,0
1762980720.5547626,0x43,8,00000000f98b5dff,normal,0
1762980720.5547664,0x58,8,0e640000f98b5dff,normal,0
1762980720.5547702,0x6d,8,00000000f98b5dff,normal,0
1762980720.554775,0x1c9,8,00000000f98b5dff,normal,0
1762980720.5822341,0x1a,8,00000000bce82194,normal,0
1762980720.582246,0x2f,8,0bff0000bce82194,normal,0
1762980720.5822506,0x43,8,00000000bce82194,normal,0
1762980720.5822542,0x58,8,0e640000bce82194,normal,0
1762980720.5822575,0x6d,8,00000000bce82194,normal,0
1762980720.5822618,0x1c9,8,00000000bce82194,normal,0
1762980720.635578,0x1a,8,00000000b412c884,normal,0
1762980720.63559,0x2f,8,0bff0000b412c884,normal,0
1762980720.6355944,0x43,8,00000000b412c884,normal,0
1762980720.6355977,0x58,8,0e640000b412c884,normal,0
1762980720.6356013,0x6d,8,00000000b412c884,normal,0
1762980720.635605,0x1c9,8,00000000b412c884,normal,0
1762980720.6882827,0x1a,8,00000000fdeb67bc,normal,0
1762980720.6883152,0x2f,8,0bff0000fdeb67bc,normal,0
1762980720.68832,0x43,8,00000000fdeb67bc,normal,0
1762980720.6883235,0x58,8,0e640000fdeb67bc,normal,0
1762980720.6883268,0x6d,8,00000000fdeb67bc,normal,0
1762980720.688331,0x1c9,8,00000000fdeb67bc,normal,0
1762980720.7222571,0x1a,8,00000000b1c9eb73,normal,0
1762980720.7222705,0x2f,8,0bff0000b1c9eb73,normal,0
1762980720.7222753,0x43,8,00000000b1c9eb73,normal,0
1762980720.7222793,0x58,8,0e640000b1c9eb73,normal,0
1762980720.7222826,0x6d,8,00000000b1c9eb73,normal,0
1762980720.722287,0x1c9,8,00000000b1c9eb73,normal,0
1762980720.7526567,0x1a,8,000000007d4820e4,normal,0
1762980720.7526793,0x2f,8,0bff00007d4820e4,normal,0
1762980720.7526913,0x43,8,000000007d4820e4,normal,0
1762980720.752702,0x58,8,0e6400007d4820e4,normal,0
1762980720.7527125,0x6d,8,000000007d4820e4,normal,0
1762980720.752723,0x1c9,8,000000007d4820e4,normal,0
1762980720.7822683,0x1a,8,00000000488df756,normal,0
1762980720.7822802,0x2f,8,0bff0000488df756,normal,0
1762980720.7822847,0x43,8,00000000488df756,normal,0
1762980720.7822888,0x58,8,0e640000488df756,normal,0
1762980720.7822928,0x6d,8,00000000488df756,normal,0
1762980720.7822971,0x1c9,8,00000000488df756,normal,0
1762980720.8087401,0x1a,8,00000000de21ee76,normal,0
1762980720.8087513,0x2f,8,0bff0000de21ee76,normal,0
1762980720.8087564,0x43,8,00000000de21ee76,normal,0
1762980720.8087604,0x58,8,0e640000de21ee76,normal,0
1762980720.808764,0x6d,8,00000000de21ee76,normal,0
1762980720.8087683,0x1c9,8,00000000de21ee76,normal,0
1762980720.83795,0x1a,8,00000000fb5e042f,normal,0
1762980720.837972,0x2f,8,0bff0000fb5e042f,normal,0
1762980720.837984,0x43,8,00000000fb5e042f,normal,0
1762980720.8379948,0x58,8,0e640000fb5e042f,normal,0
1762980720.838005,0x6d,8,00000000fb5e042f,normal,0
1762980720.8380158,0x1c9,8,00000000fb5e042f,normal,0
1762980720.865222,0x1a,8,00000000c9bb3cec,normal,0
1762980720.865236,0x2f,8,0bff0000c9bb3cec,normal,0
1762980720.8652406,0x43,8,00020000c9bb3cec,normal,0
1762980720.8652442,0x58,8,0e640000c9bb3cec,normal,0
1762980720.8652475,0x6d,8,00000000c9bb3cec,normal,0
1762980720.865251,0x1c9,8,00000000c9bb3cec,normal,0
1762980720.8934863,0x1a,8,0000000071004e02,normal,0
1762980720.8934975,0x2f,8,0bff000071004e02,normal,0
1762980720.8935018,0x43,8,0000000071004e02,normal,0
1762980720.8935053,0x58,8,0e64000071004e02,normal,0
1762980720.8935087,0x6d,8,0000000071004e02,normal,0
1762980720.8935125,0x1c9,8,0000000071004e02,normal,0
1762980720.922011,0x1a,8,00000000538a9d97,normal,0
1762980720.922022,0x2f,8,0bff0000538a9d97,normal,0
1762980720.9220266,0x43,8,00000000538a9d97,normal,0
1762980720.92203,0x58,8,0e640000538a9d97,normal,0
1762980720.922033,0x6d,8,00000000538a9d97,normal,0
1762980720.9220371,0x1c9,8,00000000538a9d97,normal,0
1762980720.9498055,0x1a,8,000000003ab2f712,normal,0
1762980720.9498172,0x2f,8,0bff00003ab2f712,normal,0
1762980720.949822,0x43,8,000000003ab2f712,normal,0
1762980720.9498258,0x58,8,0e6400003ab2f712,normal,0
1762980720.9498289,0x6d,8,000000003ab2f712,normal,0
1762980720.9498327,0x1c9,8,000000003ab2f712,normal,0
1762980720.9769626,0x1a,8,00000000173ff629,normal,0
1762980720.9769738,0x2f,8,0bff0000173ff629,normal,0
1762980720.9769778,0x43,8,00000000173ff629,normal,0
1762980720.9769812,0x58,8,0e640000173ff629,normal,0
1762980720.9769843,0x6d,8,00000000173ff629,normal,0
1762980720.976988,0x1c9,8,00000000173ff629,normal,0
1762980721.0318289,0x1a,8,00000000bf90ac6f,normal,0
1762980721.0318406,0x2f,8,0bff0000bf90ac6f,normal,0
1762980721.0318449,0x43,8,00000000bf90ac6f,normal,0
1762980721.0318484,0x58,8,0e640000bf90ac6f,normal,0
1762980721.0318515,0x6d,8,00000000bf90ac6f,normal,0
1762980721.0318558,0x1c9,8,00000000bf90ac6f,normal,0
1762980721.065728,0x1a,8,00000000ddf0d912,normal,0
1762980721.065742,0x2f,8,0bff0000ddf0d912,normal,0
1762980721.0657468,0x43,8,00000000ddf0d912,normal,0
1762980721.0657506,0x58,8,0e640000ddf0d912,normal,0
1762980721.0657542,0x6d,8,00000000ddf0d912,normal,0
1762980721.0657582,0x1c9,8,00000000ddf0d912,normal,0
1762980721.1291068,0x1a,8,000000000d279c68,normal,0
1762980721.1291423,0x2f,8,0bff00000d279c68,normal,0
1762980721.129147,0x43,8,000000000d279c68,normal,0
1762980721.1291509,0x58,8,0e6400000d279c68,normal,0
1762980721.129154,0x6d,8,000000000d279c68,normal,0
1762980721.129158,0x1c9,8,000000000d279c68,normal,0
1762980721.1641293,0x1a,8,0000000058bb4d38,normal,0
1762980721.1641412,0x2f,8,0bff000058bb4d38,normal,0
1762980721.1641455,0x43,8,0000000058bb4d38,normal,0
1762980721.1641488,0x58,8,0e64000058bb4d38,normal,0
1762980721.1641521,0x6d,8,0000000058bb4d38,normal,0
1762980721.1641562,0x1c9,8,0000000058bb4d38,normal,0
1762980721.2008114,0x1a,8,00000000152f719e,normal,0
1762980721.2008235,0x2f,8,0bff0000152f719e,normal,0
1762980721.200828,0x43,8,00000000152f719e,normal,0
1762980721.2008317,0x58,8,0e640000152f719e,normal,0
1762980721.200835,0x6d,8,00000000152f719e,normal,0
1762980721.2008398,0x1c9,8,00000000152f719e,normal,0
1762980721.2555978,0x1a,8,00000000de9b0412,normal,0
1762980721.2556095,0x2f,8,0bff0000de9b0412,normal,0
1762980721.255614,0x43,8,00000000de9b0412,normal,0
1762980721.255618,0x58,8,0e640000de9b0412,normal,0
1762980721.2556214,0x6d,8,00000000de9b0412,normal,0
1762980721.2556255,0x1c9,8,00000000de9b0412,normal,0
1762980721.296294,0x1a,8,0000000011a4745a,normal,0
1762980721.2963147,0x2f,8,0bff000011a4745a,normal,0
1762980721.2963264,0x43,8,0000000011a4745a,normal,0
1762980721.2963367,0x58,8,0e64000011a4745a,normal,0
1762980721.2963462,0x6d,8,0000000011a4745a,normal,0
1762980721.2963562,0x1c9,8,0000000011a4745a,normal,0
1762980721.3299356,0x1a,8,00000000030e6679,normal,0
1762980721.3299563,0x2f,8,0bff0000030e6679,normal,0
1762980721.3299682,0x43,8,00000000030e6679,normal,0
1762980721.3299785,0x58,8,0e640000030e6679,normal,0
1762980721.3299882,0x6d,8,00000000030e6679,normal,0
1762980721.329998,0x1c9,8,00000000030e6679,normal,0
1762980721.3579397,0x1a,8,00000000f0233870,normal,0
1762980721.3579535,0x2f,8,0bff0000f0233870,normal,0
1762980721.3579578,0x43,8,00000000f0233870,normal,0
1762980721.3579617,0x58,8,0e640000f0233870,normal,0
1762980721.357965,0x6d,8,00000000f0233870,normal,0
1762980721.357969,0x1c9,8,00000000f0233870,normal,0
1762980721.387337,0x1a,8,00000000fa2f0e3b,normal,0
1762980721.3873577,0x2f,8,0bff0000fa2f0e3b,normal,0
1762980721.3873696,0x43,8,00000000fa2f0e3b,normal,0
1762980721.3873801,0x58,8,0e640000fa2f0e3b,normal,0
1762980721.3873897,0x6d,8,00000000fa2f0e3b,normal,0
1762980721.3873997,0x1c9,8,00000000fa2f0e3b,normal,0
1762980721.4150724,0x1a,8,000000004533834f,normal,0
1762980721.4150865,0x2f,8,0bff00004533834f,normal,0
1762980721.4150908,0x43,8,000000004533834f,normal,0
1762980721.4150944,0x58,8,0e6400004533834f,normal,0
1762980721.4150975,0x6d,8,000000004533834f,normal,0
1762980721.4151018,0x1c9,8,000000004533834f,normal,0
1762980721.4431317,0x1a,8,00000000314f3129,normal,0
1762980721.4431446,0x2f,8,0bff0000314f3129,normal,0
1762980721.4431503,0x43,8,00020000314f3129,normal,0
1762980721.443155,0x58,8,0e640000314f3129,normal,0
1762980721.4431593,0x6d,8,00000000314f3129,normal,0
1762980721.4431646,0x1c9,8,00000000314f3129,normal,0
1762980721.4759047,0x1a,8,000000002869bcf9,normal,0
1762980721.4759252,0x2f,8,0bff00002869bcf9,normal,0
1762980721.475937,0x43,8,000000002869bcf9,normal,0
1762980721.4759474,0x58,8,0e6400002869bcf9,normal,0
1762980721.4759572,0x6d,8,000000002869bcf9,normal,0
1762980721.4759674,0x1c9,8,000000002869bcf9,normal,0
1762980721.5091164,0x1a,8,00000000b8ca3220,normal,0
1762980721.5091352,0x2f,8,0bff0000b8ca3220,normal,0
1762980721.5091453,0x43,8,00000000b8ca3220,normal,0
1762980721.5091543,0x58,8,0e640000b8ca3220,normal,0
1762980721.5091634,0x6d,8,00000000b8ca3220,normal,0
1762980721.5091724,0x1c9,8,00000000b8ca3220,normal,0
1762980721.537488,0x1a,8,000000007ffe6610,normal,0
1762980721.5375004,0x2f,8,0bff00007ffe6610,normal,0
1762980721.5375051,0x43,8,000000007ffe6610,normal,0
1762980721.537509,0x58,8,0e6400007ffe6610,normal,0
1762980721.5375123,0x6d,8,000000007ffe6610,normal,0
1762980721.5375166,0x1c9,8,000000007ffe6610,normal,0
1762980721.575456,0x1a,8,00000000ee24ee73,normal,0
1762980721.5754676,0x2f,8,0bff0000ee24ee73,normal,0
1762980721.575472,0x43,8,00000000ee24ee73,normal,0
1762980721.5754755,0x58,8,0e640000ee24ee73,normal,0
1762980721.5754788,0x6d,8,00000000ee24ee73,normal,0
1762980721.575483,0x1c9,8,00000000ee24ee73,normal,0
1762980721.6130066,0x1a,8,00000000181d9ab4,normal,0
1762980721.613028,0x2f,8,0bff0000181d9ab4,normal,0
1762980721.6130397,0x43,8,00010000181d9ab4,normal,0
1762980721.6130502,0x58,8,0e640000181d9ab4,normal,0
1762980721.6130595,0x6d,8,00000000181d9ab4,normal,0
1762980721.6130695,0x1c9,8,00000000181d9ab4,normal,0
1762980721.6483536,0x1a,8,0000000057af8af8,normal,0
1762980721.648368,0x2f,8,0bff000057af8af8,normal,0
1762980721.6483727,0x43,8,0000000057af8af8,normal,0
1762980721.6483762,0x58,8,0e64000057af8af8,normal,0
1762980721.6483796,0x6d,8,0000000057af8af8,normal,0
1762980721.6483839,0x1c9,8,0000000057af8af8,normal,0
1762980721.685097,0x1a,8,000000006293de66,normal,0
1762980721.68511,0x2f,8,0bff00006293de66,normal,0
1762980721.6851149,0x43,8,000000006293de66,normal,0
1762980721.6851187,0x58,8,0e6400006293de66,normal,0
1762980721.6851223,0x6d,8,000000006293de66,normal,0
1762980721.6851265,0x1c9,8,000000006293de66,normal,0
1762980721.7245736,0x1a,8,000000006accf320,normal,0
1762980721.724585,0x2f,8,0bff00006accf320,normal,0
1762980721.7245896,0x43,8,000000006accf320,normal,0
1762980721.7245932,0x58,8,0e6400006accf320,normal,0
1762980721.7245965,0x6d,8,000000006accf320,normal,0
1762980721.7246006,0x1c9,8,000000006accf320,normal,0
1762980721.7531328,0x1a,8,00000000313bd68c,normal,0
1762980721.7531562,0x2f,8,0bff0000313bd68c,normal,0
1762980721.7531679,0x43,8,00000000313bd68c,normal,0
1762980721.7531784,0x58,8,0e640000313bd68c,normal,0
1762980721.7531881,0x6d,8,00000000313bd68c,normal,0
1762980721.7531986,0x1c9,8,00000000313bd68c,normal,0
1762980721.7869778,0x1a,8,00000000225c0b98,normal,0
1762980721.7869911,0x2f,8,0bff0000225c0b98,normal,0
1762980721.7869954,0x43,8,00000000225c0b98,normal,0
1762980721.7869995,0x58,8,0e640000225c0b98,normal,0
1762980721.787003,0x6d,8,00000000225c0b98,normal,0
1762980721.787007,0x1c9,8,00000000225c0b98,normal,0
1762980721.8190136,0x1a,8,000000009b206218,normal,0
1762980721.8190258,0x2f,8,0bff00009b206218,normal,0
1762980721.81903,0x43,8,000100009b206218,normal,0
1762980721.819034,0x58,8,0e6400009b206218,normal,0
1762980721.8190374,0x6d,8,000000009b206218,normal,0
1762980721.8190417,0x1c9,8,000000009b206218,normal,0
1762980721.8585913,0x1a,8,00000000f4e83b3a,normal,0
1762980721.8586202,0x2f,8,0bff0000f4e83b3a,normal,0
1762980721.858625,0x43,8,00000000f4e83b3a,normal,0
1762980721.8586285,0x58,8,0e640000f4e83b3a,normal,0
1762980721.8586318,0x6d,8,00000000f4e83b3a,normal,0
1762980721.8586361,0x1c9,8,00000000f4e83b3a,normal,0
1762980721.8996053,0x1a,8,00000000312799cd,normal,0
1762980721.8996277,0x2f,8,0bff0000312799cd,normal,0
1762980721.8996413,0x43,8,00010000312799cd,normal,0
1762980721.8996534,0x58,8,0e640000312799cd,normal,0
1762980721.8996642,0x6d,8,00000000312799cd,normal,0
1762980721.899675,0x1c9,8,00000000312799cd,normal,0
1762980721.9385352,0x1a,8,00000000531ce8f3,normal,0
1762980721.9385562,0x2f,8,0bff0000531ce8f3,normal,0
1762980721.9385679,0x43,8,00010000531ce8f3,normal,0
1762980721.9385786,0x58,8,0e640000531ce8f3,normal,0
1762980721.9385886,0x6d,8,00000000531ce8f3,normal,0
1762980721.9385986,0x1c9,8,00000000531ce8f3,normal,0
1762980721.971953,0x1a,8,00000000d74724ed,normal,0
1762980721.9719727,0x2f,8,0bff0000d74724ed,normal,0
1762980721.9719844,0x43,8,00000000d74724ed,normal,0
1762980721.971995,0x58,8,0e640000d74724ed,normal,0
1762980721.972005,0x6d,8,00000000d74724ed,normal,0
1762980721.9720151,0x1c9,8,00000000d74724ed,normal,0
1762980721.9996352,0x1a,8,00000000b807acd9,normal,0
1762980721.999655,0x2f,8,0bff0000b807acd9,normal,0
1762980721.9996655,0x43,8,00000000b807acd9,normal,0
1762980721.9996746,0x58,8,0e640000b807acd9,normal,0
1762980721.9996834,0x6d,8,00000000b807acd9,normal,0
1762980721.9996924,0x1c9,8,00000000b807acd9,normal,0
1762980722.02613,0x1a,8,000000008f3d3a80,normal,0
1762980722.0261598,0x2f,8,0bff00008f3d3a80,normal,0
1762980722.026164,0x43,8,000000008f3d3a80,normal,0
1762980722.0261679,0x58,8,0e6400008f3d3a80,normal,0
1762980722.0261714,0x6d,8,000000008f3d3a80,normal,0
1762980722.0261755,0x1c9,8,000000008f3d3a80,normal,0
1762980722.0531251,0x1a,8,0000000006468e30,normal,0
1762980722.0531359,0x2f,8,0bff000006468e30,normal,0
1762980722.0531406,0x43,8,0000000006468e30,normal,0
1762980722.0531447,0x58,8,0e64000006468e30,normal,0
1762980722.053148,0x6d,8,0000000006468e30,normal,0
1762980722.053152,0x1c9,8,0000000006468e30,normal,0
1762980722.082261,0x1a,8,000000005ab4b1b2,normal,0
1762980722.082292,0x2f,8,0bff00005ab4b1b2,normal,0
1762980722.0823042,0x43,8,000000005ab4b1b2,normal,0
1762980722.0823147,0x58,8,0e6400005ab4b1b2,normal,0
1762980722.0823252,0x6d,8,000000005ab4b1b2,normal,0
1762980722.0823355,0x1c9,8,000000005ab4b1b2,normal,0
1762980722.1098604,0x1a,8,00000000113802c4,normal,0
1762980722.1098783,0x2f,8,0bff0000113802c4,normal,0
1762980722.1098835,0x43,8,00000000113802c4,normal,0
1762980722.1098871,0x58,8,0e640000113802c4,normal,0
1762980722.1098902,0x6d,8,00000000113802c4,normal,0
1762980722.1098943,0x1c9,8,00000000113802c4,normal,0
1762980722.1398792,0x1a,8,00000000bfd19f9e,normal,0
1762980722.139905,0x2f,8,0bff0000bfd19f9e,normal,0
1762980722.139909,0x43,8,00000000bfd19f9e,normal,0
1762980722.1399126,0x58,8,0e640000bfd19f9e,normal,0
1762980722.139916,0x6d,8,00000000bfd19f9e,normal,0
1762980722.13992,0x1c9,8,00000000bfd19f9e,normal,0
1762980722.168998,0x1a,8,00000000371f03c2,normal,0
1762980722.169018,0x2f,8,0bff0000371f03c2,normal,0
1762980722.1690226,0x43,8,00010000371f03c2,normal,0
1762980722.1690261,0x58,8,0e640000371f03c2,normal,0
1762980722.1690292,0x6d,8,00000000371f03c2,normal,0
1762980722.1690335,0x1c9,8,00000000371f03c2,normal,0
1762980722.1981578,0x1a,8,00000000e17941da,normal,0
1762980722.198169,0x2f,8,0bff0000e17941da,normal,0
1762980722.1981733,0x43,8,00000000e17941da,normal,0
1762980722.1981764,0x58,8,0e640000e17941da,normal,0
1762980722.1981797,0x6d,8,00000000e17941da,normal,0
1762980722.1981843,0x1c9,8,00000000e17941da,normal,0
1762980722.2267282,0x1a,8,000000000fa7f5bc,normal,0
1762980722.2267387,0x2f,8,0bff00000fa7f5bc,normal,0
1762980722.226743,0x43,8,000000000fa7f5bc,normal,0
1762980722.2267478,0x58,8,0e6400000fa7f5bc,normal,0
1762980722.226751,0x6d,8,000000000fa7f5bc,normal,0
1762980722.2267551,0x1c9,8,000000000fa7f5bc,normal,0
1762980722.259376,0x1a,8,000000000b12dd3f,normal,0
1762980722.2593884,0x2f,8,0bff00000b12dd3f,normal,0
1762980722.2593932,0x43,8,000100000b12dd3f,normal,0
1762980722.259397,0x58,8,0e6400000b12dd3f,normal,0
1762980722.2594004,0x6d,8,000000000b12dd3f,normal,0
1762980722.2594059,0x1c9,8,000000000b12dd3f,normal,0
1762980722.2883914,0x1a,8,0000000006434a58,normal,0
1762980722.288403,0x2f,8,0bff000006434a58,normal,0
1762980722.2884073,0x43,8,0000000006434a58,normal,0
1762980722.2884107,0x58,8,0e64000006434a58,normal,0
1762980722.288414,0x6d,8,0000000006434a58,normal,0
1762980722.288418,0x1c9,8,0000000006434a58,normal,0
1762980722.3165717,0x1a,8,00000000583a4556,normal,0
1762980722.3165927,0x2f,8,0bff0000583a4556,normal,0
1762980722.3166046,0x43,8,00000000583a4556,normal,0
1762980722.3166149,0x58,8,0e640000583a4556,normal,0
1762980722.3166244,0x6d,8,00000000583a4556,normal,0
1762980722.3166347,0x1c9,8,00000000583a4556,normal,0
1762980722.3701334,0x1a,8,0000000040201c45,normal,0
1762980722.3701487,0x2f,8,0bff000040201c45,normal,0
1762980722.370153,0x43,8,0000000040201c45,normal,0
1762980722.3701563,0x58,8,0e64000040201c45,normal,0
1762980722.3701596,0x6d,8,0000000040201c45,normal,0
1762980722.3701637,0x1c9,8,0000000040201c45,normal,0
1762980722.3998184,0x1a,8,00000000842c46c6,normal,0
1762980722.3998446,0x2f,8,0bff0000842c46c6,normal,0
1762980722.39985,0x43,8,00000000842c46c6,normal,0
1762980722.399854,0x58,8,0e640000842c46c6,normal,0
1762980722.3998575,0x6d,8,00000000842c46c6,normal,0
1762980722.3998635,0x1c9,8,00000000842c46c6,normal,0
1762980722.4531987,0x1a,8,00000000bfac6e07,normal,0
1762980722.4532216,0x2f,8,0bff0000bfac6e07,normal,0
1762980722.4532316,0x43,8,00000000bfac6e07,normal,0
1762980722.4532409,0x58,8,0e640000bfac6e07,normal,0
1762980722.4532502,0x6d,8,00000000bfac6e07,normal,0
1762980722.4532595,0x1c9,8,00000000bfac6e07,normal,0
1762980722.4855351,0x1a,8,00000000db02534c,normal,0
1762980722.4855483,0x2f,8,0bff0000db02534c,normal,0
1762980722.4855525,0x43,8,00000000db02534c,normal,0
1762980722.4855564,0x58,8,0e640000db02534c,normal,0
1762980722.4855602,0x6d,8,00000000db02534c,normal,0
1762980722.4855642,0x1c9,8,00000000db02534c,normal,0
1762980722.5405798,0x1a,8,000000009d41a6a8,normal,0
1762980722.5406213,0x2f,8,0bff00009d41a6a8,normal,0
1762980722.5406253,0x43,8,000000009d41a6a8,normal,0
1762980722.540629,0x58,8,0e6400009d41a6a8,normal,0
1762980722.5406322,0x6d,8,000000009d41a6a8,normal,0
1762980722.5406365,0x1c9,8,000000009d41a6a8,normal,0
1762980722.5704043,0x1a,8,00000000d0ae4974,normal,0
1762980722.5704155,0x2f,8,0bff0000d0ae4974,normal,0
1762980722.57042,0x43,8,00010000d0ae4974,normal,0
1762980722.570424,0x58,8,0e640000d0ae4974,normal,0
1762980722.5704277,0x6d,8,00000000d0ae4974,normal,0
1762980722.5704317,0x1c9,8,00000000d0ae4974,normal,0
1762980722.6048336,0x1a,8,0000000036fe1df7,normal,0
1762980722.6048453,0x2f,8,0bff000036fe1df7,normal,0
1762980722.6048496,0x43,8,0000000036fe1df7,normal,0
1762980722.6048532,0x58,8,0e64000036fe1df7,normal,0
1762980722.6048567,0x6d,8,0000000036fe1df7,normal,0
1762980722.6048646,0x1c9,8,0000000036fe1df7,normal,0
1762980722.634733,0x1a,8,00000000456b1559,normal,0
1762980722.6347458,0x2f,8,0bff0000456b1559,normal,0
1762980722.6347504,0x43,8,00010000456b1559,normal,0
1762980722.6347537,0x58,8,0e640000456b1559,normal,0
1762980722.6347568,0x6d,8,00000000456b1559,normal,0
1762980722.6347606,0x1c9,8,00000000456b1559,normal,0
1762980722.6648288,0x1a,8,00000000541d3a37,normal,0
1762980722.6648402,0x2f,8,0bff0000541d3a37,normal,0
1762980722.6648452,0x43,8,00000000541d3a37,normal,0
1762980722.664849,0x58,8,0e640000541d3a37,normal,0
1762980722.6648526,0x6d,8,00000000541d3a37,normal,0
1762980722.6648564,0x1c9,8,00000000541d3a37,normal,0
1762980722.693658,0x1a,8,0000000026db1324,normal,0
1762980722.693679,0x2f,8,0bff000026db1324,normal,0
1762980722.6936905,0x43,8,0000000026db1324,normal,0
1762980722.6937013,0x58,8,0e64000026db1324,normal,0
1762980722.6937113,0x6d,8,0000000026db1324,normal,0
1762980722.6937218,0x1c9,8,0000000026db1324,normal,0
1762980722.7223787,0x1a,8,0000000081195cdc,normal,0
1762980722.7223985,0x2f,8,0bff000081195cdc,normal,0
1762980722.7224085,0x43,8,0000000081195cdc,normal,0
1762980722.7224178,0x58,8,0e64000081195cdc,normal,0
1762980722.7224267,0x6d,8,0000000081195cdc,normal,0
1762980722.7224357,0x1c9,8,0000000081195cdc,normal,0
1762980722.7494457,0x1a,8,000000002466d610,normal,0
1762980722.7494586,0x2f,8,0bff00002466d610,normal,0
1762980722.749463,0x43,8,000100002466d610,normal,0
1762980722.7494664,0x58,8,0e6400002466d610,normal,0
1762980722.7494698,0x6d,8,000000002466d610,normal,0
1762980722.7494738,0x1c9,8,000000002466d610,normal,0
1762980722.780291,0x1a,8,00000000f029a0e5,normal,0
1762980722.7803104,0x2f,8,0bff0000f029a0e5,normal,0
1762980722.7803206,0x43,8,00000000f029a0e5,normal,0
1762980722.78033,0x58,8,0e640000f029a0e5,normal,0
1762980722.780339,0x6d,8,00000000f029a0e5,normal,0
1762980722.7803478,0x1c9,8,00000000f029a0e5,normal,0
1762980722.8085306,0x1a,8,00000000b83871ef,normal,0
1762980722.8085418,0x2f,8,0bff0000b83871ef,normal,0
1762980722.8085463,0x43,8,00010000b83871ef,normal,0
1762980722.80855,0x58,8,0e640000b83871ef,normal,0
1762980722.8085532,0x6d,8,00000000b83871ef,normal,0
1762980722.8085573,0x1c9,8,00000000b83871ef,normal,0
1762980722.8377588,0x1a,8,000000008943264f,normal,0
1762980722.8377807,0x2f,8,0bff00008943264f,normal,0
1762980722.8377926,0x43,8,000000008943264f,normal,0
1762980722.8378031,0x58,8,0e6400008943264f,normal,0
1762980722.8378131,0x6d,8,000000008943264f,normal,0
1762980722.8378236,0x1c9,8,000000008943264f,normal,0
1762980722.8662302,0x1a,8,000000006ce81ca6,normal,0
1762980722.8662426,0x2f,8,0bff00006ce81ca6,normal,0
1762980722.8662474,0x43,8,000000006ce81ca6,normal,0
1762980722.8662512,0x58,8,0e6400006ce81ca6,normal,0
1762980722.8662546,0x6d,8,000000006ce81ca6,normal,0
1762980722.8662584,0x1c9,8,000000006ce81ca6,normal,0
1762980722.8974154,0x1a,8,00000000b0ed0950,normal,0
1762980722.8974314,0x2f,8,0bff0000b0ed0950,normal,0
1762980722.8974361,0x43,8,00000000b0ed0950,normal,0
1762980722.89744,0x58,8,0e640000b0ed0950,normal,0
1762980722.8974433,0x6d,8,00000000b0ed0950,normal,0
1762980722.8974476,0x1c9,8,00000000b0ed0950,normal,0
1762980722.9629583,0x1a,8,000000008990f1ee,normal,0
1762980722.9629757,0x2f,8,0bff00008990f1ee,normal,0
1762980722.9629817,0x43,8,000100008990f1ee,normal,0
1762980722.9629867,0x58,8,0e6400008990f1ee,normal,0
1762980722.962991,0x6d,8,000000008990f1ee,normal,0
1762980722.9629965,0x1c9,8,000000008990f1ee,normal,0
1762980723.001361,0x1a,8,00000000bd4d21b7,normal,0
1762980723.0013726,0x2f,8,0bff0000bd4d21b7,normal,0
1762980723.0013769,0x43,8,00010000bd4d21b7,normal,0
1762980723.0013804,0x58,8,0e640000bd4d21b7,normal,0
1762980723.0013835,0x6d,8,00000000bd4d21b7,normal,0
1762980723.0013874,0x1c9,8,00000000bd4d21b7,normal,0
1762980723.0413842,0x1a,8,00000000ada2478c,normal,0
1762980723.0414064,0x2f,8,0bff0000ada2478c,normal,0
1762980723.041418,0x43,8,00000000ada2478c,normal,0
1762980723.0414286,0x58,8,0e640000ada2478c,normal,0
1762980723.0414386,0x6d,8,00000000ada2478c,normal,0
1762980723.0414488,0x1c9,8,00000000ada2478c,normal,0
1762980723.0791848,0x1a,8,0000000084a21114,normal,0
1762980723.0792055,0x2f,8,0bff000084a21114,normal,0
1762980723.0792172,0x43,8,0000000084a21114,normal,0
1762980723.0792274,0x58,8,0e64000084a21114,normal,0
1762980723.0792372,0x6d,8,0000000084a21114,normal,0
1762980723.0792477,0x1c9,8,0000000084a21114,normal,0
1762980723.111734,0x1a,8,0000000085002484,normal,0
1762980723.1117454,0x2f,8,0bff000085002484,normal,0
1762980723.1117496,0x43,8,0000000085002484,normal,0
1762980723.111753,0x58,8,0e64000085002484,normal,0
1762980723.111756,0x6d,8,0000000085002484,normal,0
1762980723.11176,0x1c9,8,0000000085002484,normal,0
1762980723.1469676,0x1a,8,000000001c02a852,normal,0
1762980723.1469812,0x2f,8,0bff00001c02a852,normal,0
1762980723.1469867,0x43,8,000000001c02a852,normal,0
1762980723.146991,0x58,8,0e6400001c02a852,normal,0
1762980723.1469953,0x6d,8,000000001c02a852,normal,0
1762980723.1470003,0x1c9,8,000000001c02a852,normal,0
1762980723.1766474,0x1a,8,00000000de95f120,normal,0
1762980723.176661,0x2f,8,0bff0000de95f120,normal,0
1762980723.1766667,0x43,8,00000000de95f120,normal,0
1762980723.1766717,0x58,8,0e640000de95f120,normal,0
1762980723.1766763,0x6d,8,00000000de95f120,normal,0
1762980723.1766818,0x1c9,8,00000000de95f120,normal,0
1762980723.205838,0x1a,8,00000000dd8808ae,normal,0
1762980723.2058523,0x2f,8,0bff0000dd8808ae,normal,0
1762980723.2058578,0x43,8,00000000dd8808ae,normal,0
1762980723.205866,0x58,8,0e640000dd8808ae,normal,0
1762980723.2058704,0x6d,8,00000000dd8808ae,normal,0
1762980723.2058764,0x1c9,8,00000000dd8808ae,normal,0
1762980723.2361827,0x1a,8,000000000b98226c,normal,0
1762980723.2361956,0x2f,8,0bff00000b98226c,normal,0
1762980723.2362003,0x43,8,000200000b98226c,normal,0
1762980723.236204,0x58,8,0e6400000b98226c,normal,0
1762980723.2362072,0x6d,8,000000000b98226c,normal,0
1762980723.236211,0x1c9,8,000000000b98226c,normal,0
1762980723.2657268,0x1a,8,0000000059c577e9,normal,0
1762980723.2657492,0x2f,8,0bff000059c577e9,normal,0
1762980723.2657607,0x43,8,0000000059c577e9,normal,0
1762980723.265771,0x58,8,0e64000059c577e9,normal,0
1762980723.2657804,0x6d,8,0000000059c577e9,normal,0
1762980723.2657905,0x1c9,8,0000000059c577e9,normal,0
1762980723.2935855,0x1a,8,000000006d125ac6,normal,0
1762980723.293607,0x2f,8,0bff00006d125ac6,normal,0
1762980723.2936113,0x43,8,000000006d125ac6,normal,0
1762980723.2936149,0x58,8,0e6400006d125ac6,normal,0
1762980723.293618,0x6d,8,000000006d125ac6,normal,0
1762980723.293622,0x1c9,8,000000006d125ac6,normal,0
1762980723.3212461,0x1a,8,00000000ad3f7134,normal,0
1762980723.3212585,0x2f,8,0bff0000ad3f7134,normal,0
1762980723.321263,0x43,8,00000000ad3f7134,normal,0
1762980723.321267,0x58,8,0e640000ad3f7134,normal,0
1762980723.32127,0x6d,8,00000000ad3f7134,normal,0
1762980723.321274,0x1c9,8,00000000ad3f7134,normal,0
1762980723.354852,0x1a,8,000000000f0740f3,normal,0
1762980723.3548682,0x2f,8,0bff00000f0740f3,normal,0
1762980723.3548725,0x43,8,000000000f0740f3,normal,0
1762980723.354876,0x58,8,0e6400000f0740f3,normal,0
1762980723.3548796,0x6d,8,000000000f0740f3,normal,0
1762980723.3548841,0x1c9,8,000000000f0740f3,normal,0
1762980723.410865,0x1a,8,0000000056f5fecb,normal,0
1762980723.4108765,0x2f,8,0bff000056f5fecb,normal,0
1762980723.410881,0x43,8,0001000056f5fecb,normal,0
1762980723.4108849,0x58,8,0e64000056f5fecb,normal,0
1762980723.410888,0x6d,8,0000000056f5fecb,normal,0
1762980723.410892,0x1c9,8,0000000056f5fecb,normal,0
1762980723.4380226,0x1a,8,000000004b55af25,normal,0
1762980723.4380348,0x2f,8,0bff00004b55af25,normal,0
1762980723.438039,0x43,8,000000004b55af25,normal,0
1762980723.4380426,0x58,8,0e6400004b55af25,normal,0
1762980723.4380465,0x6d,8,000000004b55af25,normal,0
1762980723.4380505,0x1c9,8,000000004b55af25,normal,0
1762980723.466363,0x1a,8,0000000025d188d6,normal,0
1762980723.4663749,0x2f,8,0bff000025d188d6,normal,0
1762980723.4663792,0x43,8,0000000025d188d6,normal,0
1762980723.466384,0x58,8,0e64000025d188d6,normal,0
1762980723.4663873,0x6d,8,0000000025d188d6,normal,0
1762980723.4663913,0x1c9,8,0000000025d188d6,normal,0
1762980723.5200217,0x1a,8,000000001511736e,normal,0
1762980723.520038,0x2f,8,0bff00001511736e,normal,0
1762980723.5200424,0x43,8,000000001511736e,normal,0
1762980723.520046,0x58,8,0e6400001511736e,normal,0
1762980723.5200496,0x6d,8,000000001511736e,normal,0
1762980723.5200539,0x1c9,8,000000001511736e,normal,0
1762980723.5498428,0x1a,8,00000000656c095b,normal,0
1762980723.5498538,0x2f,8,0bff0000656c095b,normal,0
1762980723.549858,0x43,8,00000000656c095b,normal,0
1762980723.5498645,0x58,8,0e640000656c095b,normal,0
1762980723.549868,0x6d,8,00000000656c095b,normal,0
1762980723.5498722,0x1c9,8,00000000656c095b,normal,0
1762980723.577092,0x1a,8,000000002674d6a2,normal,0
1762980723.5771036,0x2f,8,0bff00002674d6a2,normal,0
1762980723.5771081,0x43,8,000000002674d6a2,normal,0
1762980723.5771117,0x58,8,0e6400002674d6a2,normal,0
1762980723.5771155,0x6d,8,000000002674d6a2,normal,0
1762980723.5771198,0x1c9,8,000000002674d6a2,normal,0
1762980723.6054828,0x1a,8,00000000abc0e3b9,normal,0
1762980723.6054945,0x2f,8,0bff0000abc0e3b9,normal,0
1762980723.6054993,0x43,8,00000000abc0e3b9,normal,0
1762980723.605503,0x58,8,0e640000abc0e3b9,normal,0
1762980723.6055064,0x6d,8,00000000abc0e3b9,normal,0
1762980723.6055107,0x1c9,8,00000000abc0e3b9,normal,0
1762980723.6357286,0x1a,8,00000000c0a82af6,normal,0
1762980723.6357503,0x2f,8,0bff0000c0a82af6,normal,0
1762980723.635762,0x43,8,00000000c0a82af6,normal,0
1762980723.6357725,0x58,8,0e640000c0a82af6,normal,0
1762980723.6357827,0x6d,8,00000000c0a82af6,normal,0
1762980723.635793,0x1c9,8,00000000c0a82af6,normal,0
1762980723.6645665,0x1a,8,00000000aaaeeca7,normal,0
1762980723.6645794,0x2f,8,0bff0000aaaeeca7,normal,0
1762980723.6645844,0x43,8,00000000aaaeeca7,normal,0
1762980723.6645882,0x58,8,0e640000aaaeeca7,normal,0
1762980723.6645918,0x6d,8,00000000aaaeeca7,normal,0
1762980723.6645958,0x1c9,8,00000000aaaeeca7,normal,0
1762980723.6963727,0x1a,8,000000004ed780cf,normal,0
1762980723.6963837,0x2f,8,0bff00004ed780cf,normal,0
1762980723.6963882,0x43,8,000100004ed780cf,normal,0
1762980723.696392,0x58,8,0e6400004ed780cf,normal,0
1762980723.6963956,0x6d,8,000000004ed780cf,normal,0
1762980723.6963997,0x1c9,8,000000004ed780cf,normal,0
1762980723.7244923,0x1a,8,00000000384f4ca4,normal,0
1762980723.7245035,0x2f,8,0bff0000384f4ca4,normal,0
1762980723.724508,0x43,8,00000000384f4ca4,normal,0
1762980723.7245116,0x58,8,0e640000384f4ca4,normal,0
1762980723.724515,0x6d,8,00000000384f4ca4,normal,0
1762980723.7245193,0x1c9,8,00000000384f4ca4,normal,0
1762980723.756414,0x1a,8,00000000d509e65b,normal,0
1762980723.7564263,0x2f,8,0bff0000d509e65b,normal,0
1762980723.756431,0x43,8,00000000d509e65b,normal,0
1762980723.7564347,0x58,8,0e640000d509e65b,normal,0
1762980723.756438,0x6d,8,00000000d509e65b,normal,0
1762980723.756442,0x1c9,8,00000000d509e65b,normal,0
1762980723.7871552,0x1a,8,00000000da4abd0e,normal,0
1762980723.787167,0x2f,8,0bff0000da4abd0e,normal,0
1762980723.7871716,0x43,8,00000000da4abd0e,normal,0
1762980723.7871752,0x58,8,0e640000da4abd0e,normal,0
1762980723.7871783,0x6d,8,00000000da4abd0e,normal,0
1762980723.7871826,0x1c9,8,00000000da4abd0e,normal,0
1762980723.821941,0x1a,8,000000003e6e1f22,normal,0
1762980723.8219516,0x2f,8,0bff00003e6e1f22,normal,0
1762980723.8219562,0x43,8,000100003e6e1f22,normal,0
1762980723.8219597,0x58,8,0e6400003e6e1f22,normal,0
1762980723.8219633,0x6d,8,000000003e6e1f22,normal,0
1762980723.8219676,0x1c9,8,000000003e6e1f22,normal,0
1762980723.8588777,0x1a,8,00000000c8da9589,normal,0
1762980723.8588908,0x2f,8,0bff0000c8da9589,normal,0
1762980723.8588953,0x43,8,00000000c8da9589,normal,0
1762980723.858899,0x58,8,0e640000c8da9589,normal,0
1762980723.8589027,0x6d,8,00000000c8da9589,normal,0
1762980723.8589067,0x1c9,8,00000000c8da9589,normal,0
1762980723.8948839,0x1a,8,00000000f809e166,normal,0
1762980723.8949127,0x2f,8,0bff0000f809e166,normal,0
1762980723.8949244,0x43,8,00000000f809e166,normal,0
1762980723.8949351,0x58,8,0e640000f809e166,normal,0
1762980723.8949447,0x6d,8,00000000f809e166,normal,0
1762980723.894955,0x1c9,8,00000000f809e166,normal,0
1762980723.9308496,0x1a,8,00000000e2a311e2,normal,0
1762980723.9308715,0x2f,8,0bff0000e2a311e2,normal,0
1762980723.9308827,0x43,8,00000000e2a311e2,normal,0
1762980723.9308932,0x58,8,0e640000e2a311e2,normal,0
1762980723.9309027,0x6d,8,00000000e2a311e2,normal,0
1762980723.9309127,0x1c9,8,00000000e2a311e2,normal,0
1762980723.9806662,0x1a,8,000000008bd341e2,normal,0
1762980723.9806857,0x2f,8,0bff00008bd341e2,normal,0
1762980723.9806972,0x43,8,000000008bd341e2,normal,0
1762980723.9807074,0x58,8,0e6400008bd341e2,normal,0
1762980723.9807174,0x6d,8,000000008bd341e2,normal,0
1762980723.9807274,0x1c9,8,000000008bd341e2,normal,0
1762980724.0226662,0x1a,8,000000007f7aaa91,normal,0
1762980724.0226784,0x2f,8,0bff00007f7aaa91,normal,0
1762980724.0226831,0x43,8,000000007f7aaa91,normal,0
1762980724.022687,0x58,8,0e6400007f7aaa91,normal,0
1762980724.0226905,0x6d,8,000000007f7aaa91,normal,0
1762980724.022695,0x1c9,8,000000007f7aaa91,normal,0
1762980724.056576,0x1a,8,00000000cdd542e0,normal,0
1762980724.0565886,0x2f,8,0bff0000cdd542e0,normal,0
1762980724.0565934,0x43,8,00000000cdd542e0,normal,0
1762980724.0565977,0x58,8,0e640000cdd542e0,normal,0
1762980724.056601,0x6d,8,00000000cdd542e0,normal,0
1762980724.056605,0x1c9,8,00000000cdd542e0,normal,0
1762980724.084669,0x1a,8,00000000e54b0e44,normal,0
1762980724.0846827,0x2f,8,0bff0000e54b0e44,normal,0
1762980724.0846877,0x43,8,00000000e54b0e44,normal,0
1762980724.084692,0x58,8,0e640000e54b0e44,normal,0
1762980724.0846956,0x6d,8,00000000e54b0e44,normal,0
1762980724.0847,0x1c9,8,00000000e54b0e44,normal,0
1762980724.1206028,0x1a,8,0000000099341dab,normal,0
1762980724.1206279,0x2f,8,0bff000099341dab,normal,0
1762980724.1206322,0x43,8,0000000099341dab,normal,0
1762980724.120636,0x58,8,0e64000099341dab,normal,0
1762980724.1206393,0x6d,8,0000000099341dab,normal,0
1762980724.1206436,0x1c9,8,0000000099341dab,normal,0
1762980724.1501954,0x1a,8,00000000327c1f33,normal,0
1762980724.1502075,0x2f,8,0bff0000327c1f33,normal,0
1762980724.1502125,0x43,8,00000000327c1f33,normal,0
1762980724.1502156,0x58,8,0e640000327c1f33,normal,0
1762980724.1502192,0x6d,8,00000000327c1f33,normal,0
1762980724.1502233,0x1c9,8,00000000327c1f33,normal,0
1762980724.1796074,0x1a,8,000000006ad021d3,normal,0
1762980724.1796303,0x2f,8,0bff00006ad021d3,normal,0
1762980724.1796417,0x43,8,000000006ad021d3,normal,0
1762980724.1796517,0x58,8,0e6400006ad021d3,normal,0
1762980724.1796608,0x6d,8,000000006ad021d3,normal,0
1762980724.1796706,0x1c9,8,000000006ad021d3,normal,0
1762980724.2136385,0x1a,8,00000000061d6e2f,normal,0
1762980724.213652,0x2f,8,0bff0000061d6e2f,normal,0
1762980724.2136562,0x43,8,00000000061d6e2f,normal,0
1762980724.2136598,0x58,8,0e640000061d6e2f,normal,0
1762980724.2136633,0x6d,8,00000000061d6e2f,normal,0
1762980724.2136676,0x1c9,8,00000000061d6e2f,normal,0
1762980724.24673,0x1a,8,00000000a5df724e,normal,0
1762980724.2467442,0x2f,8,0bff0000a5df724e,normal,0
1762980724.2467496,0x43,8,00000000a5df724e,normal,0
1762980724.2467542,0x58,8,0e640000a5df724e,normal,0
1762980724.2467587,0x6d,8,00000000a5df724e,normal,0
1762980724.2467642,0x1c9,8,00000000a5df724e,normal,0
1762980724.2839081,0x1a,8,00000000b732c9ab,normal,0
1762980724.2839222,0x2f,8,0bff0000b732c9ab,normal,0
1762980724.2839282,0x43,8,00000000b732c9ab,normal,0
1762980724.2839324,0x58,8,0e640000b732c9ab,normal,0
1762980724.2839365,0x6d,8,00000000b732c9ab,normal,0
1762980724.2839413,0x1c9,8,00000000b732c9ab,normal,0
1762980724.3212738,0x1a,8,00000000121679b1,normal,0
1762980724.3212867,0x2f,8,0bff0000121679b1,normal,0
1762980724.3212912,0x43,8,00010000121679b1,normal,0
1762980724.3212945,0x58,8,0e640000121679b1,normal,0
1762980724.321298,0x6d,8,00000000121679b1,normal,0
1762980724.3213015,0x1c9,8,00000000121679b1,normal,0
1762980724.3605192,0x1a,8,00000000d7952521,normal,0
1762980724.3605425,0x2f,8,0bff0000d7952521,normal,0
1762980724.3605542,0x43,8,00000000d7952521,normal,0
1762980724.3605647,0x58,8,0e640000d7952521,normal,0
1762980724.3605745,0x6d,8,00000000d7952521,normal,0
1762980724.360585,0x1c9,8,00000000d7952521,normal,0
1762980724.3936393,0x1a,8,0000000050066ff1,normal,0
1762980724.3936508,0x2f,8,0bff000050066ff1,normal,0
1762980724.3936553,0x43,8,0001000050066ff1,normal,0
1762980724.3936589,0x58,8,0e64000050066ff1,normal,0
1762980724.3936625,0x6d,8,0000000050066ff1,normal,0
1762980724.3936667,0x1c9,8,0000000050066ff1,normal,0
1762980724.4216754,0x1a,8,000000007f383abc,normal,0
1762980724.4216864,0x2f,8,0bff00007f383abc,normal,0
1762980724.4216905,0x43,8,000100007f383abc,normal,0
1762980724.4216938,0x58,8,0e6400007f383abc,normal,0
1762980724.4216971,0x6d,8,000000007f383abc,normal,0
1762980724.4217012,0x1c9,8,000000007f383abc,normal,0
1762980724.4497156,0x1a,8,000000005e23e015,normal,0
1762980724.4497333,0x2f,8,0bff00005e23e015,normal,0
1762980724.4497375,0x43,8,000000005e23e015,normal,0
1762980724.4497414,0x58,8,0e6400005e23e015,normal,0
1762980724.4497445,0x6d,8,000000005e23e015,normal,0
1762980724.4497483,0x1c9,8,000000005e23e015,normal,0
1762980724.4796693,0x1a,8,000000001ff8ba85,normal,0
1762980724.4796796,0x2f,8,0bff00001ff8ba85,normal,0
1762980724.4796839,0x43,8,000000001ff8ba85,normal,0
1762980724.4796877,0x58,8,0e6400001ff8ba85,normal,0
1762980724.4796906,0x6d,8,000000001ff8ba85,normal,0
1762980724.4796948,0x1c9,8,000000001ff8ba85,normal,0
1762980724.5115576,0x1a,8,00000000802ff6fb,normal,0
1762980724.5115695,0x2f,8,0bff0000802ff6fb,normal,0
1762980724.511574,0x43,8,00000000802ff6fb,normal,0
1762980724.511578,0x58,8,0e640000802ff6fb,normal,0
1762980724.5115812,0x6d,8,00000000802ff6fb,normal,0
1762980724.5115852,0x1c9,8,00000000802ff6fb,normal,0
1762980724.539456,0x1a,8,00000000b77d2eba,normal,0
1762980724.5395477,0x2f,8,0bff0000b77d2eba,normal,0
1762980724.5395594,0x43,8,00010000b77d2eba,normal,0
1762980724.5395696,0x58,8,0e640000b77d2eba,normal,0
1762980724.5395799,0x6d,8,00000000b77d2eba,normal,0
1762980724.53959,0x1c9,8,00000000b77d2eba,normal,0
1762980724.5657325,0x1a,8,000000004f0ceb80,normal,0
1762980724.5657523,0x2f,8,0bff00004f0ceb80,normal,0
1762980724.5657563,0x43,8,000000004f0ceb80,normal,0
1762980724.56576,0x58,8,0e6400004f0ceb80,normal,0
1762980724.5657628,0x6d,8,000000004f0ceb80,normal,0
1762980724.5657666,0x1c9,8,000000004f0ceb80,normal,0
1762980724.5947006,0x1a,8,00000000915b0df9,normal,0
1762980724.594726,0x2f,8,0bff0000915b0df9,normal,0
1762980724.5947309,0x43,8,00000000915b0df9,normal,0
1762980724.5947342,0x58,8,0e640000915b0df9,normal,0
1762980724.594737,0x6d,8,00000000915b0df9,normal,0
1762980724.5947416,0x1c9,8,00000000915b0df9,normal,0
1762980724.62786,0x1a,8,0000000041a807a9,normal,0
1762980724.627879,0x2f,8,0bff000041a807a9,normal,0
1762980724.627884,0x43,8,0000000041a807a9,normal,0
1762980724.6278877,0x58,8,0e64000041a807a9,normal,0
1762980724.6278915,0x6d,8,0000000041a807a9,normal,0
1762980724.6278958,0x1c9,8,0000000041a807a9,normal,0
1762980724.6627407,0x1a,8,00000000c63dfd89,normal,0
1762980724.6627538,0x2f,8,0bff0000c63dfd89,normal,0
1762980724.6627593,0x43,8,00010000c63dfd89,normal,0
1762980724.662764,0x58,8,0e640000c63dfd89,normal,0
1762980724.6627684,0x6d,8,00000000c63dfd89,normal,0
1762980724.6627736,0x1c9,8,00000000c63dfd89,normal,0
1762980724.73449,0x1a,8,0000000007c4bfc7,normal,0
1762980724.7345011,0x2f,8,0bff000007c4bfc7,normal,0
1762980724.734506,0x43,8,0001000007c4bfc7,normal,0
1762980724.7345092,0x58,8,0e64000007c4bfc7,normal,0
1762980724.7345126,0x6d,8,0000000007c4bfc7,normal,0
1762980724.7345166,0x1c9,8,0000000007c4bfc7,normal,0
1762980724.7733855,0x1a,8,00000000059cc3ac,normal,0
1762980724.773408,0x2f,8,0bff0000059cc3ac,normal,0
1762980724.7734196,0x43,8,00000000059cc3ac,normal,0
1762980724.77343,0x58,8,0e640000059cc3ac,normal,0
1762980724.7734404,0x6d,8,00000000059cc3ac,normal,0
1762980724.7734506,0x1c9,8,00000000059cc3ac,normal,0
1762980724.810399,0x1a,8,00000000684e29d9,normal,0
1762980724.8104239,0x2f,8,0bff0000684e29d9,normal,0
1762980724.8104362,0x43,8,00010000684e29d9,normal,0
1762980724.810447,0x58,8,0e640000684e29d9,normal,0
1762980724.8104572,0x6d,8,00000000684e29d9,normal,0
1762980724.8104677,0x1c9,8,00000000684e29d9,normal,0
1762980724.8400118,0x1a,8,000000009ac7c7e9,normal,0
1762980724.8401365,0x2f,8,0bff00009ac7c7e9,normal,0
1762980724.8401413,0x43,8,000000009ac7c7e9,normal,0
1762980724.8401453,0x58,8,0e6400009ac7c7e9,normal,0
1762980724.840149,0x6d,8,000000009ac7c7e9,normal,0
1762980724.840153,0x1c9,8,000000009ac7c7e9,normal,0
1762980724.8702965,0x1a,8,0000000078435d00,normal,0
1762980724.8703094,0x2f,8,0bff000078435d00,normal,0
1762980724.8703146,0x43,8,0000000078435d00,normal,0
1762980724.8703184,0x58,8,0e64000078435d00,normal,0
1762980724.8703222,0x6d,8,0000000078435d00,normal,0
1762980724.8703263,0x1c9,8,0000000078435d00,normal,0
1762980724.9025395,0x1a,8,0000000075445368,normal,0
1762980724.902552,0x2f,8,0bff000075445368,normal,0
1762980724.9025564,0x43,8,0000000075445368,normal,0
1762980724.9025602,0x58,8,0e64000075445368,normal,0
1762980724.9025636,0x6d,8,0000000075445368,normal,0
1762980724.9025679,0x1c9,8,0000000075445368,normal,0
1762980724.9331057,0x1a,8,00000000e83b9f5e,normal,0
1762980724.9331255,0x2f,8,0bff0000e83b9f5e,normal,0
1762980724.933136,0x43,8,00020000e83b9f5e,normal,0
1762980724.9331455,0x58,8,0e640000e83b9f5e,normal,0
1762980724.9331546,0x6d,8,00000000e83b9f5e,normal,0
1762980724.933164,0x1c9,8,00000000e83b9f5e,normal,0
1762980724.9663308,0x1a,8,000000003a741814,normal,0
1762980724.9663432,0x2f,8,0bff00003a741814,normal,0
1762980724.9663475,0x43,8,000000003a741814,normal,0
1762980724.9663513,0x58,8,0e6400003a741814,normal,0
1762980724.9663546,0x6d,8,000000003a741814,normal,0
1762980724.9663587,0x1c9,8,000000003a741814,normal,0
1762980724.9979732,0x1a,8,00000000cb4e7fa3,normal,0
1762980724.997986,0x2f,8,0bff0000cb4e7fa3,normal,0
1762980724.9979906,0x43,8,00000000cb4e7fa3,normal,0
1762980724.9979942,0x58,8,0e640000cb4e7fa3,normal,0
1762980724.9979975,0x6d,8,00000000cb4e7fa3,normal,0
1762980724.9980016,0x1c9,8,00000000cb4e7fa3,normal,0
1762980725.0330052,0x1a,8,00000000ffb42d5a,normal,0
1762980725.0330276,0x2f,8,0bff0000ffb42d5a,normal,0
1762980725.0330398,0x43,8,00000000ffb42d5a,normal,0
1762980725.0330508,0x58,8,0e640000ffb42d5a,normal,0
1762980725.0330608,0x6d,8,00000000ffb42d5a,normal,0
1762980725.0330715,0x1c9,8,00000000ffb42d5a,normal,0
1762980725.072706,0x1a,8,000000004930b7a6,normal,0
1762980725.0727186,0x2f,8,0bff00004930b7a6,normal,0
1762980725.072723,0x43,8,000000004930b7a6,normal,0
1762980725.0727262,0x58,8,0e6400004930b7a6,normal,0
1762980725.0727298,0x6d,8,000000004930b7a6,normal,0
1762980725.0727339,0x1c9,8,000000004930b7a6,normal,0
1762980725.1594348,0x1a,8,00000000af67de04,normal,0
1762980725.1594465,0x2f,8,0bff0000af67de04,normal,0
1762980725.1594508,0x43,8,00000000af67de04,normal,0
1762980725.159454,0x58,8,0e640000af67de04,normal,0
1762980725.1594572,0x6d,8,00000000af67de04,normal,0
1762980725.1594613,0x1c9,8,00000000af67de04,normal,0
1762980725.1866114,0x1a,8,00000000d55bf719,normal,0
1762980725.1866224,0x2f,8,0bff0000d55bf719,normal,0
1762980725.1866271,0x43,8,00000000d55bf719,normal,0
1762980725.1866312,0x58,8,0e640000d55bf719,normal,0
1762980725.1866353,0x6d,8,00000000d55bf719,normal,0
1762980725.1866395,0x1c9,8,00000000d55bf719,normal,0
1762980725.2190285,0x1a,8,00000000b25d7be0,normal,0
1762980725.2190561,0x2f,8,0bff0000b25d7be0,normal,0
1762980725.2190685,0x43,8,00000000b25d7be0,normal,0
1762980725.21908,0x58,8,0e640000b25d7be0,normal,0
1762980725.2190907,0x6d,8,00000000b25d7be0,normal,0
1762980725.2191017,0x1c9,8,00000000b25d7be0,normal,0
1762980725.2516448,0x1a,8,0000000034f87c1b,normal,0
1762980725.2516727,0x2f,8,0bff000034f87c1b,normal,0
1762980725.251686,0x43,8,0001000034f87c1b,normal,0
1762980725.2516973,0x58,8,0e64000034f87c1b,normal,0
1762980725.2517076,0x6d,8,0000000034f87c1b,normal,0
1762980725.2517188,0x1c9,8,0000000034f87c1b,normal,0
1762980725.3083427,0x1a,8,00000000851e2323,normal,0
1762980725.3083541,0x2f,8,0bff0000851e2323,normal,0
1762980725.308359,0x43,8,00010000851e2323,normal,0
1762980725.3083627,0x58,8,0e640000851e2323,normal,0
1762980725.3083663,0x6d,8,00000000851e2323,normal,0
1762980725.30837,0x1c9,8,00000000851e2323,normal,0
1762980725.3362958,0x1a,8,00000000c92410d3,normal,0
1762980725.3363087,0x2f,8,0bff0000c92410d3,normal,0
1762980725.3363135,0x43,8,00000000c92410d3,normal,0
1762980725.3363173,0x58,8,0e640000c92410d3,normal,0
1762980725.3363209,0x6d,8,00000000c92410d3,normal,0
1762980725.3363254,0x1c9,8,00000000c92410d3,normal,0
1762980725.3653038,0x1a,8,00000000a8075d1f,normal,0
1762980725.365319,0x2f,8,0bff0000a8075d1f,normal,0
1762980725.3653257,0x43,8,00000000a8075d1f,normal,0
1762980725.3653295,0x58,8,0e640000a8075d1f,normal,0
1762980725.3653326,0x6d,8,00000000a8075d1f,normal,0
1762980725.365337,0x1c9,8,00000000a8075d1f,normal,0
1762980725.3942163,0x1a,8,00000000383a66de,normal,0
1762980725.3942287,0x2f,8,0bff0000383a66de,normal,0
1762980725.3942337,0x43,8,00000000383a66de,normal,0
1762980725.3942373,0x58,8,0e640000383a66de,normal,0
1762980725.3942409,0x6d,8,00000000383a66de,normal,0
1762980725.3942451,0x1c9,8,00000000383a66de,normal,0
1762980725.429579,0x1a,8,00000000e6fa84dc,normal,0
1762980725.4296007,0x2f,8,0bff0000e6fa84dc,normal,0
1762980725.4296124,0x43,8,00010000e6fa84dc,normal,0
1762980725.429623,0x58,8,0e640000e6fa84dc,normal,0
1762980725.429633,0x6d,8,00000000e6fa84dc,normal,0
1762980725.4296434,0x1c9,8,00000000e6fa84dc,normal,0
1762980725.461954,0x1a,8,00000000dbeb4189,normal,0
1762980725.461967,0x2f,8,0bff0000dbeb4189,normal,0
1762980725.4619718,0x43,8,00000000dbeb4189,normal,0
1762980725.4619753,0x58,8,0e640000dbeb4189,normal,0
1762980725.4619787,0x6d,8,00000000dbeb4189,normal,0
1762980725.4619827,0x1c9,8,00000000dbeb4189,normal,0
1762980725.49865,0x1a,8,000000008e96c4e4,normal,0
1762980725.498678,0x2f,8,0bff00008e96c4e4,normal,0
1762980725.4986897,0x43,8,000100008e96c4e4,normal,0
1762980725.4986994,0x58,8,0e6400008e96c4e4,normal,0
1762980725.498709,0x6d,8,000000008e96c4e4,normal,0
1762980725.4987192,0x1c9,8,000000008e96c4e4,normal,0
1762980725.5347817,0x1a,8,00000000bdb6f0ea,normal,0
1762980725.5348086,0x2f,8,0bff0000bdb6f0ea,normal,0
1762980725.5348155,0x43,8,00000000bdb6f0ea,normal,0
1762980725.5348208,0x58,8,0e640000bdb6f0ea,normal,0
1762980725.534825,0x6d,8,00000000bdb6f0ea,normal,0
1762980725.534831,0x1c9,8,00000000bdb6f0ea,normal,0
1762980725.5721426,0x1a,8,000000003eccc339,normal,0
1762980725.5721714,0x2f,8,0bff00003eccc339,normal,0
1762980725.5721757,0x43,8,000100003eccc339,normal,0
1762980725.5721798,0x58,8,0e6400003eccc339,normal,0
1762980725.572183,0x6d,8,000000003eccc339,normal,0
1762980725.5721867,0x1c9,8,000000003eccc339,normal,0
1762980725.6322262,0x1a,8,000000004dbc178c,normal,0
1762980725.6322372,0x2f,8,0bff00004dbc178c,normal,0
1762980725.6322417,0x43,8,000100004dbc178c,normal,0
1762980725.632247,0x58,8,0e6400004dbc178c,normal,0
1762980725.6322503,0x6d,8,000000004dbc178c,normal,0
1762980725.6322544,0x1c9,8,000000004dbc178c,normal,0
1762980725.6647778,0x1a,8,00000000e8346287,normal,0
1762980725.6647904,0x2f,8,0bff0000e8346287,normal,0
1762980725.6647954,0x43,8,00000000e8346287,normal,0
1762980725.6647992,0x58,8,0e640000e8346287,normal,0
1762980725.6648026,0x6d,8,00000000e8346287,normal,0
1762980725.6648066,0x1c9,8,00000000e8346287,normal,0
1762980725.702137,0x1a,8,000000000fa2d171,normal,0
1762980725.702155,0x2f,8,0bff00000fa2d171,normal,0
1762980725.7021596,0x43,8,000000000fa2d171,normal,0
1762980725.7021635,0x58,8,0e6400000fa2d171,normal,0
1762980725.702167,0x6d,8,000000000fa2d171,normal,0
1762980725.7021713,0x1c9,8,000000000fa2d171,normal,0
1762980725.739568,0x1a,8,00000000c7e18dc9,normal,0
1762980725.739581,0x2f,8,0bff0000c7e18dc9,normal,0
1762980725.7395856,0x43,8,00000000c7e18dc9,normal,0
1762980725.7395892,0x58,8,0e640000c7e18dc9,normal,0
1762980725.7395928,0x6d,8,00000000c7e18dc9,normal,0
1762980725.7395973,0x1c9,8,00000000c7e18dc9,normal,0
1762980725.7771432,0x1a,8,00000000beccbb01,normal,0
1762980725.7771695,0x2f,8,0bff0000beccbb01,normal,0
1762980725.7771816,0x43,8,00000000beccbb01,normal,0
1762980725.777192,0x58,8,0e640000beccbb01,normal,0
1762980725.7772021,0x6d,8,00000000beccbb01,normal,0
1762980725.7772124,0x1c9,8,00000000beccbb01,normal,0
1762980725.809456,0x1a,8,0000000075a2aeaa,normal,0
1762980725.8094687,0x2f,8,0bff000075a2aeaa,normal,0
1762980725.809473,0x43,8,0000000075a2aeaa,normal,0
1762980725.8094769,0x58,8,0e64000075a2aeaa,normal,0
1762980725.8094802,0x6d,8,0000000075a2aeaa,normal,0
1762980725.8094847,0x1c9,8,0000000075a2aeaa,normal,0
1762980725.844162,0x1a,8,000000007067d943,normal,0
1762980725.8441741,0x2f,8,0bff00007067d943,normal,0
1762980725.8441787,0x43,8,000000007067d943,normal,0
1762980725.8441827,0x58,8,0e6400007067d943,normal,0
1762980725.8441863,0x6d,8,000000007067d943,normal,0
1762980725.8441904,0x1c9,8,000000007067d943,normal,0
1762980725.883706,0x1a,8,00000000e31b61ee,normal,0
1762980725.8837166,0x2f,8,0bff0000e31b61ee,normal,0
1762980725.8837209,0x43,8,00000000e31b61ee,normal,0
1762980725.8837245,0x58,8,0e640000e31b61ee,normal,0
1762980725.8837276,0x6d,8,00000000e31b61ee,normal,0
1762980725.8837316,0x1c9,8,00000000e31b61ee,normal,0
1762980725.9245343,0x1a,8,000000005b61963f,normal,0
1762980725.9245486,0x2f,8,0bff00005b61963f,normal,0
1762980725.924553,0x43,8,000000005b61963f,normal,0
1762980725.9245565,0x58,8,0e6400005b61963f,normal,0
1762980725.9245598,0x6d,8,000000005b61963f,normal,0
1762980725.9245641,0x1c9,8,000000005b61963f,normal,0
1762980725.953412,0x1a,8,0000000011651b0a,normal,0
1762980725.953424,0x2f,8,0bff000011651b0a,normal,0
1762980725.9534283,0x43,8,0000000011651b0a,normal,0
1762980725.953432,0x58,8,0e64000011651b0a,normal,0
1762980725.9534357,0x6d,8,0000000011651b0a,normal,0
1762980725.95344,0x1c9,8,0000000011651b0a,normal,0
1762980725.9832568,0x1a,8,00000000b7e8081b,normal,0
1762980725.9832792,0x2f,8,0bff0000b7e8081b,normal,0
1762980725.9832919,0x43,8,00000000b7e8081b,normal,0
1762980725.983303,0x58,8,0e640000b7e8081b,normal,0
1762980725.983314,0x6d,8,00000000b7e8081b,normal,0
1762980725.983325,0x1c9,8,00000000b7e8081b,normal,0
1762980726.0381527,0x1a,8,0000000006da1b98,normal,0
1762980726.0381644,0x2f,8,0bff000006da1b98,normal,0
1762980726.0381687,0x43,8,0001000006da1b98,normal,0
1762980726.0381722,0x58,8,0e64000006da1b98,normal,0
1762980726.0381758,0x6d,8,0000000006da1b98,normal,0
1762980726.0381799,0x1c9,8,0000000006da1b98,normal,0
1762980726.097317,0x1a,8,00000000e745352c,normal,0
1762980726.0973384,0x2f,8,0bff0000e745352c,normal,0
1762980726.09735,0x43,8,00020000e745352c,normal,0
1762980726.0973606,0x58,8,0e640000e745352c,normal,0
1762980726.0973704,0x6d,8,00000000e745352c,normal,0
1762980726.097381,0x1c9,8,00000000e745352c,normal,0
1762980726.153504,0x1a,8,000000001228430f,normal,0
1762980726.1535208,0x2f,8,0bff00001228430f,normal,0
1762980726.1535256,0x43,8,000000001228430f,normal,0
1762980726.1535294,0x58,8,0e6400001228430f,normal,0
1762980726.1535332,0x6d,8,000000001228430f,normal,0
1762980726.1535373,0x1c9,8,000000001228430f,normal,0
1762980726.1817603,0x1a,8,00000000d2fe2d6e,normal,0
1762980726.1817725,0x2f,8,0bff0000d2fe2d6e,normal,0
1762980726.1817768,0x43,8,00010000d2fe2d6e,normal,0
1762980726.1817803,0x58,8,0e640000d2fe2d6e,normal,0
1762980726.1817834,0x6d,8,00000000d2fe2d6e,normal,0
1762980726.1817875,0x1c9,8,00000000d2fe2d6e,normal,0
1762980726.2099793,0x1a,8,0000000019aaabbf,normal,0
1762980726.2099907,0x2f,8,0bff000019aaabbf,normal,0
1762980726.209995,0x43,8,0000000019aaabbf,normal,0
1762980726.209999,0x58,8,0e64000019aaabbf,normal,0
1762980726.2100024,0x6d,8,0000000019aaabbf,normal,0
1762980726.2100062,0x1c9,8,0000000019aaabbf,normal,0
1762980726.2394397,0x1a,8,0000000065cc595c,normal,0
1762980726.2394607,0x2f,8,0bff000065cc595c,normal,0
1762980726.2394724,0x43,8,0000000065cc595c,normal,0
1762980726.2394824,0x58,8,0e64000065cc595c,normal,0
1762980726.2394943,0x6d,8,0000000065cc595c,normal,0
1762980726.2395046,0x1c9,8,0000000065cc595c,normal,0
1762980726.2698636,0x1a,8,000000009031f62a,normal,0
1762980726.2698758,0x2f,8,0bff00009031f62a,normal,0
1762980726.2698798,0x43,8,000000009031f62a,normal,0
1762980726.2698834,0x58,8,0e6400009031f62a,normal,0
1762980726.2698867,0x6d,8,000000009031f62a,normal,0
1762980726.2698908,0x1c9,8,000000009031f62a,normal,0
1762980726.2984562,0x1a,8,0000000082fbb22f,normal,0
1762980726.2984679,0x2f,8,0bff000082fbb22f,normal,0
1762980726.2984724,0x43,8,0000000082fbb22f,normal,0
1762980726.298476,0x58,8,0e64000082fbb22f,normal,0
1762980726.298479,0x6d,8,0000000082fbb22f,normal,0
1762980726.2984834,0x1c9,8,0000000082fbb22f,normal,0
1762980726.3513284,0x1a,8,0000000098978223,normal,0
1762980726.3513427,0x2f,8,0bff000098978223,normal,0
1762980726.3513474,0x43,8,0000000098978223,normal,0
1762980726.3513515,0x58,8,0e64000098978223,normal,0
1762980726.3513556,0x6d,8,0000000098978223,normal,0
1762980726.3513603,0x1c9,8,0000000098978223,normal,0
1762980726.3815274,0x1a,8,00000000ecf0939f,normal,0
1762980726.3815386,0x2f,8,0bff0000ecf0939f,normal,0
1762980726.3815432,0x43,8,00000000ecf0939f,normal,0
1762980726.381547,0x58,8,0e640000ecf0939f,normal,0
1762980726.3815503,0x6d,8,00000000ecf0939f,normal,0
1762980726.3815546,0x1c9,8,00000000ecf0939f,normal,0
1762980726.4099455,0x1a,8,0000000023a88bda,normal,0
1762980726.4099677,0x2f,8,0bff000023a88bda,normal,0
1762980726.4099731,0x43,8,0000000023a88bda,normal,0
1762980726.409978,0x58,8,0e64000023a88bda,normal,0
1762980726.409982,0x6d,8,0000000023a88bda,normal,0
1762980726.4099872,0x1c9,8,0000000023a88bda,normal,0
1762980726.443459,0x1a,8,00000000d64103e0,normal,0
1762980726.4434834,0x2f,8,0bff0000d64103e0,normal,0
1762980726.4434965,0x43,8,00010000d64103e0,normal,0
1762980726.4435084,0x58,8,0e640000d64103e0,normal,0
1762980726.4435194,0x6d,8,00000000d64103e0,normal,0
1762980726.4435303,0x1c9,8,00000000d64103e0,normal,0
1762980726.4736385,0x1a,8,000000007cbb93c6,normal,0
1762980726.4736505,0x2f,8,0bff00007cbb93c6,normal,0
1762980726.473655,0x43,8,000000007cbb93c6,normal,0
1762980726.473658,0x58,8,0e6400007cbb93c6,normal,0
1762980726.4736614,0x6d,8,000000007cbb93c6,normal,0
1762980726.4736652,0x1c9,8,000000007cbb93c6,normal,0
1762980726.5091963,0x1a,8,0000000033a32e8e,normal,0
1762980726.5092103,0x2f,8,0bff000033a32e8e,normal,0
1762980726.5092146,0x43,8,0000000033a32e8e,normal,0
1762980726.5092182,0x58,8,0e64000033a32e8e,normal,0
1762980726.5092216,0x6d,8,0000000033a32e8e,normal,0
1762980726.5092251,0x1c9,8,0000000033a32e8e,normal,0
1762980726.5750597,0x1a,8,000000006f731aeb,normal,0
1762980726.5750809,0x2f,8,0bff00006f731aeb,normal,0
1762980726.575091,0x43,8,000100006f731aeb,normal,0
1762980726.5751,0x58,8,0e6400006f731aeb,normal,0
1762980726.5751088,0x6d,8,000000006f731aeb,normal,0
1762980726.5751178,0x1c9,8,000000006f731aeb,normal,0
1762980726.6096117,0x1a,8,000000005937578b,normal,0
1762980726.6096256,0x2f,8,0bff00005937578b,normal,0
1762980726.60963,0x43,8,000100005937578b,normal,0
1762980726.609634,0x58,8,0e6400005937578b,normal,0
1762980726.609637,0x6d,8,000000005937578b,normal,0
1762980726.609641,0x1c9,8,000000005937578b,normal,0
1762980726.640336,0x1a,8,000000005fbda453,normal,0
1762980726.6403491,0x2f,8,0bff00005fbda453,normal,0
1762980726.640354,0x43,8,000000005fbda453,normal,0
1762980726.6403573,0x58,8,0e6400005fbda453,normal,0
1762980726.6403608,0x6d,8,000000005fbda453,normal,0
1762980726.640365,0x1c9,8,000000005fbda453,normal,0
1762980726.6793466,0x1a,8,00000000438dc2ab,normal,0
1762980726.6793587,0x2f,8,0bff0000438dc2ab,normal,0
1762980726.679363,0x43,8,00000000438dc2ab,normal,0
1762980726.6793668,0x58,8,0e640000438dc2ab,normal,0
1762980726.6793704,0x6d,8,00000000438dc2ab,normal,0
1762980726.6793747,0x1c9,8,00000000438dc2ab,normal,0
1762980726.7166336,0x1a,8,00000000fa0c6288,normal,0
1762980726.7166457,0x2f,8,0bff0000fa0c6288,normal,0
1762980726.7166505,0x43,8,00000000fa0c6288,normal,0
1762980726.716654,0x58,8,0e640000fa0c6288,normal,0
1762980726.7166574,0x6d,8,00000000fa0c6288,normal,0
1762980726.7166615,0x1c9,8,00000000fa0c6288,normal,0
1762980726.7520995,0x1a,8,000000007f73f964,normal,0
1762980726.7521107,0x2f,8,0bff00007f73f964,normal,0
1762980726.752115,0x43,8,000100007f73f964,normal,0
1762980726.7521186,0x58,8,0e6400007f73f964,normal,0
1762980726.752122,0x6d,8,000000007f73f964,normal,0
1762980726.7521262,0x1c9,8,000000007f73f964,normal,0
1762980726.7792308,0x1a,8,00000000cef089a6,normal,0
1762980726.7792444,0x2f,8,0bff0000cef089a6,normal,0
1762980726.779249,0x43,8,00000000cef089a6,normal,0
1762980726.7792528,0x58,8,0e640000cef089a6,normal,0
1762980726.779256,0x6d,8,00000000cef089a6,normal,0
1762980726.7792606,0x1c9,8,00000000cef089a6,normal,0
1762980726.807344,0x1a,8,00000000b8f29542,normal,0
1762980726.8073552,0x2f,8,0bff0000b8f29542,normal,0
1762980726.8073595,0x43,8,00000000b8f29542,normal,0
1762980726.807363,0x58,8,0e640000b8f29542,normal,0
1762980726.8073664,0x6d,8,00000000b8f29542,normal,0
1762980726.8073707,0x1c9,8,00000000b8f29542,normal,0
1762980726.8414187,0x1a,8,0000000016561129,normal,0
1762980726.8414345,0x2f,8,0bff000016561129,normal,0
1762980726.8414404,0x43,8,0000000016561129,normal,0
1762980726.8414457,0x58,8,0e64000016561129,normal,0
1762980726.8414507,0x6d,8,0000000016561129,normal,0
1762980726.841457,0x1c9,8,0000000016561129,normal,0
1762980726.869512,0x1a,8,0000000077ec6d98,normal,0
1762980726.8695238,0x2f,8,0bff000077ec6d98,normal,0
1762980726.869528,0x43,8,0002000077ec6d98,normal,0
1762980726.8695314,0x58,8,0e64000077ec6d98,normal,0
1762980726.8695347,0x6d,8,0000000077ec6d98,normal,0
1762980726.8695388,0x1c9,8,0000000077ec6d98,normal,0
1762980726.8985515,0x1a,8,00000000a407f8f8,normal,0
1762980726.8985739,0x2f,8,0bff0000a407f8f8,normal,0
1762980726.898586,0x43,8,00000000a407f8f8,normal,0
1762980726.8985965,0x58,8,0e640000a407f8f8,normal,0
1762980726.8986065,0x6d,8,00000000a407f8f8,normal,0
1762980726.898617,0x1c9,8,00000000a407f8f8,normal,0
1762980726.9286823,0x1a,8,00000000802911a3,normal,0
1762980726.9286954,0x2f,8,0bff0000802911a3,normal,0
1762980726.9286997,0x43,8,00010000802911a3,normal,0
1762980726.9287035,0x58,8,0e640000802911a3,normal,0
1762980726.928707,0x6d,8,00000000802911a3,normal,0
1762980726.9287107,0x1c9,8,00000000802911a3,normal,0
1762980726.9586284,0x1a,8,000000003921fc0a,normal,0
1762980726.9586394,0x2f,8,0bff00003921fc0a,normal,0
1762980726.9586444,0x43,8,000000003921fc0a,normal,0
1762980726.958648,0x58,8,0e6400003921fc0a,normal,0
1762980726.9586515,0x6d,8,000000003921fc0a,normal,0
1762980726.9586556,0x1c9,8,000000003921fc0a,normal,0
1762980726.9862823,0x1a,8,000000005c2ad75d,normal,0
1762980726.9863267,0x2f,8,0bff00005c2ad75d,normal,0
1762980726.9863312,0x43,8,000000005c2ad75d,normal,0
1762980726.9863348,0x58,8,0e6400005c2ad75d,normal,0
1762980726.986338,0x6d,8,000000005c2ad75d,normal,0
1762980726.986342,0x1c9,8,000000005c2ad75d,normal,0
1762980727.0165,0x1a,8,00000000b1a1a35a,normal,0
1762980727.0165224,0x2f,8,0bff0000b1a1a35a,normal,0
1762980727.0165334,0x43,8,00000000b1a1a35a,normal,0
1762980727.016544,0x58,8,0e640000b1a1a35a,normal,0
1762980727.016554,0x6d,8,00000000b1a1a35a,normal,0
1762980727.0165646,0x1c9,8,00000000b1a1a35a,normal,0
1762980727.0499763,0x1a,8,000000002e7284a0,normal,0
1762980727.0499885,0x2f,8,0bff00002e7284a0,normal,0
1762980727.0499928,0x43,8,000000002e7284a0,normal,0
1762980727.0499966,0x58,8,0e6400002e7284a0,normal,0
1762980727.0500002,0x6d,8,000000002e7284a0,normal,0
1762980727.050004,0x1c9,8,000000002e7284a0,normal,0
1762980727.0832016,0x1a,8,00000000bda65f3c,normal,0
1762980727.083263,0x2f,8,0bff0000bda65f3c,normal,0
1762980727.0832677,0x43,8,00000000bda65f3c,normal,0
1762980727.0832713,0x58,8,0e640000bda65f3c,normal,0
1762980727.0832746,0x6d,8,00000000bda65f3c,normal,0
1762980727.0832787,0x1c9,8,00000000bda65f3c,normal,0
1762980727.1193855,0x1a,8,000000007b92ed05,normal,0
1762980727.1193967,0x2f,8,0bff00007b92ed05,normal,0
1762980727.1194012,0x43,8,000000007b92ed05,normal,0
1762980727.1194048,0x58,8,0e6400007b92ed05,normal,0
1762980727.1194077,0x6d,8,000000007b92ed05,normal,0
1762980727.1194117,0x1c9,8,000000007b92ed05,normal,0
1762980727.1558762,0x1a,8,000000006f6d9989,normal,0
1762980727.1558876,0x2f,8,0bff00006f6d9989,normal,0
1762980727.1558924,0x43,8,000000006f6d9989,normal,0
1762980727.1558962,0x58,8,0e6400006f6d9989,normal,0
1762980727.1558995,0x6d,8,000000006f6d9989,normal,0
1762980727.1559043,0x1c9,8,000000006f6d9989,normal,0
1762980727.1963136,0x1a,8,00000000fed3116c,normal,0
1762980727.1963246,0x2f,8,0bff0000fed3116c,normal,0
1762980727.196329,0x43,8,00000000fed3116c,normal,0
1762980727.196333,0x58,8,0e640000fed3116c,normal,0
1762980727.1963365,0x6d,8,00000000fed3116c,normal,0
1762980727.1963406,0x1c9,8,00000000fed3116c,normal,0
1762980727.2337062,0x1a,8,000000009ec6b16e,normal,0
1762980727.2337837,0x2f,8,0bff00009ec6b16e,normal,0
1762980727.233788,0x43,8,000000009ec6b16e,normal,0
1762980727.2337916,0x58,8,0e6400009ec6b16e,normal,0
1762980727.233795,0x6d,8,000000009ec6b16e,normal,0
1762980727.2337987,0x1c9,8,000000009ec6b16e,normal,0
1762980727.2636096,0x1a,8,000000008de0e6ea,normal,0
1762980727.2636216,0x2f,8,0bff00008de0e6ea,normal,0
1762980727.2636256,0x43,8,000000008de0e6ea,normal,0
1762980727.263629,0x58,8,0e6400008de0e6ea,normal,0
1762980727.2636325,0x6d,8,000000008de0e6ea,normal,0
1762980727.2636368,0x1c9,8,000000008de0e6ea,normal,0
1762980727.2982483,0x1a,8,000000000b6cc237,normal,0
1762980727.298261,0x2f,8,0bff00000b6cc237,normal,0
1762980727.2982655,0x43,8,000000000b6cc237,normal,0
1762980727.2982688,0x58,8,0e6400000b6cc237,normal,0
1762980727.2982721,0x6d,8,000000000b6cc237,normal,0
1762980727.2982764,0x1c9,8,000000000b6cc237,normal,0
1762980727.3326466,0x1a,8,0000000091666927,normal,0
1762980727.3326597,0x2f,8,0bff000091666927,normal,0
1762980727.3326645,0x43,8,0000000091666927,normal,0
1762980727.3326683,0x58,8,0e64000091666927,normal,0
1762980727.3326716,0x6d,8,0000000091666927,normal,0
1762980727.3326757,0x1c9,8,0000000091666927,normal,0
1762980727.371077,0x1a,8,0000000051f850f5,normal,0
1762980727.3710918,0x2f,8,0bff000051f850f5,normal,0
1762980727.3710961,0x43,8,0000000051f850f5,normal,0
1762980727.3711,0x58,8,0e64000051f850f5,normal,0
1762980727.3711035,0x6d,8,0000000051f850f5,normal,0
1762980727.3711073,0x1c9,8,0000000051f850f5,normal,0
1762980727.4109113,0x1a,8,00000000d85a352b,normal,0
1762980727.4109342,0x2f,8,0bff0000d85a352b,normal,0
1762980727.4109461,0x43,8,00000000d85a352b,normal,0
1762980727.4109569,0x58,8,0e640000d85a352b,normal,0
1762980727.4109669,0x6d,8,00000000d85a352b,normal,0
1762980727.410978,0x1c9,8,00000000d85a352b,normal,0
1762980727.4515994,0x1a,8,0000000004e8d4f5,normal,0
1762980727.4516118,0x2f,8,0bff000004e8d4f5,normal,0
1762980727.4516163,0x43,8,0000000004e8d4f5,normal,0
1762980727.4516196,0x58,8,0e64000004e8d4f5,normal,0
1762980727.4516234,0x6d,8,0000000004e8d4f5,normal,0
1762980727.4516273,0x1c9,8,0000000004e8d4f5,normal,0
1762980727.4851687,0x1a,8,000000004702fdc7,normal,0
1762980727.4851913,0x2f,8,0bff00004702fdc7,normal,0
1762980727.485203,0x43,8,000000004702fdc7,normal,0
1762980727.485213,0x58,8,0e6400004702fdc7,normal,0
1762980727.485223,0x6d,8,000000004702fdc7,normal,0
1762980727.4852338,0x1c9,8,000000004702fdc7,normal,0
1762980727.5431044,0x1a,8,0000000057551ebb,normal,0
1762980727.5431173,0x2f,8,0bff000057551ebb,normal,0
1762980727.543122,0x43,8,0000000057551ebb,normal,0
1762980727.5431254,0x58,8,0e64000057551ebb,normal,0
1762980727.543129,0x6d,8,0000000057551ebb,normal,0
1762980727.5431333,0x1c9,8,0000000057551ebb,normal,0
1762980727.5770023,0x1a,8,00000000eb590a1f,normal,0
1762980727.577016,0x2f,8,0bff0000eb590a1f,normal,0
1762980727.5770204,0x43,8,00000000eb590a1f,normal,0
1762980727.577024,0x58,8,0e640000eb590a1f,normal,0
1762980727.5770278,0x6d,8,00000000eb590a1f,normal,0
1762980727.5770319,0x1c9,8,00000000eb590a1f,normal,0
1762980727.6125855,0x1a,8,000000006ca8af8a,normal,0
1762980727.6125965,0x2f,8,0bff00006ca8af8a,normal,0
1762980727.6126008,0x43,8,000000006ca8af8a,normal,0
1762980727.6126041,0x58,8,0e6400006ca8af8a,normal,0
1762980727.6126075,0x6d,8,000000006ca8af8a,normal,0
1762980727.6126115,0x1c9,8,000000006ca8af8a,normal,0
1762980727.6544852,0x1a,8,000000008736e797,normal,0
1762980727.6544986,0x2f,8,0bff00008736e797,normal,0
1762980727.6545036,0x43,8,000000008736e797,normal,0
1762980727.6545084,0x58,8,0e6400008736e797,normal,0
1762980727.6545124,0x6d,8,000000008736e797,normal,0
1762980727.6545172,0x1c9,8,000000008736e797,normal,0
1762980727.6926312,0x1a,8,00000000a9bfd056,normal,0
1762980727.6926417,0x2f,8,0bff0000a9bfd056,normal,0
1762980727.6926458,0x43,8,00010000a9bfd056,normal,0
1762980727.6926491,0x58,8,0e640000a9bfd056,normal,0
1762980727.692653,0x6d,8,00000000a9bfd056,normal,0
1762980727.692657,0x1c9,8,00000000a9bfd056,normal,0
1762980727.7503319,0x1a,8,0000000041e889c7,normal,0
1762980727.7503428,0x2f,8,0bff000041e889c7,normal,0
1762980727.7503474,0x43,8,0001000041e889c7,normal,0
1762980727.750351,0x58,8,0e64000041e889c7,normal,0
1762980727.7503543,0x6d,8,0000000041e889c7,normal,0
1762980727.7503583,0x1c9,8,0000000041e889c7,normal,0
1762980727.7789361,0x1a,8,00000000ac4a173d,normal,0
1762980727.7789564,0x2f,8,0bff0000ac4a173d,normal,0
1762980727.778968,0x43,8,00000000ac4a173d,normal,0
1762980727.7789786,0x58,8,0e640000ac4a173d,normal,0
1762980727.7789884,0x6d,8,00000000ac4a173d,normal,0
1762980727.7789984,0x1c9,8,00000000ac4a173d,normal,0
1762980727.8075886,0x1a,8,000000000afba554,normal,0
1762980727.8076115,0x2f,8,0bff00000afba554,normal,0
1762980727.807623,0x43,8,000100000afba554,normal,0
1762980727.8076332,0x58,8,0e6400000afba554,normal,0
1762980727.8076427,0x6d,8,000000000afba554,normal,0
1762980727.8076527,0x1c9,8,000000000afba554,normal,0
1762980727.86427,0x1a,8,000000005f1971ec,normal,0
1762980727.8642838,0x2f,8,0bff00005f1971ec,normal,0
1762980727.8642886,0x43,8,000000005f1971ec,normal,0
1762980727.8642921,0x58,8,0e6400005f1971ec,normal,0
1762980727.8642955,0x6d,8,000000005f1971ec,normal,0
1762980727.8642995,0x1c9,8,000000005f1971ec,normal,0
1762980727.9202151,0x1a,8,00000000ac40c947,normal,0
1762980727.9202302,0x2f,8,0bff0000ac40c947,normal,0
1762980727.920235,0x43,8,00000000ac40c947,normal,0
1762980727.9202387,0x58,8,0e640000ac40c947,normal,0
1762980727.9202423,0x6d,8,00000000ac40c947,normal,0
1762980727.9202468,0x1c9,8,00000000ac40c947,normal,0
1762980727.9467885,0x1a,8,000000007699f3d6,normal,0
1762980727.946802,0x2f,8,0bff00007699f3d6,normal,0
1762980727.9468067,0x43,8,000000007699f3d6,normal,0
1762980727.9468105,0x58,8,0e6400007699f3d6,normal,0
1762980727.9468143,0x6d,8,000000007699f3d6,normal,0
1762980727.9468184,0x1c9,8,000000007699f3d6,normal,0
1762980727.9773169,0x1a,8,00000000466cd276,normal,0
1762980727.9773312,0x2f,8,0bff0000466cd276,normal,0
1762980727.9773371,0x43,8,00010000466cd276,normal,0
1762980727.9773417,0x58,8,0e640000466cd276,normal,0
1762980727.977346,0x6d,8,00000000466cd276,normal,0
1762980727.9773512,0x1c9,8,00000000466cd276,normal,0
1762980728.0427575,0x1a,8,0000000096cb6a5a,normal,0
1762980728.0427806,0x2f,8,0bff000096cb6a5a,normal,0
1762980728.0427926,0x43,8,0000000096cb6a5a,normal,0
1762980728.0428033,0x58,8,0e64000096cb6a5a,normal,0
1762980728.0428133,0x6d,8,0000000096cb6a5a,normal,0
1762980728.042824,0x1c9,8,0000000096cb6a5a,normal,0
1762980728.0744183,0x1a,8,000000002a09a3ac,normal,0
1762980728.0744443,0x2f,8,0bff00002a09a3ac,normal,0
1762980728.074457,0x43,8,000000002a09a3ac,normal,0
1762980728.0744681,0x58,8,0e6400002a09a3ac,normal,0
1762980728.0744784,0x6d,8,000000002a09a3ac,normal,0
1762980728.0744894,0x1c9,8,000000002a09a3ac,normal,0
1762980728.115327,0x1a,8,0000000065d019de,normal,0
1762980728.1153495,0x2f,8,0bff000065d019de,normal,0
1762980728.1153615,0x43,8,0001000065d019de,normal,0
1762980728.1153722,0x58,8,0e64000065d019de,normal,0
1762980728.1153824,0x6d,8,0000000065d019de,normal,0
1762980728.1153934,0x1c9,8,0000000065d019de,normal,0
1762980728.1567063,0x1a,8,000000005b785f27,normal,0
1762980728.1567433,0x2f,8,0bff00005b785f27,normal,0
1762980728.1567552,0x43,8,000100005b785f27,normal,0
1762980728.1567662,0x58,8,0e6400005b785f27,normal,0
1762980728.1567764,0x6d,8,000000005b785f27,normal,0
1762980728.1567867,0x1c9,8,000000005b785f27,normal,0
1762980728.1960566,0x1a,8,00000000914ecc56,normal,0
1762980728.1960769,0x2f,8,0bff0000914ecc56,normal,0
1762980728.196088,0x43,8,00020000914ecc56,normal,0
1762980728.1960983,0x58,8,0e640000914ecc56,normal,0
1762980728.1961083,0x6d,8,00000000914ecc56,normal,0
1762980728.1961188,0x1c9,8,00000000914ecc56,normal,0
1762980728.2255204,0x1a,8,00000000e261873b,normal,0
1762980728.2255325,0x2f,8,0bff0000e261873b,normal,0
1762980728.2255375,0x43,8,00020000e261873b,normal,0
1762980728.2255414,0x58,8,0e640000e261873b,normal,0
1762980728.2255447,0x6d,8,00000000e261873b,normal,0
1762980728.225549,0x1c9,8,00000000e261873b,normal,0
1762980728.25333,0x1a,8,00000000514cde1c,normal,0
1762980728.253341,0x2f,8,0bff0000514cde1c,normal,0
1762980728.2533453,0x43,8,00010000514cde1c,normal,0
1762980728.253349,0x58,8,0e640000514cde1c,normal,0
1762980728.2533524,0x6d,8,00000000514cde1c,normal,0
1762980728.2533562,0x1c9,8,00000000514cde1c,normal,0
1762980728.279636,0x1a,8,00000000e6aabdf2,normal,0
1762980728.2796476,0x2f,8,0bff0000e6aabdf2,normal,0
1762980728.2796524,0x43,8,00000000e6aabdf2,normal,0
1762980728.2796562,0x58,8,0e640000e6aabdf2,normal,0
1762980728.2796597,0x6d,8,00000000e6aabdf2,normal,0
1762980728.279664,0x1c9,8,00000000e6aabdf2,normal,0
1762980728.310064,0x1a,8,00000000187228bb,normal,0
1762980728.3100753,0x2f,8,0bff0000187228bb,normal,0
1762980728.3100796,0x43,8,00000000187228bb,normal,0
1762980728.3100832,0x58,8,0e640000187228bb,normal,0
1762980728.3100863,0x6d,8,00000000187228bb,normal,0
1762980728.31009,0x1c9,8,00000000187228bb,normal,0
1762980728.338168,0x1a,8,000000007a845a5a,normal,0
1762980728.3381808,0x2f,8,0bff00007a845a5a,normal,0
1762980728.3381855,0x43,8,000000007a845a5a,normal,0
1762980728.3381891,0x58,8,0e6400007a845a5a,normal,0
1762980728.3381927,0x6d,8,000000007a845a5a,normal,0
1762980728.338197,0x1c9,8,000000007a845a5a,normal,0
1762980728.3670197,0x1a,8,00000000befb1136,normal,0
1762980728.3670418,0x2f,8,0bff0000befb1136,normal,0
1762980728.3670542,0x43,8,00000000befb1136,normal,0
1762980728.3670654,0x58,8,0e640000befb1136,normal,0
1762980728.3670757,0x6d,8,00000000befb1136,normal,0
1762980728.3670864,0x1c9,8,00000000befb1136,normal,0
1762980728.3994713,0x1a,8,00000000f41fab91,normal,0
1762980728.3994832,0x2f,8,0bff0000f41fab91,normal,0
1762980728.3994877,0x43,8,00010000f41fab91,normal,0
1762980728.3994918,0x58,8,0e640000f41fab91,normal,0
1762980728.399495,0x6d,8,00000000f41fab91,normal,0
1762980728.3994992,0x1c9,8,00000000f41fab91,normal,0
1762980728.427778,0x1a,8,000000000d468c07,normal,0
1762980728.427789,0x2f,8,0bff00000d468c07,normal,0
1762980728.4277935,0x43,8,000200000d468c07,normal,0
1762980728.427797,0x58,8,0e6400000d468c07,normal,0
1762980728.4278004,0x6d,8,000000000d468c07,normal,0
1762980728.4278047,0x1c9,8,000000000d468c07,normal,0
1762980728.4567702,0x1a,8,00000000e527cb40,normal,0
1762980728.4567907,0x2f,8,0bff0000e527cb40,normal,0
1762980728.4568024,0x43,8,00010000e527cb40,normal,0
1762980728.4568129,0x58,8,0e640000e527cb40,normal,0
1762980728.456823,0x6d,8,00000000e527cb40,normal,0
1762980728.4568331,0x1c9,8,00000000e527cb40,normal,0
1762980728.484215,0x1a,8,000000007df6ecb0,normal,0
1762980728.4842277,0x2f,8,0bff00007df6ecb0,normal,0
1762980728.484232,0x43,8,000100007df6ecb0,normal,0
1762980728.4842353,0x58,8,0e6400007df6ecb0,normal,0
1762980728.4842386,0x6d,8,000000007df6ecb0,normal,0
1762980728.4842427,0x1c9,8,000000007df6ecb0,normal,0
1762980728.5120616,0x1a,8,00000000cd675eac,normal,0
1762980728.5120904,0x2f,8,0bff0000cd675eac,normal,0
1762980728.512103,0x43,8,00020000cd675eac,normal,0
1762980728.512114,0x58,8,0e640000cd675eac,normal,0
1762980728.5121243,0x6d,8,00000000cd675eac,normal,0
1762980728.512135,0x1c9,8,00000000cd675eac,normal,0
1762980728.5399778,0x1a,8,0000000004e8af9a,normal,0
1762980728.5399888,0x2f,8,0bff000004e8af9a,normal,0
1762980728.539993,0x43,8,0003000004e8af9a,normal,0
1762980728.5399964,0x58,8,0e64000004e8af9a,normal,0
1762980728.5399992,0x6d,8,0000000004e8af9a,normal,0
1762980728.5400033,0x1c9,8,0000000004e8af9a,normal,0
1762980728.5919259,0x1a,8,00000000f31985bf,normal,0
1762980728.591939,0x2f,8,0bff0000f31985bf,normal,0
1762980728.5919435,0x43,8,00020000f31985bf,normal,0
1762980728.5919476,0x58,8,0e640000f31985bf,normal,0
1762980728.5919507,0x6d,8,00000000f31985bf,normal,0
1762980728.591955,0x1c9,8,00000000f31985bf,normal,0
1762980728.6192112,0x1a,8,000000002cc6a415,normal,0
1762980728.6192226,0x2f,8,0bff00002cc6a415,normal,0
1762980728.619227,0x43,8,000200002cc6a415,normal,0
1762980728.6192305,0x58,8,0e6400002cc6a415,normal,0
1762980728.619234,0x6d,8,000000002cc6a415,normal,0
1762980728.6192381,0x1c9,8,000000002cc6a415,normal,0
1762980728.648455,0x1a,8,00000000ab4613c7,normal,0
1762980728.64847,0x2f,8,0bff0000ab4613c7,normal,0
1762980728.6484754,0x43,8,00020000ab4613c7,normal,0
1762980728.6484802,0x58,8,0e640000ab4613c7,normal,0
1762980728.6484847,0x6d,8,00000000ab4613c7,normal,0
1762980728.64849,0x1c9,8,00000000ab4613c7,normal,0
1762980728.7028017,0x1a,8,00000000eef351e7,normal,0
1762980728.7028136,0x2f,8,0bff0000eef351e7,normal,0
1762980728.7028184,0x43,8,00020000eef351e7,normal,0
1762980728.7028222,0x58,8,0e640000eef351e7,normal,0
1762980728.7028255,0x6d,8,00000000eef351e7,normal,0
1762980728.7028298,0x1c9,8,00000000eef351e7,normal,0
1762980728.7350485,0x1a,8,000000000e0f2bb1,normal,0
1762980728.7350607,0x2f,8,0bff00000e0f2bb1,normal,0
1762980728.7350652,0x43,8,000100000e0f2bb1,normal,0
1762980728.7350688,0x58,8,0e6400000e0f2bb1,normal,0
1762980728.735072,0x6d,8,000000000e0f2bb1,normal,0
1762980728.735076,0x1c9,8,000000000e0f2bb1,normal,0
1762980728.7637181,0x1a,8,00000000cf650c70,normal,0
1762980728.763732,0x2f,8,0bff0000cf650c70,normal,0
1762980728.7637382,0x43,8,00000000cf650c70,normal,0
1762980728.763743,0x58,8,0e640000cf650c70,normal,0
1762980728.763748,0x6d,8,00000000cf650c70,normal,0
1762980728.7637522,0x1c9,8,00000000cf650c70,normal,0
1762980728.8191404,0x1a,8,000000009c0f92d2,normal,0
1762980728.8191533,0x2f,8,0bff00009c0f92d2,normal,0
1762980728.8191578,0x43,8,000000009c0f92d2,normal,0
1762980728.8191617,0x58,8,0e6400009c0f92d2,normal,0
1762980728.8191655,0x6d,8,000000009c0f92d2,normal,0
1762980728.8191695,0x1c9,8,000000009c0f92d2,normal,0
1762980728.8514197,0x1a,8,00000000204faaaf,normal,0
1762980728.8514445,0x2f,8,0bff0000204faaaf,normal,0
1762980728.8514564,0x43,8,00000000204faaaf,normal,0
1762980728.8514671,0x58,8,0e640000204faaaf,normal,0
1762980728.8514771,0x6d,8,00000000204faaaf,normal,0
1762980728.8514876,0x1c9,8,00000000204faaaf,normal,0
1762980728.8778195,0x1a,8,00000000b9aaf9e1,normal,0
1762980728.8778386,0x2f,8,0bff0000b9aaf9e1,normal,0
1762980728.87785,0x43,8,00020000b9aaf9e1,normal,0
1762980728.8778646,0x58,8,0e640000b9aaf9e1,normal,0
1762980728.8778756,0x6d,8,00000000b9aaf9e1,normal,0
1762980728.8778858,0x1c9,8,00000000b9aaf9e1,normal,0
1762980728.9073815,0x1a,8,000000006eb76b1d,normal,0
1762980728.9074016,0x2f,8,0bff00006eb76b1d,normal,0
1762980728.9074118,0x43,8,000100006eb76b1d,normal,0
1762980728.9074292,0x58,8,0e6400006eb76b1d,normal,0
1762980728.907438,0x6d,8,000000006eb76b1d,normal,0
1762980728.9074473,0x1c9,8,000000006eb76b1d,normal,0
1762980728.938189,0x1a,8,00000000388cf8c8,normal,0
1762980728.9382105,0x2f,8,0bff0000388cf8c8,normal,0
1762980728.9382215,0x43,8,00010000388cf8c8,normal,0
1762980728.938232,0x58,8,0e640000388cf8c8,normal,0
1762980728.9382412,0x6d,8,00000000388cf8c8,normal,0
1762980728.9382513,0x1c9,8,00000000388cf8c8,normal,0
1762980728.9671454,0x1a,8,000000009d9d0b6c,normal,0
1762980728.9671643,0x2f,8,0bff00009d9d0b6c,normal,0
1762980728.9671743,0x43,8,000100009d9d0b6c,normal,0
1762980728.967184,0x58,8,0e6400009d9d0b6c,normal,0
1762980728.9671934,0x6d,8,000000009d9d0b6c,normal,0
1762980728.9672031,0x1c9,8,000000009d9d0b6c,normal,0
1762980728.9950557,0x1a,8,000000005d0ee7df,normal,0
1762980728.995077,0x2f,8,0bff00005d0ee7df,normal,0
1762980728.9950886,0x43,8,000300005d0ee7df,normal,0
1762980728.9950993,0x58,8,0e6400005d0ee7df,normal,0
1762980728.995109,0x6d,8,000000005d0ee7df,normal,0
1762980728.9951193,0x1c9,8,000000005d0ee7df,normal,0
1762980729.022832,0x1a,8,00000000c6ce68ba,normal,0
1762980729.0228453,0x2f,8,0bff0000c6ce68ba,normal,0
1762980729.02285,0x43,8,00030000c6ce68ba,normal,0
1762980729.0228536,0x58,8,0e640000c6ce68ba,normal,0
1762980729.0228567,0x6d,8,00000000c6ce68ba,normal,0
1762980729.0228643,0x1c9,8,00000000c6ce68ba,normal,0
1762980729.0549655,0x1a,8,00000000ace7336c,normal,0
1762980729.054977,0x2f,8,0bff0000ace7336c,normal,0
1762980729.0549815,0x43,8,00030000ace7336c,normal,0
1762980729.054985,0x58,8,0e640000ace7336c,normal,0
1762980729.0549884,0x6d,8,00000000ace7336c,normal,0
1762980729.0549924,0x1c9,8,00000000ace7336c,normal,0
1762980729.0881724,0x1a,8,00000000b4f7c1f2,normal,0
1762980729.0881834,0x2f,8,0bff0000b4f7c1f2,normal,0
1762980729.0881877,0x43,8,00040000b4f7c1f2,normal,0
1762980729.0881915,0x58,8,0e640000b4f7c1f2,normal,0
1762980729.088195,0x6d,8,00000000b4f7c1f2,normal,0
1762980729.0881999,0x1c9,8,00000000b4f7c1f2,normal,0
1762980729.1247356,0x1a,8,00000000cfbfcf89,normal,0
1762980729.1247566,0x2f,8,0bff0000cfbfcf89,normal,0
1762980729.1247678,0x43,8,00040000cfbfcf89,normal,0
1762980729.1247783,0x58,8,0e640000cfbfcf89,normal,0
1762980729.124788,0x6d,8,00000000cfbfcf89,normal,0
1762980729.1247978,0x1c9,8,00000000cfbfcf89,normal,0
1762980729.1913455,0x1a,8,00000000b74b6512,normal,0
1762980729.1913571,0x2f,8,0bff0000b74b6512,normal,0
1762980729.1913617,0x43,8,00000000b74b6512,normal,0
1762980729.1913655,0x58,8,0e640000b74b6512,normal,0
1762980729.191369,0x6d,8,00000000b74b6512,normal,0
1762980729.1913733,0x1c9,8,00000000b74b6512,normal,0
1762980729.226806,0x1a,8,0000000037e252ce,normal,0
1762980729.2268193,0x2f,8,0bff000037e252ce,normal,0
1762980729.2268236,0x43,8,0000000037e252ce,normal,0
1762980729.2268271,0x58,8,0e64000037e252ce,normal,0
1762980729.2268305,0x6d,8,0000000037e252ce,normal,0
1762980729.2268343,0x1c9,8,0000000037e252ce,normal,0
1762980729.260933,0x1a,8,00000000fb5c1483,normal,0
1762980729.260946,0x2f,8,0bff0000fb5c1483,normal,0
1762980729.2609508,0x43,8,00000000fb5c1483,normal,0
1762980729.2609544,0x58,8,0e640000fb5c1483,normal,0
1762980729.2609577,0x6d,8,00000000fb5c1483,normal,0
1762980729.2609618,0x1c9,8,00000000fb5c1483,normal,0
1762980729.2903948,0x1a,8,00000000eac04161,normal,0
1762980729.2904522,0x2f,8,0bff0000eac04161,normal,0
1762980729.290458,0x43,8,00000000eac04161,normal,0
1762980729.2904625,0x58,8,0e640000eac04161,normal,0
1762980729.2904668,0x6d,8,00000000eac04161,normal,0
1762980729.2904725,0x1c9,8,00000000eac04161,normal,0
1762980729.3284628,0x1a,8,0000000090ca35f1,normal,0
1762980729.3284836,0x2f,8,0bff000090ca35f1,normal,0
1762980729.3284955,0x43,8,0001000090ca35f1,normal,0
1762980729.328506,0x58,8,0e64000090ca35f1,normal,0
1762980729.3285158,0x6d,8,0000000090ca35f1,normal,0
1762980729.328526,0x1c9,8,0000000090ca35f1,normal,0
1762980729.3816772,0x1a,8,00000000002fbb0a,normal,0
1762980729.3816903,0x2f,8,0bff0000002fbb0a,normal,0
1762980729.3816953,0x43,8,00030000002fbb0a,normal,0
1762980729.381699,0x58,8,0e640000002fbb0a,normal,0
1762980729.3817024,0x6d,8,00000000002fbb0a,normal,0
1762980729.3817067,0x1c9,8,00000000002fbb0a,normal,0
1762980729.4100049,0x1a,8,000000003de188a2,normal,0
1762980729.4100168,0x2f,8,0bff00003de188a2,normal,0
1762980729.4100213,0x43,8,000300003de188a2,normal,0
1762980729.410025,0x58,8,0e6400003de188a2,normal,0
1762980729.4100282,0x6d,8,000000003de188a2,normal,0
1762980729.4100323,0x1c9,8,000000003de188a2,normal,0
1762980729.437164,0x1a,8,00000000bec33575,normal,0
1762980729.4371974,0x2f,8,0bff0000bec33575,normal,0
1762980729.4372034,0x43,8,00020000bec33575,normal,0
1762980729.4372087,0x58,8,0e640000bec33575,normal,0
1762980729.4372127,0x6d,8,00000000bec33575,normal,0
1762980729.4372187,0x1c9,8,00000000bec33575,normal,0
1762980729.4704337,0x1a,8,00000000d26d4d12,normal,0
1762980729.470458,0x2f,8,0bff0000d26d4d12,normal,0
1762980729.4704714,0x43,8,00030000d26d4d12,normal,0
1762980729.470483,0x58,8,0e640000d26d4d12,normal,0
1762980729.4704933,0x6d,8,00000000d26d4d12,normal,0
1762980729.4705048,0x1c9,8,00000000d26d4d12,normal,0
1762980729.5011575,0x1a,8,000000003734d29a,normal,0
1762980729.501179,0x2f,8,0bff00003734d29a,normal,0
1762980729.5011904,0x43,8,000300003734d29a,normal,0
1762980729.501201,0x58,8,0e6400003734d29a,normal,0
1762980729.5012112,0x6d,8,000000003734d29a,normal,0
1762980729.5012214,0x1c9,8,000000003734d29a,normal,0
1762980729.52894,0x1a,8,00000000b9a5917f,normal,0
1762980729.5289528,0x2f,8,0bff0000b9a5917f,normal,0
1762980729.5289574,0x43,8,00010000b9a5917f,normal,0
1762980729.5289614,0x58,8,0e640000b9a5917f,normal,0
1762980729.5289655,0x6d,8,00000000b9a5917f,normal,0
1762980729.5289695,0x1c9,8,00000000b9a5917f,normal,0
1762980729.5564997,0x1a,8,00000000502d71f8,normal,0
1762980729.5565188,0x2f,8,0bff0000502d71f8,normal,0
1762980729.5565228,0x43,8,00020000502d71f8,normal,0
1762980729.556527,0x58,8,0e640000502d71f8,normal,0
1762980729.5565305,0x6d,8,00000000502d71f8,normal,0
1762980729.5565345,0x1c9,8,00000000502d71f8,normal,0
1762980729.585981,0x1a,8,00000000e4c48579,normal,0
1762980729.5859919,0x2f,8,0bff0000e4c48579,normal,0
1762980729.585996,0x43,8,00020000e4c48579,normal,0
1762980729.5859995,0x58,8,0e640000e4c48579,normal,0
1762980729.5860028,0x6d,8,00000000e4c48579,normal,0
1762980729.5860066,0x1c9,8,00000000e4c48579,normal,0
1762980729.6192038,0x1a,8,00000000a1fb5688,normal,0
1762980729.619229,0x2f,8,0bff0000a1fb5688,normal,0
1762980729.6192415,0x43,8,00010000a1fb5688,normal,0
1762980729.6192522,0x58,8,0e640000a1fb5688,normal,0
1762980729.6192627,0x6d,8,00000000a1fb5688,normal,0
1762980729.6192734,0x1c9,8,00000000a1fb5688,normal,0
1762980729.6509268,0x1a,8,00000000473d1fc6,normal,0
1762980729.6509395,0x2f,8,0bff0000473d1fc6,normal,0
1762980729.650944,0x43,8,00000000473d1fc6,normal,0
1762980729.6509476,0x58,8,0e640000473d1fc6,normal,0
1762980729.650951,0x6d,8,00000000473d1fc6,normal,0
1762980729.6509552,0x1c9,8,00000000473d1fc6,normal,0
1762980729.687792,0x1a,8,000000006753a5a8,normal,0
1762980729.687813,0x2f,8,0bff00006753a5a8,normal,0
1762980729.687825,0x43,8,000000006753a5a8,normal,0
1762980729.6878355,0x58,8,0e6400006753a5a8,normal,0
1762980729.6878455,0x6d,8,000000006753a5a8,normal,0
1762980729.6878557,0x1c9,8,000000006753a5a8,normal,0
1762980729.759043,0x1a,8,00000000f5213a25,normal,0
1762980729.7590556,0x2f,8,0bff0000f5213a25,normal,0
1762980729.7590601,0x43,8,00000000f5213a25,normal,0
1762980729.7590642,0x58,8,0e640000f5213a25,normal,0
1762980729.7590678,0x6d,8,00000000f5213a25,normal,0
1762980729.7590718,0x1c9,8,00000000f5213a25,normal,0
1762980729.7937114,0x1a,8,00000000d8bcd19b,normal,0
1762980729.7937233,0x2f,8,0bff0000d8bcd19b,normal,0
1762980729.7937279,0x43,8,00000000d8bcd19b,normal,0
1762980729.7937312,0x58,8,0e640000d8bcd19b,normal,0
1762980729.7937346,0x6d,8,00000000d8bcd19b,normal,0
1762980729.7937388,0x1c9,8,00000000d8bcd19b,normal,0
1762980729.8236005,0x1a,8,00000000cd82c858,normal,0
1762980729.8236134,0x2f,8,0bff0000cd82c858,normal,0
1762980729.8236182,0x43,8,00000000cd82c858,normal,0
1762980729.8236222,0x58,8,0e640000cd82c858,normal,0
1762980729.8236256,0x6d,8,00000000cd82c858,normal,0
1762980729.82363,0x1c9,8,00000000cd82c858,normal,0
1762980729.8559077,0x1a,8,000000001c398d58,normal,0
1762980729.8559194,0x2f,8,0bff00001c398d58,normal,0
1762980729.855924,0x43,8,000000001c398d58,normal,0
1762980729.8559277,0x58,8,0e6400001c398d58,normal,0
1762980729.855931,0x6d,8,000000001c398d58,normal,0
1762980729.855935,0x1c9,8,000000001c398d58,normal,0
1762980729.9109528,0x1a,8,000000002bccf7fc,normal,0
1762980729.910964,0x2f,8,0bff00002bccf7fc,normal,0
1762980729.9109685,0x43,8,000200002bccf7fc,normal,0
1762980729.9109716,0x58,8,0e6400002bccf7fc,normal,0
1762980729.9109747,0x6d,8,000000002bccf7fc,normal,0
1762980729.910979,0x1c9,8,000000002bccf7fc,normal,0
1762980729.9386697,0x1a,8,00000000b1940837,normal,0
1762980729.9386811,0x2f,8,0bff0000b1940837,normal,0
1762980729.9386854,0x43,8,00010000b1940837,normal,0
1762980729.938689,0x58,8,0e640000b1940837,normal,0
1762980729.938692,0x6d,8,00000000b1940837,normal,0
1762980729.9386961,0x1c9,8,00000000b1940837,normal,0
1762980729.9678302,0x1a,8,00000000cfa5cd96,normal,0
1762980729.9678411,0x2f,8,0bff0000cfa5cd96,normal,0
1762980729.9678454,0x43,8,00020000cfa5cd96,normal,0
1762980729.9678485,0x58,8,0e640000cfa5cd96,normal,0
1762980729.9678519,0x6d,8,00000000cfa5cd96,normal,0
1762980729.9678557,0x1c9,8,00000000cfa5cd96,normal,0
1762980729.9969194,0x1a,8,0000000048a96ac1,normal,0
1762980729.9969394,0x2f,8,0bff000048a96ac1,normal,0
1762980729.9969497,0x43,8,0003000048a96ac1,normal,0
1762980729.9969597,0x58,8,0e64000048a96ac1,normal,0
1762980729.996969,0x6d,8,0000000048a96ac1,normal,0
1762980729.9969785,0x1c9,8,0000000048a96ac1,normal,0
1762980730.0254815,0x1a,8,000000000c51f3cf,normal,0
1762980730.0254936,0x2f,8,0bff00000c51f3cf,normal,0
1762980730.0254977,0x43,8,000200000c51f3cf,normal,0
1762980730.0255013,0x58,8,0e6400000c51f3cf,normal,0
1762980730.0255046,0x6d,8,000000000c51f3cf,normal,0
1762980730.0255086,0x1c9,8,000000000c51f3cf,normal,0
1762980730.0522833,0x1a,8,00000000e94d0d37,normal,0
1762980730.0522983,0x2f,8,0bff0000e94d0d37,normal,0
1762980730.0523043,0x43,8,00020000e94d0d37,normal,0
1762980730.0523083,0x58,8,0e640000e94d0d37,normal,0
1762980730.0523121,0x6d,8,00000000e94d0d37,normal,0
1762980730.0523167,0x1c9,8,00000000e94d0d37,normal,0
1762980730.0792036,0x1a,8,000000001aff0168,normal,0
1762980730.0792167,0x2f,8,0bff00001aff0168,normal,0
1762980730.079222,0x43,8,000200001aff0168,normal,0
1762980730.0792265,0x58,8,0e6400001aff0168,normal,0
1762980730.0792305,0x6d,8,000000001aff0168,normal,0
1762980730.0792356,0x1c9,8,000000001aff0168,normal,0
1762980730.107153,0x1a,8,000000004ae58bcf,normal,0
1762980730.107164,0x2f,8,0bff00004ae58bcf,normal,0
1762980730.1071684,0x43,8,000200004ae58bcf,normal,0
1762980730.1071723,0x58,8,0e6400004ae58bcf,normal,0
1762980730.1071758,0x6d,8,000000004ae58bcf,normal,0
1762980730.1071799,0x1c9,8,000000004ae58bcf,normal,0
1762980730.1640348,0x1a,8,000000001f218fb9,normal,0
1762980730.1640482,0x2f,8,0bff00001f218fb9,normal,0
1762980730.1640532,0x43,8,000000001f218fb9,normal,0
1762980730.164057,0x58,8,0e6400001f218fb9,normal,0
1762980730.1640606,0x6d,8,000000001f218fb9,normal,0
1762980730.1640651,0x1c9,8,000000001f218fb9,normal,0
1762980730.196982,0x1a,8,0000000022cfcc21,normal,0
1762980730.1969926,0x2f,8,0bff000022cfcc21,normal,0
1762980730.196997,0x43,8,0001000022cfcc21,normal,0
1762980730.1970003,0x58,8,0e64000022cfcc21,normal,0
1762980730.1970036,0x6d,8,0000000022cfcc21,normal,0
1762980730.1970077,0x1c9,8,0000000022cfcc21,normal,0
1762980730.2253935,0x1a,8,000000001fa8b20d,normal,0
1762980730.2254052,0x2f,8,0bff00001fa8b20d,normal,0
1762980730.2254095,0x43,8,000100001fa8b20d,normal,0
1762980730.225413,0x58,8,0e6400001fa8b20d,normal,0
1762980730.2254167,0x6d,8,000000001fa8b20d,normal,0
1762980730.225421,0x1c9,8,000000001fa8b20d,normal,0
1762980730.2553635,0x1a,8,0000000015287c9a,normal,0
1762980730.255376,0x2f,8,0bff000015287c9a,normal,0
1762980730.2553804,0x43,8,0001000015287c9a,normal,0
1762980730.2553842,0x58,8,0e64000015287c9a,normal,0
1762980730.2553878,0x6d,8,0000000015287c9a,normal,0
1762980730.2553923,0x1c9,8,0000000015287c9a,normal,0
1762980730.2847407,0x1a,8,0000000037539ea1,normal,0
1762980730.284752,0x2f,8,0bff000037539ea1,normal,0
1762980730.2847564,0x43,8,0001000037539ea1,normal,0
1762980730.28476,0x58,8,0e64000037539ea1,normal,0
1762980730.2847638,0x6d,8,0000000037539ea1,normal,0
1762980730.2847683,0x1c9,8,0000000037539ea1,normal,0
1762980730.3135586,0x1a,8,00000000df41c850,normal,0
1762980730.3135707,0x2f,8,0bff0000df41c850,normal,0
1762980730.313575,0x43,8,00000000df41c850,normal,0
1762980730.3135784,0x58,8,0e640000df41c850,normal,0
1762980730.3135817,0x6d,8,00000000df41c850,normal,0
1762980730.3135862,0x1c9,8,00000000df41c850,normal,0
1762980730.3726947,0x1a,8,000000007486a490,normal,0
1762980730.372707,0x2f,8,0bff00007486a490,normal,0
1762980730.3727117,0x43,8,000100007486a490,normal,0
1762980730.3727155,0x58,8,0e6400007486a490,normal,0
1762980730.372719,0x6d,8,000000007486a490,normal,0
1762980730.372723,0x1c9,8,000000007486a490,normal,0
1762980730.4005952,0x1a,8,00000000da3c9dcd,normal,0
1762980730.4006102,0x2f,8,0bff0000da3c9dcd,normal,0
1762980730.4006147,0x43,8,00000000da3c9dcd,normal,0
1762980730.4006186,0x58,8,0e640000da3c9dcd,normal,0
1762980730.4006224,0x6d,8,00000000da3c9dcd,normal,0
1762980730.4006264,0x1c9,8,00000000da3c9dcd,normal,0
1762980730.4316452,0x1a,8,00000000289bbe51,normal,0
1762980730.4316657,0x2f,8,0bff0000289bbe51,normal,0
1762980730.4316776,0x43,8,00010000289bbe51,normal,0
1762980730.4316883,0x58,8,0e640000289bbe51,normal,0
1762980730.4316983,0x6d,8,00000000289bbe51,normal,0
1762980730.4317093,0x1c9,8,00000000289bbe51,normal,0
1762980730.4610405,0x1a,8,000000006e23c352,normal,0
1762980730.4610546,0x2f,8,0bff00006e23c352,normal,0
1762980730.4610596,0x43,8,000100006e23c352,normal,0
1762980730.4610634,0x58,8,0e6400006e23c352,normal,0
1762980730.4610672,0x6d,8,000000006e23c352,normal,0
1762980730.4610717,0x1c9,8,000000006e23c352,normal,0
1762980730.4912329,0x1a,8,000000002cb7ac47,normal,0
1762980730.4912858,0x2f,8,0bff00002cb7ac47,normal,0
1762980730.491298,0x43,8,000100002cb7ac47,normal,0
1762980730.491309,0x58,8,0e6400002cb7ac47,normal,0
1762980730.4913192,0x6d,8,000000002cb7ac47,normal,0
1762980730.4913297,0x1c9,8,000000002cb7ac47,normal,0
1762980730.5197587,0x1a,8,000000008d3ac63b,normal,0
1762980730.5197804,0x2f,8,0bff00008d3ac63b,normal,0
1762980730.519793,0x43,8,000100008d3ac63b,normal,0
1762980730.519804,0x58,8,0e6400008d3ac63b,normal,0
1762980730.519814,0x6d,8,000000008d3ac63b,normal,0
1762980730.5198247,0x1c9,8,000000008d3ac63b,normal,0
1762980730.5522091,0x1a,8,0000000014bcf87b,normal,0
1762980730.5522223,0x2f,8,0bff000014bcf87b,normal,0
1762980730.5522265,0x43,8,0002000014bcf87b,normal,0
1762980730.5522304,0x58,8,0e64000014bcf87b,normal,0
1762980730.552234,0x6d,8,0000000014bcf87b,normal,0
1762980730.552238,0x1c9,8,0000000014bcf87b,normal,0
1762980730.584823,0x1a,8,000000002d13b362,normal,0
1762980730.5848513,0x2f,8,0bff00002d13b362,normal,0
1762980730.5848553,0x43,8,000300002d13b362,normal,0
1762980730.584859,0x58,8,0e6400002d13b362,normal,0
1762980730.5848663,0x6d,8,000000002d13b362,normal,0
1762980730.5848706,0x1c9,8,000000002d13b362,normal,0
1762980730.6173434,0x1a,8,000000004b7b4d52,normal,0
1762980730.6173556,0x2f,8,0bff00004b7b4d52,normal,0
1762980730.6173604,0x43,8,000400004b7b4d52,normal,0
1762980730.617364,0x58,8,0e6400004b7b4d52,normal,0
1762980730.6173673,0x6d,8,000000004b7b4d52,normal,0
1762980730.6173713,0x1c9,8,000000004b7b4d52,normal,0
1762980730.6580844,0x1a,8,00000000bf1ef0b0,normal,0
1762980730.6580951,0x2f,8,0bff0000bf1ef0b0,normal,0
1762980730.6580992,0x43,8,00010000bf1ef0b0,normal,0
1762980730.6581028,0x58,8,0e640000bf1ef0b0,normal,0
1762980730.6581059,0x6d,8,00000000bf1ef0b0,normal,0
1762980730.6581101,0x1c9,8,00000000bf1ef0b0,normal,0
1762980730.696524,0x1a,8,00000000224b78b0,normal,0
1762980730.6965368,0x2f,8,0bff0000224b78b0,normal,0
1762980730.696542,0x43,8,00020000224b78b0,normal,0
1762980730.6965463,0x58,8,0e640000224b78b0,normal,0
1762980730.6965501,0x6d,8,00000000224b78b0,normal,0
1762980730.6965551,0x1c9,8,00000000224b78b0,normal,0
1762980730.7338393,0x1a,8,000000006ee6100d,normal,0
1762980730.7338514,0x2f,8,0bff00006ee6100d,normal,0
1762980730.733856,0x43,8,000200006ee6100d,normal,0
1762980730.7338598,0x58,8,0e6400006ee6100d,normal,0
1762980730.7338665,0x6d,8,000000006ee6100d,normal,0
1762980730.7338703,0x1c9,8,000000006ee6100d,normal,0
1762980730.7645833,0x1a,8,0000000024ddf53b,normal,0
1762980730.7646046,0x2f,8,0bff000024ddf53b,normal,0
1762980730.7646155,0x43,8,0002000024ddf53b,normal,0
1762980730.764626,0x58,8,0e64000024ddf53b,normal,0
1762980730.7646358,0x6d,8,0000000024ddf53b,normal,0
1762980730.7646458,0x1c9,8,0000000024ddf53b,normal,0
1762980730.7943282,0x1a,8,000000000d30fd61,normal,0
1762980730.7943404,0x2f,8,0bff00000d30fd61,normal,0
1762980730.7943447,0x43,8,000200000d30fd61,normal,0
1762980730.7943487,0x58,8,0e6400000d30fd61,normal,0
1762980730.7943518,0x6d,8,000000000d30fd61,normal,0
1762980730.794356,0x1c9,8,000000000d30fd61,normal,0
1762980730.823295,0x1a,8,00000000c40c6b45,normal,0
1762980730.8233187,0x2f,8,0bff0000c40c6b45,normal,0
1762980730.8233314,0x43,8,00000000c40c6b45,normal,0
1762980730.8233428,0x58,8,0e640000c40c6b45,normal,0
1762980730.8233538,0x6d,8,00000000c40c6b45,normal,0
1762980730.8233652,0x1c9,8,00000000c40c6b45,normal,0
1762980730.8502626,0x1a,8,0000000098c452ee,normal,0
1762980730.8502743,0x2f,8,0bff000098c452ee,normal,0
1762980730.8502789,0x43,8,0000000098c452ee,normal,0
1762980730.8502827,0x58,8,0e64000098c452ee,normal,0
1762980730.8502865,0x6d,8,0000000098c452ee,normal,0
1762980730.8502905,0x1c9,8,0000000098c452ee,normal,0
1762980730.8781745,0x1a,8,00000000e6e56a9b,normal,0
1762980730.878197,0x2f,8,0bff0000e6e56a9b,normal,0
1762980730.8782089,0x43,8,00000000e6e56a9b,normal,0
1762980730.8782196,0x58,8,0e640000e6e56a9b,normal,0
1762980730.8782299,0x6d,8,00000000e6e56a9b,normal,0
1762980730.8782403,0x1c9,8,00000000e6e56a9b,normal,0
1762980730.912491,0x1a,8,000000008794474a,normal,0
1762980730.9125047,0x2f,8,0bff00008794474a,normal,0
1762980730.9125092,0x43,8,000000008794474a,normal,0
1762980730.9125123,0x58,8,0e6400008794474a,normal,0
1762980730.9125156,0x6d,8,000000008794474a,normal,0
1762980730.9125197,0x1c9,8,000000008794474a,normal,0
1762980730.9520843,0x1a,8,00000000278cff37,normal,0
1762980730.952108,0x2f,8,0bff0000278cff37,normal,0
1762980730.9521196,0x43,8,00000000278cff37,normal,0
1762980730.9521303,0x58,8,0e640000278cff37,normal,0
1762980730.9521403,0x6d,8,00000000278cff37,normal,0
1762980730.9521506,0x1c9,8,00000000278cff37,normal,0
1762980730.9910173,0x1a,8,0000000018d8cf72,normal,0
1762980730.9910326,0x2f,8,0bff000018d8cf72,normal,0
1762980730.9910386,0x43,8,0000000018d8cf72,normal,0
1762980730.991043,0x58,8,0e64000018d8cf72,normal,0
1762980730.9910471,0x6d,8,0000000018d8cf72,normal,0
1762980730.9910533,0x1c9,8,0000000018d8cf72,normal,0
1762980731.0291502,0x1a,8,000000002beec666,normal,0
1762980731.0291705,0x2f,8,0bff00002beec666,normal,0
1762980731.0291808,0x43,8,000000002beec666,normal,0
1762980731.02919,0x58,8,0e6400002beec666,normal,0
1762980731.029199,0x6d,8,000000002beec666,normal,0
1762980731.029208,0x1c9,8,000000002beec666,normal,0
1762980731.0625348,0x1a,8,000000006306bc43,normal,0
1762980731.062565,0x2f,8,0bff00006306bc43,normal,0
1762980731.0625775,0x43,8,000100006306bc43,normal,0
1762980731.0625882,0x58,8,0e6400006306bc43,normal,0
1762980731.0625987,0x6d,8,000000006306bc43,normal,0
1762980731.06261,0x1c9,8,000000006306bc43,normal,0
1762980731.0990891,0x1a,8,0000000059839228,normal,0
1762980731.0991025,0x2f,8,0bff000059839228,normal,0
1762980731.0991073,0x43,8,0001000059839228,normal,0
1762980731.0991108,0x58,8,0e64000059839228,normal,0
1762980731.099114,0x6d,8,0000000059839228,normal,0
1762980731.0991182,0x1c9,8,0000000059839228,normal,0
1762980731.135939,0x1a,8,0000000016a91898,normal,0
1762980731.135951,0x2f,8,0bff000016a91898,normal,0
1762980731.1359558,0x43,8,0001000016a91898,normal,0
1762980731.1359591,0x58,8,0e64000016a91898,normal,0
1762980731.1359622,0x6d,8,0000000016a91898,normal,0
1762980731.1359663,0x1c9,8,0000000016a91898,normal,0
1762980731.1718287,0x1a,8,00000000cf4882fc,normal,0
1762980731.17187,0x2f,8,0bff0000cf4882fc,normal,0
1762980731.171874,0x43,8,00020000cf4882fc,normal,0
1762980731.1718776,0x58,8,0e640000cf4882fc,normal,0
1762980731.1718807,0x6d,8,00000000cf4882fc,normal,0
1762980731.1718848,0x1c9,8,00000000cf4882fc,normal,0
1762980731.2082088,0x1a,8,0000000028a6ee76,normal,0
1762980731.2082205,0x2f,8,0bff000028a6ee76,normal,0
1762980731.2082255,0x43,8,0001000028a6ee76,normal,0
1762980731.2082293,0x58,8,0e64000028a6ee76,normal,0
1762980731.2082324,0x6d,8,0000000028a6ee76,normal,0
1762980731.2082365,0x1c9,8,0000000028a6ee76,normal,0
1762980731.2467594,0x1a,8,00000000323605b5,normal,0
1762980731.2467706,0x2f,8,0bff0000323605b5,normal,0
1762980731.246775,0x43,8,00000000323605b5,normal,0
1762980731.2467785,0x58,8,0e640000323605b5,normal,0
1762980731.246782,0x6d,8,00000000323605b5,normal,0
1762980731.2467859,0x1c9,8,00000000323605b5,normal,0
1762980731.2869508,0x1a,8,000000004769cc1f,normal,0
1762980731.2869723,0x2f,8,0bff00004769cc1f,normal,0
1762980731.2869828,0x43,8,000000004769cc1f,normal,0
1762980731.2869928,0x58,8,0e6400004769cc1f,normal,0
1762980731.287002,0x6d,8,000000004769cc1f,normal,0
1762980731.2870116,0x1c9,8,000000004769cc1f,normal,0
1762980731.3195455,0x1a,8,000000008516fedf,normal,0
1762980731.3195589,0x2f,8,0bff00008516fedf,normal,0
1762980731.3195632,0x43,8,000000008516fedf,normal,0
1762980731.319567,0x58,8,0e6400008516fedf,normal,0
1762980731.3195703,0x6d,8,000000008516fedf,normal,0
1762980731.3195744,0x1c9,8,000000008516fedf,normal,0
1762980731.4015367,0x1a,8,000000002ee73db5,normal,0
1762980731.4015582,0x2f,8,0bff00002ee73db5,normal,0
1762980731.4015696,0x43,8,000000002ee73db5,normal,0
1762980731.4015794,0x58,8,0e6400002ee73db5,normal,0
1762980731.401589,0x6d,8,000000002ee73db5,normal,0
1762980731.4015985,0x1c9,8,000000002ee73db5,normal,0
1762980731.4386804,0x1a,8,000000006dd5b3bb,normal,0
1762980731.4387023,0x2f,8,0bff00006dd5b3bb,normal,0
1762980731.4387138,0x43,8,000000006dd5b3bb,normal,0
1762980731.4387243,0x58,8,0e6400006dd5b3bb,normal,0
1762980731.4387338,0x6d,8,000000006dd5b3bb,normal,0
1762980731.4387436,0x1c9,8,000000006dd5b3bb,normal,0
1762980731.4713206,0x1a,8,000000001d12eb3c,normal,0
1762980731.4713416,0x2f,8,0bff00001d12eb3c,normal,0
1762980731.471353,0x43,8,000000001d12eb3c,normal,0
1762980731.471363,0x58,8,0e6400001d12eb3c,normal,0
1762980731.4713726,0x6d,8,000000001d12eb3c,normal,0
1762980731.4713829,0x1c9,8,000000001d12eb3c,normal,0
1762980731.5114264,0x1a,8,000000005365761c,normal,0
1762980731.5114489,0x2f,8,0bff00005365761c,normal,0
1762980731.5114615,0x43,8,000100005365761c,normal,0
1762980731.5114725,0x58,8,0e6400005365761c,normal,0
1762980731.5114827,0x6d,8,000000005365761c,normal,0
1762980731.5114934,0x1c9,8,000000005365761c,normal,0
1762980731.5559504,0x1a,8,00000000097b31c9,normal,0
1762980731.555973,0x2f,8,0bff0000097b31c9,normal,0
1762980731.5559847,0x43,8,00000000097b31c9,normal,0
1762980731.5559962,0x58,8,0e640000097b31c9,normal,0
1762980731.5560071,0x6d,8,00000000097b31c9,normal,0
1762980731.5560176,0x1c9,8,00000000097b31c9,normal,0
1762980731.5935004,0x1a,8,000000007e9f8aca,normal,0
1762980731.5935133,0x2f,8,0bff00007e9f8aca,normal,0
1762980731.5935175,0x43,8,000000007e9f8aca,normal,0
1762980731.593521,0x58,8,0e6400007e9f8aca,normal,0
1762980731.5935242,0x6d,8,000000007e9f8aca,normal,0
1762980731.593528,0x1c9,8,000000007e9f8aca,normal,0
1762980731.6360705,0x1a,8,00000000e8cff2ed,normal,0
1762980731.636084,0x2f,8,0bff0000e8cff2ed,normal,0
1762980731.6360888,0x43,8,00000000e8cff2ed,normal,0
1762980731.6360927,0x58,8,0e640000e8cff2ed,normal,0
1762980731.636096,0x6d,8,00000000e8cff2ed,normal,0
1762980731.6361003,0x1c9,8,00000000e8cff2ed,normal,0
1762980731.7026093,0x1a,8,000000000d77b668,normal,0
1762980731.7026231,0x2f,8,0bff00000d77b668,normal,0
1762980731.7026274,0x43,8,000000000d77b668,normal,0
1762980731.7026308,0x58,8,0e6400000d77b668,normal,0
1762980731.7026343,0x6d,8,000000000d77b668,normal,0
1762980731.7026389,0x1c9,8,000000000d77b668,normal,0
1762980731.7407343,0x1a,8,0000000022ccae6b,normal,0
1762980731.7407472,0x2f,8,0bff000022ccae6b,normal,0
1762980731.7407517,0x43,8,0001000022ccae6b,normal,0
1762980731.7407556,0x58,8,0e64000022ccae6b,normal,0
1762980731.740759,0x6d,8,0000000022ccae6b,normal,0
1762980731.7407632,0x1c9,8,0000000022ccae6b,normal,0
1762980731.7779608,0x1a,8,00000000a5026347,normal,0
1762980731.777973,0x2f,8,0bff0000a5026347,normal,0
1762980731.7779777,0x43,8,00000000a5026347,normal,0
1762980731.7779818,0x58,8,0e640000a5026347,normal,0
1762980731.7779853,0x6d,8,00000000a5026347,normal,0
1762980731.7779896,0x1c9,8,00000000a5026347,normal,0
1762980731.8231723,0x1a,8,000000003ef81192,normal,0
1762980731.823194,0x2f,8,0bff00003ef81192,normal,0
1762980731.8232057,0x43,8,000100003ef81192,normal,0
1762980731.8232164,0x58,8,0e6400003ef81192,normal,0
1762980731.8232267,0x6d,8,000000003ef81192,normal,0
1762980731.823237,0x1c9,8,000000003ef81192,normal,0
1762980731.868856,0x1a,8,00000000daf18750,normal,0
1762980731.8688848,0x2f,8,0bff0000daf18750,normal,0
1762980731.8688974,0x43,8,00010000daf18750,normal,0
1762980731.8689086,0x58,8,0e640000daf18750,normal,0
1762980731.8689191,0x6d,8,00000000daf18750,normal,0
1762980731.86893,0x1c9,8,00000000daf18750,normal,0
1762980731.9322186,0x1a,8,000000007ca31601,normal,0
1762980731.9322383,0x2f,8,0bff00007ca31601,normal,0
1762980731.93225,0x43,8,000200007ca31601,normal,0
1762980731.9322603,0x58,8,0e6400007ca31601,normal,0
1762980731.9322703,0x6d,8,000000007ca31601,normal,0
1762980731.9322808,0x1c9,8,000000007ca31601,normal,0
1762980731.994362,0x1a,8,000000006bac9f64,normal,0
1762980731.994385,0x2f,8,0bff00006bac9f64,normal,0
1762980731.9943898,0x43,8,000200006bac9f64,normal,0
1762980731.9943936,0x58,8,0e6400006bac9f64,normal,0
1762980731.994397,0x6d,8,000000006bac9f64,normal,0
1762980731.9944012,0x1c9,8,000000006bac9f64,normal,0
1762980732.0246744,0x1a,8,0000000093e96bbc,normal,0
1762980732.0247037,0x2f,8,0bff000093e96bbc,normal,0
1762980732.024708,0x43,8,0001000093e96bbc,normal,0
1762980732.0247114,0x58,8,0e64000093e96bbc,normal,0
1762980732.0247145,0x6d,8,0000000093e96bbc,normal,0
1762980732.0247188,0x1c9,8,0000000093e96bbc,normal,0
1762980732.0546794,0x1a,8,00000000cfb1ce90,normal,0
1762980732.0546913,0x2f,8,0bff0000cfb1ce90,normal,0
1762980732.0546958,0x43,8,00010000cfb1ce90,normal,0
1762980732.0546994,0x58,8,0e640000cfb1ce90,normal,0
1762980732.0547028,0x6d,8,00000000cfb1ce90,normal,0
1762980732.054707,0x1c9,8,00000000cfb1ce90,normal,0
1762980732.082167,0x1a,8,00000000bd628ace,normal,0
1762980732.0821779,0x2f,8,0bff0000bd628ace,normal,0
1762980732.0821826,0x43,8,00010000bd628ace,normal,0
1762980732.0821865,0x58,8,0e640000bd628ace,normal,0
1762980732.0821898,0x6d,8,00000000bd628ace,normal,0
1762980732.0821943,0x1c9,8,00000000bd628ace,normal,0
1762980732.1216033,0x1a,8,0000000030d441e4,normal,0
1762980732.1216273,0x2f,8,0bff000030d441e4,normal,0
1762980732.1216393,0x43,8,0000000030d441e4,normal,0
1762980732.1216497,0x58,8,0e64000030d441e4,normal,0
1762980732.12166,0x6d,8,0000000030d441e4,normal,0
1762980732.1216705,0x1c9,8,0000000030d441e4,normal,0
1762980732.1575928,0x1a,8,00000000c3cd7a82,normal,0
1762980732.1576123,0x2f,8,0bff0000c3cd7a82,normal,0
1762980732.1576226,0x43,8,00020000c3cd7a82,normal,0
1762980732.1576316,0x58,8,0e640000c3cd7a82,normal,0
1762980732.157641,0x6d,8,00000000c3cd7a82,normal,0
1762980732.15765,0x1c9,8,00000000c3cd7a82,normal,0
1762980732.1949298,0x1a,8,00000000b1fb4b24,normal,0
1762980732.194942,0x2f,8,0bff0000b1fb4b24,normal,0
1762980732.1949468,0x43,8,00030000b1fb4b24,normal,0
1762980732.1949503,0x58,8,0e640000b1fb4b24,normal,0
1762980732.1949537,0x6d,8,00000000b1fb4b24,normal,0
1762980732.194958,0x1c9,8,00000000b1fb4b24,normal,0
1762980732.242634,0x1a,8,00000000b630353c,normal,0
1762980732.2426462,0x2f,8,0bff0000b630353c,normal,0
1762980732.2426507,0x43,8,00040000b630353c,normal,0
1762980732.2426543,0x58,8,0e640000b630353c,normal,0
1762980732.2426577,0x6d,8,00000000b630353c,normal,0
1762980732.2426617,0x1c9,8,00000000b630353c,normal,0
1762980732.283791,0x1a,8,00000000d98db005,normal,0
1762980732.2838032,0x2f,8,0bff0000d98db005,normal,0
1762980732.2838075,0x43,8,00030000d98db005,normal,0
1762980732.283811,0x58,8,0e640000d98db005,normal,0
1762980732.2838142,0x6d,8,00000000d98db005,normal,0
1762980732.283818,0x1c9,8,00000000d98db005,normal,0
1762980732.3201485,0x1a,8,00000000a72fa4b7,normal,0
1762980732.3201594,0x2f,8,0bff0000a72fa4b7,normal,0
1762980732.3201637,0x43,8,00020000a72fa4b7,normal,0
1762980732.320167,0x58,8,0e640000a72fa4b7,normal,0
1762980732.3201704,0x6d,8,00000000a72fa4b7,normal,0
1762980732.3201745,0x1c9,8,00000000a72fa4b7,normal,0
1762980732.3484337,0x1a,8,0000000070cb2372,normal,0
1762980732.3484538,0x2f,8,0bff000070cb2372,normal,0
1762980732.3484592,0x43,8,0001000070cb2372,normal,0
1762980732.3484635,0x58,8,0e64000070cb2372,normal,0
1762980732.3484678,0x6d,8,0000000070cb2372,normal,0
1762980732.348473,0x1c9,8,0000000070cb2372,normal,0
1762980732.384023,0x1a,8,00000000c6e70ae1,normal,0
1762980732.3840473,0x2f,8,0bff0000c6e70ae1,normal,0
1762980732.3840597,0x43,8,00010000c6e70ae1,normal,0
1762980732.3840709,0x58,8,0e640000c6e70ae1,normal,0
1762980732.3840814,0x6d,8,00000000c6e70ae1,normal,0
1762980732.3840926,0x1c9,8,00000000c6e70ae1,normal,0
1762980732.416841,0x1a,8,00000000df1dc4aa,normal,0
1762980732.416865,0x2f,8,0bff0000df1dc4aa,normal,0
1762980732.416877,0x43,8,00010000df1dc4aa,normal,0
1762980732.4168878,0x58,8,0e640000df1dc4aa,normal,0
1762980732.4168975,0x6d,8,00000000df1dc4aa,normal,0
1762980732.4169078,0x1c9,8,00000000df1dc4aa,normal,0
1762980732.4534905,0x1a,8,00000000ad491eef,normal,0
1762980732.4535046,0x2f,8,0bff0000ad491eef,normal,0
1762980732.453509,0x43,8,00000000ad491eef,normal,0
1762980732.4535124,0x58,8,0e640000ad491eef,normal,0
1762980732.4535153,0x6d,8,00000000ad491eef,normal,0
1762980732.4535193,0x1c9,8,00000000ad491eef,normal,0
1762980732.4885666,0x1a,8,0000000049473e09,normal,0
1762980732.4885793,0x2f,8,0bff000049473e09,normal,0
1762980732.4885838,0x43,8,0000000049473e09,normal,0
1762980732.4885874,0x58,8,0e64000049473e09,normal,0
1762980732.488591,0x6d,8,0000000049473e09,normal,0
1762980732.4885945,0x1c9,8,0000000049473e09,normal,0
1762980732.5284836,0x1a,8,0000000039484be9,normal,0
1762980732.528499,0x2f,8,0bff000039484be9,normal,0
1762980732.5285048,0x43,8,0000000039484be9,normal,0
1762980732.5285096,0x58,8,0e64000039484be9,normal,0
1762980732.528514,0x6d,8,0000000039484be9,normal,0
1762980732.5285194,0x1c9,8,0000000039484be9,normal,0
1762980732.5637028,0x1a,8,0000000074ec7232,normal,0
1762980732.5637355,0x2f,8,0bff000074ec7232,normal,0
1762980732.5637403,0x43,8,0000000074ec7232,normal,0
1762980732.563744,0x58,8,0e64000074ec7232,normal,0
1762980732.5637474,0x6d,8,0000000074ec7232,normal,0
1762980732.5637517,0x1c9,8,0000000074ec7232,normal,0
1762980732.6220958,0x1a,8,00000000b30b53f5,normal,0
1762980732.6221168,0x2f,8,0bff0000b30b53f5,normal,0
1762980732.6221287,0x43,8,00010000b30b53f5,normal,0
1762980732.6221395,0x58,8,0e640000b30b53f5,normal,0
1762980732.6221497,0x6d,8,00000000b30b53f5,normal,0
1762980732.6221602,0x1c9,8,00000000b30b53f5,normal,0
1762980732.6490448,0x1a,8,00000000ca30aa8d,normal,0
1762980732.649056,0x2f,8,0bff0000ca30aa8d,normal,0
1762980732.6490605,0x43,8,00010000ca30aa8d,normal,0
1762980732.6490643,0x58,8,0e640000ca30aa8d,normal,0
1762980732.6490676,0x6d,8,00000000ca30aa8d,normal,0
1762980732.649072,0x1c9,8,00000000ca30aa8d,normal,0
1762980732.677604,0x1a,8,0000000085a86493,normal,0
1762980732.6776161,0x2f,8,0bff000085a86493,normal,0
1762980732.6776206,0x43,8,0001000085a86493,normal,0
1762980732.6776242,0x58,8,0e64000085a86493,normal,0
1762980732.6776278,0x6d,8,0000000085a86493,normal,0
1762980732.6776319,0x1c9,8,0000000085a86493,normal,0
1762980732.717616,0x1a,8,00000000997d3f5b,normal,0
1762980732.717633,0x2f,8,0bff0000997d3f5b,normal,0
1762980732.7176392,0x43,8,00020000997d3f5b,normal,0
1762980732.7176442,0x58,8,0e640000997d3f5b,normal,0
1762980732.7176485,0x6d,8,00000000997d3f5b,normal,0
1762980732.717654,0x1c9,8,00000000997d3f5b,normal,0
1762980732.751212,0x1a,8,00000000d4129684,normal,0
1762980732.751224,0x2f,8,0bff0000d4129684,normal,0
1762980732.751229,0x43,8,00020000d4129684,normal,0
1762980732.7512329,0x58,8,0e640000d4129684,normal,0
1762980732.751237,0x6d,8,00000000d4129684,normal,0
1762980732.7512412,0x1c9,8,00000000d4129684,normal,0
1762980732.7904897,0x1a,8,000000001a04a555,normal,0
1762980732.7905018,0x2f,8,0bff00001a04a555,normal,0
1762980732.7905061,0x43,8,000100001a04a555,normal,0
1762980732.7905095,0x58,8,0e6400001a04a555,normal,0
1762980732.7905126,0x6d,8,000000001a04a555,normal,0
1762980732.790517,0x1c9,8,000000001a04a555,normal,0
1762980732.8275769,0x1a,8,00000000a7380d7c,normal,0
1762980732.8275898,0x2f,8,0bff0000a7380d7c,normal,0
1762980732.8275945,0x43,8,00000000a7380d7c,normal,0
1762980732.8275986,0x58,8,0e640000a7380d7c,normal,0
1762980732.827602,0x6d,8,00000000a7380d7c,normal,0
1762980732.827606,0x1c9,8,00000000a7380d7c,normal,0
1762980732.8647776,0x1a,8,00000000a300daad,normal,0
1762980732.8647912,0x2f,8,0bff0000a300daad,normal,0
1762980732.864796,0x43,8,00010000a300daad,normal,0
1762980732.8648002,0x58,8,0e640000a300daad,normal,0
1762980732.8648038,0x6d,8,00000000a300daad,normal,0
1762980732.8648083,0x1c9,8,00000000a300daad,normal,0
1762980732.9019308,0x1a,8,000000005aad6200,normal,0
1762980732.9019415,0x2f,8,0bff00005aad6200,normal,0
1762980732.9019458,0x43,8,000100005aad6200,normal,0
1762980732.9019494,0x58,8,0e6400005aad6200,normal,0
1762980732.9019527,0x6d,8,000000005aad6200,normal,0
1762980732.9019566,0x1c9,8,000000005aad6200,normal,0
1762980732.9410405,0x1a,8,00000000809e59ff,normal,0
1762980732.941054,0x2f,8,0bff0000809e59ff,normal,0
1762980732.9410594,0x43,8,00010000809e59ff,normal,0
1762980732.941064,0x58,8,0e640000809e59ff,normal,0
1762980732.9410677,0x6d,8,00000000809e59ff,normal,0
1762980732.941073,0x1c9,8,00000000809e59ff,normal,0
1762980732.9740808,0x1a,8,00000000bbdd1ec5,normal,0
1762980732.9740925,0x2f,8,0bff0000bbdd1ec5,normal,0
1762980732.974097,0x43,8,00010000bbdd1ec5,normal,0
1762980732.9741004,0x58,8,0e640000bbdd1ec5,normal,0
1762980732.974104,0x6d,8,00000000bbdd1ec5,normal,0
1762980732.9741077,0x1c9,8,00000000bbdd1ec5,normal,0
1762980733.0015373,0x1a,8,000000005d5dd52e,normal,0
1762980733.0015502,0x2f,8,0bff00005d5dd52e,normal,0
1762980733.0015554,0x43,8,000100005d5dd52e,normal,0
1762980733.00156,0x58,8,0e6400005d5dd52e,normal,0
1762980733.001564,0x6d,8,000000005d5dd52e,normal,0
1762980733.00157,0x1c9,8,000000005d5dd52e,normal,0
1762980733.0318005,0x1a,8,0000000018ffc9bc,normal,0
1762980733.0318115,0x2f,8,0bff000018ffc9bc,normal,0
1762980733.031816,0x43,8,0000000018ffc9bc,normal,0
1762980733.0318196,0x58,8,0e64000018ffc9bc,normal,0
1762980733.031823,0x6d,8,0000000018ffc9bc,normal,0
1762980733.0318272,0x1c9,8,0000000018ffc9bc,normal,0
1762980733.062549,0x1a,8,0000000067d74a55,normal,0
1762980733.0625694,0x2f,8,0bff000067d74a55,normal,0
1762980733.062581,0x43,8,0000000067d74a55,normal,0
1762980733.0625916,0x58,8,0e64000067d74a55,normal,0
1762980733.062601,0x6d,8,0000000067d74a55,normal,0
1762980733.0626113,0x1c9,8,0000000067d74a55,normal,0
1762980733.090392,0x1a,8,00000000b5d03cf3,normal,0
1762980733.0904043,0x2f,8,0bff0000b5d03cf3,normal,0
1762980733.090409,0x43,8,00000000b5d03cf3,normal,0
1762980733.0904129,0x58,8,0e640000b5d03cf3,normal,0
1762980733.0904164,0x6d,8,00000000b5d03cf3,normal,0
1762980733.0904205,0x1c9,8,00000000b5d03cf3,normal,0
1762980733.1217008,0x1a,8,0000000019c6f830,normal,0
1762980733.121712,0x2f,8,0bff000019c6f830,normal,0
1762980733.1217167,0x43,8,0000000019c6f830,normal,0
1762980733.1217203,0x58,8,0e64000019c6f830,normal,0
1762980733.1217237,0x6d,8,0000000019c6f830,normal,0
1762980733.1217275,0x1c9,8,0000000019c6f830,normal,0
1762980733.1492329,0x1a,8,0000000041da7f3a,normal,0
1762980733.1492457,0x2f,8,0bff000041da7f3a,normal,0
1762980733.1492503,0x43,8,0000000041da7f3a,normal,0
1762980733.1492538,0x58,8,0e64000041da7f3a,normal,0
1762980733.1492574,0x6d,8,0000000041da7f3a,normal,0
1762980733.1492617,0x1c9,8,0000000041da7f3a,normal,0
1762980733.1777575,0x1a,8,0000000092d959a7,normal,0
1762980733.1777694,0x2f,8,0bff000092d959a7,normal,0
1762980733.1777747,0x43,8,0000000092d959a7,normal,0
1762980733.1777787,0x58,8,0e64000092d959a7,normal,0
1762980733.177782,0x6d,8,0000000092d959a7,normal,0
1762980733.1777866,0x1c9,8,0000000092d959a7,normal,0
1762980733.2365544,0x1a,8,0000000098abc80d,normal,0
1762980733.2365685,0x2f,8,0bff000098abc80d,normal,0
1762980733.2365737,0x43,8,0000000098abc80d,normal,0
1762980733.2365775,0x58,8,0e64000098abc80d,normal,0
1762980733.236581,0x6d,8,0000000098abc80d,normal,0
1762980733.2365856,0x1c9,8,0000000098abc80d,normal,0
1762980733.2667189,0x1a,8,00000000b66316bb,normal,0
1762980733.2667305,0x2f,8,0bff0000b66316bb,normal,0
1762980733.2667353,0x43,8,00000000b66316bb,normal,0
1762980733.266739,0x58,8,0e640000b66316bb,normal,0
1762980733.2667422,0x6d,8,00000000b66316bb,normal,0
1762980733.266747,0x1c9,8,00000000b66316bb,normal,0
1762980733.295076,0x1a,8,00000000e8b35cad,normal,0
1762980733.295087,0x2f,8,0bff0000e8b35cad,normal,0
1762980733.2950916,0x43,8,00000000e8b35cad,normal,0
1762980733.2950954,0x58,8,0e640000e8b35cad,normal,0
1762980733.2950995,0x6d,8,00000000e8b35cad,normal,0
1762980733.2951038,0x1c9,8,00000000e8b35cad,normal,0
1762980733.3241057,0x1a,8,0000000011ddf607,normal,0
1762980733.324118,0x2f,8,0bff000011ddf607,normal,0
1762980733.3241222,0x43,8,0000000011ddf607,normal,0
1762980733.3241258,0x58,8,0e64000011ddf607,normal,0
1762980733.3241296,0x6d,8,0000000011ddf607,normal,0
1762980733.3241339,0x1c9,8,0000000011ddf607,normal,0
1762980733.3527935,0x1a,8,00000000005ac136,normal,0
1762980733.3528056,0x2f,8,0bff0000005ac136,normal,0
1762980733.3528101,0x43,8,00010000005ac136,normal,0
1762980733.3528137,0x58,8,0e640000005ac136,normal,0
1762980733.352817,0x6d,8,00000000005ac136,normal,0
1762980733.3528214,0x1c9,8,00000000005ac136,normal,0
1762980733.380988,0x1a,8,00000000f0e3450a,normal,0
1762980733.3810005,0x2f,8,0bff0000f0e3450a,normal,0
1762980733.381006,0x43,8,00000000f0e3450a,normal,0
1762980733.3810103,0x58,8,0e640000f0e3450a,normal,0
1762980733.3810146,0x6d,8,00000000f0e3450a,normal,0
1762980733.3810203,0x1c9,8,00000000f0e3450a,normal,0
1762980733.4104457,0x1a,8,00000000cc30ac8a,normal,0
1762980733.410467,0x2f,8,0bff0000cc30ac8a,normal,0
1762980733.4104786,0x43,8,00000000cc30ac8a,normal,0
1762980733.4104893,0x58,8,0e640000cc30ac8a,normal,0
1762980733.4104993,0x6d,8,00000000cc30ac8a,normal,0
1762980733.4105096,0x1c9,8,00000000cc30ac8a,normal,0
1762980733.4366508,0x1a,8,000000006cd8ad73,normal,0
1762980733.4366622,0x2f,8,0bff00006cd8ad73,normal,0
1762980733.4366665,0x43,8,000100006cd8ad73,normal,0
1762980733.43667,0x58,8,0e6400006cd8ad73,normal,0
1762980733.4366734,0x6d,8,000000006cd8ad73,normal,0
1762980733.4366775,0x1c9,8,000000006cd8ad73,normal,0
1762980733.4693882,0x1a,8,00000000f237411c,normal,0
1762980733.4694004,0x2f,8,0bff0000f237411c,normal,0
1762980733.469405,0x43,8,00020000f237411c,normal,0
1762980733.4694083,0x58,8,0e640000f237411c,normal,0
1762980733.4694118,0x6d,8,00000000f237411c,normal,0
1762980733.469416,0x1c9,8,00000000f237411c,normal,0
1762980733.5044732,0x1a,8,0000000020bd3324,normal,0
1762980733.5044942,0x2f,8,0bff000020bd3324,normal,0
1762980733.504506,0x43,8,0001000020bd3324,normal,0
1762980733.5045168,0x58,8,0e64000020bd3324,normal,0
1762980733.5045276,0x6d,8,0000000020bd3324,normal,0
1762980733.5045383,0x1c9,8,0000000020bd3324,normal,0
1762980733.5381846,0x1a,8,0000000073baf872,normal,0
1762980733.5382032,0x2f,8,0bff000073baf872,normal,0
1762980733.5382152,0x43,8,0002000073baf872,normal,0
1762980733.5382261,0x58,8,0e64000073baf872,normal,0
1762980733.5382364,0x6d,8,0000000073baf872,normal,0
1762980733.538247,0x1c9,8,0000000073baf872,normal,0
1762980733.5776632,0x1a,8,00000000c2c05bdf,normal,0
1762980733.5776849,0x2f,8,0bff0000c2c05bdf,normal,0
1762980733.5776968,0x43,8,00010000c2c05bdf,normal,0
1762980733.5777073,0x58,8,0e640000c2c05bdf,normal,0
1762980733.577718,0x6d,8,00000000c2c05bdf,normal,0
1762980733.5777283,0x1c9,8,00000000c2c05bdf,normal,0
1762980733.6172667,0x1a,8,00000000f7804c7a,normal,0
1762980733.6172862,0x2f,8,0bff0000f7804c7a,normal,0
1762980733.6172962,0x43,8,00000000f7804c7a,normal,0
1762980733.617306,0x58,8,0e640000f7804c7a,normal,0
1762980733.6173148,0x6d,8,00000000f7804c7a,normal,0
1762980733.617324,0x1c9,8,00000000f7804c7a,normal,0
1762980733.6545808,0x1a,8,00000000efa685cb,normal,0
1762980733.654599,0x2f,8,0bff0000efa685cb,normal,0
1762980733.6546092,0x43,8,00000000efa685cb,normal,0
1762980733.6546185,0x58,8,0e640000efa685cb,normal,0
1762980733.6546273,0x6d,8,00000000efa685cb,normal,0
1762980733.6546366,0x1c9,8,00000000efa685cb,normal,0
1762980733.6842897,0x1a,8,000000008b228a44,normal,0
1762980733.6843026,0x2f,8,0bff00008b228a44,normal,0
1762980733.6843069,0x43,8,000000008b228a44,normal,0
1762980733.6843102,0x58,8,0e6400008b228a44,normal,0
1762980733.6843135,0x6d,8,000000008b228a44,normal,0
1762980733.6843176,0x1c9,8,000000008b228a44,normal,0
1762980733.711939,0x1a,8,000000005229b6c4,normal,0
1762980733.7119505,0x2f,8,0bff00005229b6c4,normal,0
1762980733.7119553,0x43,8,000000005229b6c4,normal,0
1762980733.7119591,0x58,8,0e6400005229b6c4,normal,0
1762980733.7119627,0x6d,8,000000005229b6c4,normal,0
1762980733.7119672,0x1c9,8,000000005229b6c4,normal,0
1762980733.74178,0x1a,8,0000000042272fc1,normal,0
1762980733.7417905,0x2f,8,0bff000042272fc1,normal,0
1762980733.7417946,0x43,8,0000000042272fc1,normal,0
1762980733.7417984,0x58,8,0e64000042272fc1,normal,0
1762980733.7418017,0x6d,8,0000000042272fc1,normal,0
1762980733.7418058,0x1c9,8,0000000042272fc1,normal,0
1762980733.7698345,0x1a,8,0000000063f316b9,normal,0
1762980733.7698457,0x2f,8,0bff000063f316b9,normal,0
1762980733.7698512,0x43,8,0001000063f316b9,normal,0
1762980733.7698548,0x58,8,0e64000063f316b9,normal,0
1762980733.7698584,0x6d,8,0000000063f316b9,normal,0
1762980733.769867,0x1c9,8,0000000063f316b9,normal,0
1762980733.8241723,0x1a,8,000000002b9fad75,normal,0
1762980733.8241844,0x2f,8,0bff00002b9fad75,normal,0
1762980733.8241887,0x43,8,000100002b9fad75,normal,0
1762980733.824192,0x58,8,0e6400002b9fad75,normal,0
1762980733.8241954,0x6d,8,000000002b9fad75,normal,0
1762980733.8241994,0x1c9,8,000000002b9fad75,normal,0
1762980733.8597426,0x1a,8,00000000f66cc797,normal,0
1762980733.8597546,0x2f,8,0bff0000f66cc797,normal,0
1762980733.859759,0x43,8,00000000f66cc797,normal,0
1762980733.859763,0x58,8,0e640000f66cc797,normal,0
1762980733.8597662,0x6d,8,00000000f66cc797,normal,0
1762980733.8597703,0x1c9,8,00000000f66cc797,normal,0
1762980733.8886418,0x1a,8,0000000065a4ab62,normal,0
1762980733.8886545,0x2f,8,0bff000065a4ab62,normal,0
1762980733.8886597,0x43,8,0000000065a4ab62,normal,0
1762980733.8886633,0x58,8,0e64000065a4ab62,normal,0
1762980733.8886666,0x6d,8,0000000065a4ab62,normal,0
1762980733.8886707,0x1c9,8,0000000065a4ab62,normal,0
1762980733.9193404,0x1a,8,00000000aae22793,normal,0
1762980733.9193618,0x2f,8,0bff0000aae22793,normal,0
1762980733.919372,0x43,8,00000000aae22793,normal,0
1762980733.9193819,0x58,8,0e640000aae22793,normal,0
1762980733.919391,0x6d,8,00000000aae22793,normal,0
1762980733.9194,0x1c9,8,00000000aae22793,normal,0
1762980733.950455,0x1a,8,00000000cb8bc304,normal,0
1762980733.9504921,0x2f,8,0bff0000cb8bc304,normal,0
1762980733.9505045,0x43,8,00000000cb8bc304,normal,0
1762980733.9505155,0x58,8,0e640000cb8bc304,normal,0
1762980733.950526,0x6d,8,00000000cb8bc304,normal,0
1762980733.950537,0x1c9,8,00000000cb8bc304,normal,0
1762980733.9771154,0x1a,8,0000000049884e8c,normal,0
1762980733.9771273,0x2f,8,0bff000049884e8c,normal,0
1762980733.9771318,0x43,8,0000000049884e8c,normal,0
1762980733.9771357,0x58,8,0e64000049884e8c,normal,0
1762980733.977139,0x6d,8,0000000049884e8c,normal,0
1762980733.977143,0x1c9,8,0000000049884e8c,normal,0
1762980734.0043845,0x1a,8,00000000bf7b1fa1,normal,0
1762980734.0043964,0x2f,8,0bff0000bf7b1fa1,normal,0
1762980734.0044007,0x43,8,00010000bf7b1fa1,normal,0
1762980734.0044043,0x58,8,0e640000bf7b1fa1,normal,0
1762980734.004408,0x6d,8,00000000bf7b1fa1,normal,0
1762980734.004412,0x1c9,8,00000000bf7b1fa1,normal,0
1762980734.031592,0x1a,8,00000000388811d7,normal,0
1762980734.031605,0x2f,8,0bff0000388811d7,normal,0
1762980734.0316107,0x43,8,00000000388811d7,normal,0
1762980734.0316153,0x58,8,0e640000388811d7,normal,0
1762980734.0316193,0x6d,8,00000000388811d7,normal,0
1762980734.0316246,0x1c9,8,00000000388811d7,normal,0
1762980734.0580971,0x1a,8,00000000f55d2427,normal,0
1762980734.0581107,0x2f,8,0bff0000f55d2427,normal,0
1762980734.0581152,0x43,8,00000000f55d2427,normal,0
1762980734.0581188,0x58,8,0e640000f55d2427,normal,0
1762980734.0581222,0x6d,8,00000000f55d2427,normal,0
1762980734.0581264,0x1c9,8,00000000f55d2427,normal,0
1762980734.0856671,0x1a,8,000000007e01a1c1,normal,0
1762980734.0856786,0x2f,8,0bff00007e01a1c1,normal,0
1762980734.0856843,0x43,8,000000007e01a1c1,normal,0
1762980734.0856876,0x58,8,0e6400007e01a1c1,normal,0
1762980734.0856907,0x6d,8,000000007e01a1c1,normal,0
1762980734.0856953,0x1c9,8,000000007e01a1c1,normal,0
1762980734.1144655,0x1a,8,0000000063b713ea,normal,0
1762980734.1144786,0x2f,8,0bff000063b713ea,normal,0
1762980734.1144845,0x43,8,0001000063b713ea,normal,0
1762980734.1144905,0x58,8,0e64000063b713ea,normal,0
1762980734.1144938,0x6d,8,0000000063b713ea,normal,0
1762980734.114498,0x1c9,8,0000000063b713ea,normal,0
1762980734.142048,0x1a,8,000000001da1b01d,normal,0
1762980734.1420708,0x2f,8,0bff00001da1b01d,normal,0
1762980734.1420832,0x43,8,000000001da1b01d,normal,0
1762980734.1420944,0x58,8,0e6400001da1b01d,normal,0
1762980734.1421046,0x6d,8,000000001da1b01d,normal,0
1762980734.1421156,0x1c9,8,000000001da1b01d,normal,0
1762980734.169771,0x1a,8,00000000a3ffebca,normal,0
1762980734.1697903,0x2f,8,0bff0000a3ffebca,normal,0
1762980734.1698024,0x43,8,00000000a3ffebca,normal,0
1762980734.169813,0x58,8,0e640000a3ffebca,normal,0
1762980734.169823,0x6d,8,00000000a3ffebca,normal,0
1762980734.1698332,0x1c9,8,00000000a3ffebca,normal,0
1762980734.2254097,0x1a,8,00000000d93bdb83,normal,0
1762980734.225423,0x2f,8,0bff0000d93bdb83,normal,0
1762980734.2254279,0x43,8,00000000d93bdb83,normal,0
1762980734.2254312,0x58,8,0e640000d93bdb83,normal,0
1762980734.2254348,0x6d,8,00000000d93bdb83,normal,0
1762980734.2254393,0x1c9,8,00000000d93bdb83,normal,0
1762980734.2771864,0x1a,8,0000000030789990,normal,0
1762980734.2772105,0x2f,8,0bff000030789990,normal,0
1762980734.277215,0x43,8,0001000030789990,normal,0
1762980734.2772188,0x58,8,0e64000030789990,normal,0
1762980734.2772222,0x6d,8,0000000030789990,normal,0
1762980734.2772262,0x1c9,8,0000000030789990,normal,0
1762980734.3034,0x1a,8,000000000a3b5b77,normal,0
1762980734.3034132,0x2f,8,0bff00000a3b5b77,normal,0
1762980734.3034177,0x43,8,000000000a3b5b77,normal,0
1762980734.303421,0x58,8,0e6400000a3b5b77,normal,0
1762980734.3034244,0x6d,8,000000000a3b5b77,normal,0
1762980734.3034286,0x1c9,8,000000000a3b5b77,normal,0
1762980734.3361003,0x1a,8,00000000188475a5,normal,0
1762980734.3361115,0x2f,8,0bff0000188475a5,normal,0
1762980734.3361168,0x43,8,00000000188475a5,normal,0
1762980734.3361206,0x58,8,0e640000188475a5,normal,0
1762980734.336124,0x6d,8,00000000188475a5,normal,0
1762980734.336128,0x1c9,8,00000000188475a5,normal,0
1762980734.3889918,0x1a,8,00000000b0672b0e,normal,0
1762980734.389002,0x2f,8,0bff0000b0672b0e,normal,0
1762980734.3890066,0x43,8,00000000b0672b0e,normal,0
1762980734.3890102,0x58,8,0e640000b0672b0e,normal,0
1762980734.3890135,0x6d,8,00000000b0672b0e,normal,0
1762980734.3890178,0x1c9,8,00000000b0672b0e,normal,0
1762980734.412383,0x1a,8,00000000a6726e38,normal,0
1762980734.4123974,0x2f,8,0bff0000a6726e38,normal,0
1762980734.412402,0x43,8,00000000a6726e38,normal,0
1762980734.4124057,0x58,8,0e640000a6726e38,normal,0
1762980734.4124093,0x6d,8,00000000a6726e38,normal,0
1762980734.4124134,0x1c9,8,00000000a6726e38,normal,0
1762980734.43786,0x1a,8,0000000082829d03,normal,0
1762980734.4378762,0x2f,8,0bff000082829d03,normal,0
1762980734.4378812,0x43,8,0000000082829d03,normal,0
1762980734.4378848,0x58,8,0e64000082829d03,normal,0
1762980734.4378881,0x6d,8,0000000082829d03,normal,0
1762980734.4378922,0x1c9,8,0000000082829d03,normal,0
1762980734.4709628,0x1a,8,000000000101ffe3,normal,0
1762980734.4709857,0x2f,8,0bff00000101ffe3,normal,0
1762980734.4709973,0x43,8,000000000101ffe3,normal,0
1762980734.4710078,0x58,8,0e6400000101ffe3,normal,0
1762980734.4710174,0x6d,8,000000000101ffe3,normal,0
1762980734.4710276,0x1c9,8,000000000101ffe3,normal,0
1762980734.5025308,0x1a,8,00000000d2d9a56a,normal,0
1762980734.5025463,0x2f,8,0bff0000d2d9a56a,normal,0
1762980734.5025508,0x43,8,00000000d2d9a56a,normal,0
1762980734.5025551,0x58,8,0e640000d2d9a56a,normal,0
1762980734.502559,0x6d,8,00000000d2d9a56a,normal,0
1762980734.5025637,0x1c9,8,00000000d2d9a56a,normal,0
1762980734.5406888,0x1a,8,000000008b83b632,normal,0
1762980734.5407026,0x2f,8,0bff00008b83b632,normal,0
1762980734.540707,0x43,8,000000008b83b632,normal,0
1762980734.5407112,0x58,8,0e6400008b83b632,normal,0
1762980734.5407143,0x6d,8,000000008b83b632,normal,0
1762980734.5407188,0x1c9,8,000000008b83b632,normal,0
1762980734.578619,0x1a,8,000000000f79d5c0,normal,0
1762980734.5786297,0x2f,8,0bff00000f79d5c0,normal,0
1762980734.5786345,0x43,8,000100000f79d5c0,normal,0
1762980734.5786378,0x58,8,0e6400000f79d5c0,normal,0
1762980734.5786414,0x6d,8,000000000f79d5c0,normal,0
1762980734.5786452,0x1c9,8,000000000f79d5c0,normal,0
1762980734.6132545,0x1a,8,00000000e0b06d6b,normal,0
1762980734.6132772,0x2f,8,0bff0000e0b06d6b,normal,0
1762980734.6132867,0x43,8,00000000e0b06d6b,normal,0
1762980734.613298,0x58,8,0e640000e0b06d6b,normal,0
1762980734.613308,0x6d,8,00000000e0b06d6b,normal,0
1762980734.613318,0x1c9,8,00000000e0b06d6b,normal,0
1762980734.6484504,0x1a,8,00000000d7115bca,normal,0
1762980734.648474,0x2f,8,0bff0000d7115bca,normal,0
1762980734.6484864,0x43,8,00010000d7115bca,normal,0
1762980734.648497,0x58,8,0e640000d7115bca,normal,0
1762980734.6485074,0x6d,8,00000000d7115bca,normal,0
1762980734.6485178,0x1c9,8,00000000d7115bca,normal,0
1762980734.6746252,0x1a,8,00000000ad5b03a9,normal,0
1762980734.67464,0x2f,8,0bff0000ad5b03a9,normal,0
1762980734.6746442,0x43,8,00000000ad5b03a9,normal,0
1762980734.674648,0x58,8,0e640000ad5b03a9,normal,0
1762980734.6746514,0x6d,8,00000000ad5b03a9,normal,0
1762980734.674656,0x1c9,8,00000000ad5b03a9,normal,0
1762980734.7033327,0x1a,8,00000000f2f5d27b,normal,0
1762980734.7033575,0x2f,8,0bff0000f2f5d27b,normal,0
1762980734.7033694,0x43,8,00010000f2f5d27b,normal,0
1762980734.70338,0x58,8,0e640000f2f5d27b,normal,0
1762980734.7033904,0x6d,8,00000000f2f5d27b,normal,0
1762980734.7034013,0x1c9,8,00000000f2f5d27b,normal,0
1762980734.7286403,0x1a,8,00000000ac2ff37b,normal,0
1762980734.7286563,0x2f,8,0bff0000ac2ff37b,normal,0
1762980734.728662,0x43,8,00000000ac2ff37b,normal,0
1762980734.7286675,0x58,8,0e640000ac2ff37b,normal,0
1762980734.728672,0x6d,8,00000000ac2ff37b,normal,0
1762980734.7286775,0x1c9,8,00000000ac2ff37b,normal,0
1762980734.779392,0x1a,8,000000005a560cf0,normal,0
1762980734.7794166,0x2f,8,0bff00005a560cf0,normal,0
1762980734.7794285,0x43,8,000000005a560cf0,normal,0
1762980734.779439,0x58,8,0e6400005a560cf0,normal,0
1762980734.779449,0x6d,8,000000005a560cf0,normal,0
1762980734.7794592,0x1c9,8,000000005a560cf0,normal,0
1762980734.8054016,0x1a,8,0000000091516db1,normal,0
1762980734.8054159,0x2f,8,0bff000091516db1,normal,0
1762980734.8054218,0x43,8,0000000091516db1,normal,0
1762980734.805427,0x58,8,0e64000091516db1,normal,0
1762980734.8054318,0x6d,8,0000000091516db1,normal,0
1762980734.8054376,0x1c9,8,0000000091516db1,normal,0
1762980734.8329062,0x1a,8,000000003b479dff,normal,0
1762980734.832922,0x2f,8,0bff00003b479dff,normal,0
1762980734.8329268,0x43,8,000000003b479dff,normal,0
1762980734.8329306,0x58,8,0e6400003b479dff,normal,0
1762980734.8329341,0x6d,8,000000003b479dff,normal,0
1762980734.8329387,0x1c9,8,000000003b479dff,normal,0
1762980734.8663454,0x1a,8,0000000010e3dd70,normal,0
1762980734.8663647,0x2f,8,0bff000010e3dd70,normal,0
1762980734.86637,0x43,8,0000000010e3dd70,normal,0
1762980734.8663745,0x58,8,0e64000010e3dd70,normal,0
1762980734.8663785,0x6d,8,0000000010e3dd70,normal,0
1762980734.8663833,0x1c9,8,0000000010e3dd70,normal,0
1762980734.9059606,0x1a,8,00000000b1ae940c,normal,0
1762980734.9059741,0x2f,8,0bff0000b1ae940c,normal,0
1762980734.9059794,0x43,8,00000000b1ae940c,normal,0
1762980734.9059834,0x58,8,0e640000b1ae940c,normal,0
1762980734.9059873,0x6d,8,00000000b1ae940c,normal,0
1762980734.905992,0x1c9,8,00000000b1ae940c,normal,0
1762980734.9416683,0x1a,8,000000007879231b,normal,0
1762980734.9416986,0x2f,8,0bff00007879231b,normal,0
1762980734.9417107,0x43,8,000000007879231b,normal,0
1762980734.9417229,0x58,8,0e6400007879231b,normal,0
1762980734.9417336,0x6d,8,000000007879231b,normal,0
1762980734.9417446,0x1c9,8,000000007879231b,normal,0
1762980734.971295,0x1a,8,000000005275a375,normal,0
1762980734.971309,0x2f,8,0bff00005275a375,normal,0
1762980734.9713137,0x43,8,000000005275a375,normal,0
1762980734.9713178,0x58,8,0e6400005275a375,normal,0
1762980734.971321,0x6d,8,000000005275a375,normal,0
1762980734.9713254,0x1c9,8,000000005275a375,normal,0
1762980735.0351503,0x1a,8,000000003662e3ef,normal,0
1762980735.035165,0x2f,8,0bff00003662e3ef,normal,0
1762980735.0351698,0x43,8,000000003662e3ef,normal,0
1762980735.0351734,0x58,8,0e6400003662e3ef,normal,0
1762980735.0351772,0x6d,8,000000003662e3ef,normal,0
1762980735.0351818,0x1c9,8,000000003662e3ef,normal,0
1762980735.069392,0x1a,8,0000000081ac3896,normal,0
1762980735.0694048,0x2f,8,0bff000081ac3896,normal,0
1762980735.0694096,0x43,8,0000000081ac3896,normal,0
1762980735.0694134,0x58,8,0e64000081ac3896,normal,0
1762980735.069417,0x6d,8,0000000081ac3896,normal,0
1762980735.069421,0x1c9,8,0000000081ac3896,normal,0
1762980735.105898,0x1a,8,000000002ca4f247,normal,0
1762980735.1059148,0x2f,8,0bff00002ca4f247,normal,0
1762980735.1059208,0x43,8,000000002ca4f247,normal,0
1762980735.1059256,0x58,8,0e6400002ca4f247,normal,0
1762980735.1059296,0x6d,8,000000002ca4f247,normal,0
1762980735.1059353,0x1c9,8,000000002ca4f247,normal,0
1762980735.1342797,0x1a,8,00000000a9c81534,normal,0
1762980735.1342943,0x2f,8,0bff0000a9c81534,normal,0
1762980735.1342988,0x43,8,00010000a9c81534,normal,0
1762980735.1343029,0x58,8,0e640000a9c81534,normal,0
1762980735.134307,0x6d,8,00000000a9c81534,normal,0
1762980735.1343114,0x1c9,8,00000000a9c81534,normal,0
1762980735.1837664,0x1a,8,00000000e91264c2,normal,0
1762980735.183779,0x2f,8,0bff0000e91264c2,normal,0
1762980735.1837835,0x43,8,00000000e91264c2,normal,0
1762980735.1837869,0x58,8,0e640000e91264c2,normal,0
1762980735.1837907,0x6d,8,00000000e91264c2,normal,0
1762980735.1837952,0x1c9,8,00000000e91264c2,normal,0
1762980735.2100475,0x1a,8,000000001fb4128e,normal,0
1762980735.2100596,0x2f,8,0bff00001fb4128e,normal,0
1762980735.2100642,0x43,8,000000001fb4128e,normal,0
1762980735.2100682,0x58,8,0e6400001fb4128e,normal,0
1762980735.2100718,0x6d,8,000000001fb4128e,normal,0
1762980735.2100763,0x1c9,8,000000001fb4128e,normal,0
1762980735.235657,0x1a,8,0000000032e8c4d5,normal,0
1762980735.2356722,0x2f,8,0bff000032e8c4d5,normal,0
1762980735.2356777,0x43,8,0000000032e8c4d5,normal,0
1762980735.235683,0x58,8,0e64000032e8c4d5,normal,0
1762980735.235688,0x6d,8,0000000032e8c4d5,normal,0
1762980735.2356946,0x1c9,8,0000000032e8c4d5,normal,0
1762980735.2886295,0x1a,8,00000000914c9076,normal,0
1762980735.2886443,0x2f,8,0bff0000914c9076,normal,0
1762980735.288649,0x43,8,00010000914c9076,normal,0
1762980735.2886527,0x58,8,0e640000914c9076,normal,0
1762980735.288656,0x6d,8,00000000914c9076,normal,0
1762980735.2886605,0x1c9,8,00000000914c9076,normal,0
1762980735.3172681,0x1a,8,000000006a167c2b,normal,0
1762980735.3172915,0x2f,8,0bff00006a167c2b,normal,0
1762980735.3173034,0x43,8,000000006a167c2b,normal,0
1762980735.3173144,0x58,8,0e6400006a167c2b,normal,0
1762980735.317325,0x6d,8,000000006a167c2b,normal,0
1762980735.317336,0x1c9,8,000000006a167c2b,normal,0
1762980735.342473,0x1a,8,00000000a203de12,normal,0
1762980735.342497,0x2f,8,0bff0000a203de12,normal,0
1762980735.3425019,0x43,8,00000000a203de12,normal,0
1762980735.342506,0x58,8,0e640000a203de12,normal,0
1762980735.3425095,0x6d,8,00000000a203de12,normal,0
1762980735.342514,0x1c9,8,00000000a203de12,normal,0
1762980735.3755496,0x1a,8,0000000078dcb8e6,normal,0
1762980735.3755672,0x2f,8,0bff000078dcb8e6,normal,0
1762980735.3755727,0x43,8,0000000078dcb8e6,normal,0
1762980735.3755784,0x58,8,0e64000078dcb8e6,normal,0
1762980735.3755832,0x6d,8,0000000078dcb8e6,normal,0
1762980735.375589,0x1c9,8,0000000078dcb8e6,normal,0
1762980735.406713,0x1a,8,00000000acc7c23d,normal,0
1762980735.4067285,0x2f,8,0bff0000acc7c23d,normal,0
1762980735.406733,0x43,8,00000000acc7c23d,normal,0
1762980735.4067366,0x58,8,0e640000acc7c23d,normal,0
1762980735.40674,0x6d,8,00000000acc7c23d,normal,0
1762980735.4067442,0x1c9,8,00000000acc7c23d,normal,0
1762980735.442271,0x1a,8,0000000025772165,normal,0
1762980735.442284,0x2f,8,0bff000025772165,normal,0
1762980735.4422886,0x43,8,0000000025772165,normal,0
1762980735.4422925,0x58,8,0e64000025772165,normal,0
1762980735.4422958,0x6d,8,0000000025772165,normal,0
1762980735.4422998,0x1c9,8,0000000025772165,normal,0
1762980735.4779866,0x1a,8,0000000025b96683,normal,0
1762980735.4779992,0x2f,8,0bff000025b96683,normal,0
1762980735.4780042,0x43,8,0001000025b96683,normal,0
1762980735.478008,0x58,8,0e64000025b96683,normal,0
1762980735.4780118,0x6d,8,0000000025b96683,normal,0
1762980735.4780169,0x1c9,8,0000000025b96683,normal,0
1762980735.5146646,0x1a,8,00000000afc9349a,normal,0
1762980735.5146775,0x2f,8,0bff0000afc9349a,normal,0
1762980735.5146828,0x43,8,00000000afc9349a,normal,0
1762980735.5146868,0x58,8,0e640000afc9349a,normal,0
1762980735.5146902,0x6d,8,00000000afc9349a,normal,0
1762980735.5146942,0x1c9,8,00000000afc9349a,normal,0
1762980735.5486736,0x1a,8,00000000dda55afe,normal,0
1762980735.5486891,0x2f,8,0bff0000dda55afe,normal,0
1762980735.548695,0x43,8,00000000dda55afe,normal,0
1762980735.5487003,0x58,8,0e640000dda55afe,normal,0
1762980735.5487046,0x6d,8,00000000dda55afe,normal,0
1762980735.5487108,0x1c9,8,00000000dda55afe,normal,0
1762980735.5745692,0x1a,8,000000003cfde902,normal,0
1762980735.574582,0x2f,8,0bff00003cfde902,normal,0
1762980735.574587,0x43,8,000000003cfde902,normal,0
1762980735.5745919,0x58,8,0e6400003cfde902,normal,0
1762980735.5745955,0x6d,8,000000003cfde902,normal,0
1762980735.5746002,0x1c9,8,000000003cfde902,normal,0
1762980735.6014106,0x1a,8,0000000060ff9d78,normal,0
1762980735.601424,0x2f,8,0bff000060ff9d78,normal,0
1762980735.6014287,0x43,8,0000000060ff9d78,normal,0
1762980735.6014326,0x58,8,0e64000060ff9d78,normal,0
1762980735.6014364,0x6d,8,0000000060ff9d78,normal,0
1762980735.6014404,0x1c9,8,0000000060ff9d78,normal,0
1762980735.631263,0x1a,8,000000008a50562b,normal,0
1762980735.6312869,0x2f,8,0bff00008a50562b,normal,0
1762980735.6312916,0x43,8,000000008a50562b,normal,0
1762980735.631296,0x58,8,0e6400008a50562b,normal,0
1762980735.6312995,0x6d,8,000000008a50562b,normal,0
1762980735.631304,0x1c9,8,000000008a50562b,normal,0
1762980735.6568906,0x1a,8,000000003b8275ce,normal,0
1762980735.6569042,0x2f,8,0bff00003b8275ce,normal,0
1762980735.656909,0x43,8,000000003b8275ce,normal,0
1762980735.6569128,0x58,8,0e6400003b8275ce,normal,0
1762980735.6569161,0x6d,8,000000003b8275ce,normal,0
1762980735.6569204,0x1c9,8,000000003b8275ce,normal,0
1762980735.707159,0x1a,8,000000001a8f9ccd,normal,0
1762980735.707173,0x2f,8,0bff00001a8f9ccd,normal,0
1762980735.7071774,0x43,8,000100001a8f9ccd,normal,0
1762980735.7071807,0x58,8,0e6400001a8f9ccd,normal,0
1762980735.7071843,0x6d,8,000000001a8f9ccd,normal,0
1762980735.7071886,0x1c9,8,000000001a8f9ccd,normal,0
1762980735.7346325,0x1a,8,000000002c3d6b8b,normal,0
1762980735.734645,0x2f,8,0bff00002c3d6b8b,normal,0
1762980735.7346494,0x43,8,000000002c3d6b8b,normal,0
1762980735.7346532,0x58,8,0e6400002c3d6b8b,normal,0
1762980735.7346563,0x6d,8,000000002c3d6b8b,normal,0
1762980735.7346606,0x1c9,8,000000002c3d6b8b,normal,0
1762980735.7866077,0x1a,8,00000000bbd35a26,normal,0
1762980735.78662,0x2f,8,0bff0000bbd35a26,normal,0
1762980735.7866244,0x43,8,00000000bbd35a26,normal,0
1762980735.786628,0x58,8,0e640000bbd35a26,normal,0
1762980735.7866318,0x6d,8,00000000bbd35a26,normal,0
1762980735.7866364,0x1c9,8,00000000bbd35a26,normal,0
1762980735.8148768,0x1a,8,000000009863ba87,normal,0
1762980735.8148906,0x2f,8,0bff00009863ba87,normal,0
1762980735.8148952,0x43,8,000000009863ba87,normal,0
1762980735.8148992,0x58,8,0e6400009863ba87,normal,0
1762980735.8149028,0x6d,8,000000009863ba87,normal,0
1762980735.8149073,0x1c9,8,000000009863ba87,normal,0
1762980735.841125,0x1a,8,00000000f221b93a,normal,0
1762980735.841139,0x2f,8,0bff0000f221b93a,normal,0
1762980735.8411434,0x43,8,00000000f221b93a,normal,0
1762980735.8411472,0x58,8,0e640000f221b93a,normal,0
1762980735.841151,0x6d,8,00000000f221b93a,normal,0
1762980735.8411553,0x1c9,8,00000000f221b93a,normal,0
1762980735.8678482,0x1a,8,00000000632c1cd7,normal,0
1762980735.8678682,0x2f,8,0bff0000632c1cd7,normal,0
1762980735.8678744,0x43,8,00000000632c1cd7,normal,0
1762980735.86788,0x58,8,0e640000632c1cd7,normal,0
1762980735.867886,0x6d,8,00000000632c1cd7,normal,0
1762980735.867892,0x1c9,8,00000000632c1cd7,normal,0
1762980735.9211903,0x1a,8,00000000f75b0145,normal,0
1762980735.9212043,0x2f,8,0bff0000f75b0145,normal,0
1762980735.9212089,0x43,8,00000000f75b0145,normal,0
1762980735.921213,0x58,8,0e640000f75b0145,normal,0
1762980735.9212167,0x6d,8,00000000f75b0145,normal,0
1762980735.9212213,0x1c9,8,00000000f75b0145,normal,0
1762980735.9509647,0x1a,8,00000000cfbf7a68,normal,0
1762980735.9509773,0x2f,8,0bff0000cfbf7a68,normal,0
1762980735.950982,0x43,8,00000000cfbf7a68,normal,0
1762980735.9509861,0x58,8,0e640000cfbf7a68,normal,0
1762980735.9509895,0x6d,8,00000000cfbf7a68,normal,0
1762980735.9509938,0x1c9,8,00000000cfbf7a68,normal,0
1762980735.9791868,0x1a,8,000000008f82c000,normal,0
1762980735.9791996,0x2f,8,0bff00008f82c000,normal,0
1762980735.979205,0x43,8,000000008f82c000,normal,0
1762980735.979209,0x58,8,0e6400008f82c000,normal,0
1762980735.9792125,0x6d,8,000000008f82c000,normal,0
1762980735.9792166,0x1c9,8,000000008f82c000,normal,0
1762980736.0047245,0x1a,8,000000009c9bef39,normal,0
1762980736.0047383,0x2f,8,0bff00009c9bef39,normal,0
1762980736.0047426,0x43,8,000000009c9bef39,normal,0
1762980736.0047462,0x58,8,0e6400009c9bef39,normal,0
1762980736.0047503,0x6d,8,000000009c9bef39,normal,0
1762980736.0047545,0x1c9,8,000000009c9bef39,normal,0
1762980736.0326374,0x1a,8,00000000f11cf2e3,normal,0
1762980736.032675,0x2f,8,0bff0000f11cf2e3,normal,0
1762980736.0326796,0x43,8,00010000f11cf2e3,normal,0
1762980736.0326831,0x58,8,0e640000f11cf2e3,normal,0
1762980736.0326867,0x6d,8,00000000f11cf2e3,normal,0
1762980736.0326908,0x1c9,8,00000000f11cf2e3,normal,0
1762980736.05862,0x1a,8,000000007c9a204c,normal,0
1762980736.0586433,0x2f,8,0bff00007c9a204c,normal,0
1762980736.0586476,0x43,8,000000007c9a204c,normal,0
1762980736.0586514,0x58,8,0e6400007c9a204c,normal,0
1762980736.0586553,0x6d,8,000000007c9a204c,normal,0
1762980736.0586596,0x1c9,8,000000007c9a204c,normal,0
1762980736.0848427,0x1a,8,00000000d4ce3429,normal,0
1762980736.084856,0x2f,8,0bff0000d4ce3429,normal,0
1762980736.0848644,0x43,8,00020000d4ce3429,normal,0
1762980736.0848687,0x58,8,0e640000d4ce3429,normal,0
1762980736.0848722,0x6d,8,00000000d4ce3429,normal,0
1762980736.0848763,0x1c9,8,00000000d4ce3429,normal,0
1762980736.1109705,0x1a,8,000000000b00cedd,normal,0
1762980736.110983,0x2f,8,0bff00000b00cedd,normal,0
1762980736.1109889,0x43,8,000100000b00cedd,normal,0
1762980736.1109927,0x58,8,0e6400000b00cedd,normal,0
1762980736.1109962,0x6d,8,000000000b00cedd,normal,0
1762980736.1110003,0x1c9,8,000000000b00cedd,normal,0
1762980736.1377957,0x1a,8,00000000bc1b4ea1,normal,0
1762980736.1378186,0x2f,8,0bff0000bc1b4ea1,normal,0
1762980736.1378295,0x43,8,00000000bc1b4ea1,normal,0
1762980736.1378405,0x58,8,0e640000bc1b4ea1,normal,0
1762980736.1378505,0x6d,8,00000000bc1b4ea1,normal,0
1762980736.137864,0x1c9,8,00000000bc1b4ea1,normal,0
1762980736.1638446,0x1a,8,00000000e3943314,normal,0
1762980736.163857,0x2f,8,0bff0000e3943314,normal,0
1762980736.1638641,0x43,8,00010000e3943314,normal,0
1762980736.1638682,0x58,8,0e640000e3943314,normal,0
1762980736.163872,0x6d,8,00000000e3943314,normal,0
1762980736.1638763,0x1c9,8,00000000e3943314,normal,0
1762980736.192532,0x1a,8,0000000032bc50d7,normal,0
1762980736.1925447,0x2f,8,0bff000032bc50d7,normal,0
1762980736.1925495,0x43,8,0001000032bc50d7,normal,0
1762980736.1925542,0x58,8,0e64000032bc50d7,normal,0
1762980736.1925583,0x6d,8,0000000032bc50d7,normal,0
1762980736.1925626,0x1c9,8,0000000032bc50d7,normal,0
1762980736.2178588,0x1a,8,00000000a5b3b864,normal,0
1762980736.2178767,0x2f,8,0bff0000a5b3b864,normal,0
1762980736.2178814,0x43,8,00010000a5b3b864,normal,0
1762980736.217886,0x58,8,0e640000a5b3b864,normal,0
1762980736.2178903,0x6d,8,00000000a5b3b864,normal,0
1762980736.2178948,0x1c9,8,00000000a5b3b864,normal,0
1762980736.2435756,0x1a,8,000000007a9ee502,normal,0
1762980736.243593,0x2f,8,0bff00007a9ee502,normal,0
1762980736.2435975,0x43,8,000100007a9ee502,normal,0
1762980736.2436013,0x58,8,0e6400007a9ee502,normal,0
1762980736.2436051,0x6d,8,000000007a9ee502,normal,0
1762980736.2436092,0x1c9,8,000000007a9ee502,normal,0
1762980736.298143,0x1a,8,00000000ab6d3ce7,normal,0
1762980736.2981658,0x2f,8,0bff0000ab6d3ce7,normal,0
1762980736.2981765,0x43,8,00010000ab6d3ce7,normal,0
1762980736.2981865,0x58,8,0e640000ab6d3ce7,normal,0
1762980736.298196,0x6d,8,00000000ab6d3ce7,normal,0
1762980736.298206,0x1c9,8,00000000ab6d3ce7,normal,0
1762980736.3236184,0x1a,8,00000000c48f3e6f,normal,0
1762980736.3236346,0x2f,8,0bff0000c48f3e6f,normal,0
1762980736.323639,0x43,8,00000000c48f3e6f,normal,0
1762980736.3236427,0x58,8,0e640000c48f3e6f,normal,0
1762980736.323646,0x6d,8,00000000c48f3e6f,normal,0
1762980736.3236504,0x1c9,8,00000000c48f3e6f,normal,0
1762980736.3737662,0x1a,8,000000008654d3a3,normal,0
1762980736.3737807,0x2f,8,0bff00008654d3a3,normal,0
1762980736.373785,0x43,8,000000008654d3a3,normal,0
1762980736.3737886,0x58,8,0e6400008654d3a3,normal,0
1762980736.3737922,0x6d,8,000000008654d3a3,normal,0
1762980736.3737962,0x1c9,8,000000008654d3a3,normal,0
1762980736.4045444,0x1a,8,00000000e390ffe5,normal,0
1762980736.4045696,0x2f,8,0bff0000e390ffe5,normal,0
1762980736.4045818,0x43,8,00000000e390ffe5,normal,0
1762980736.4045944,0x58,8,0e640000e390ffe5,normal,0
1762980736.4046056,0x6d,8,00000000e390ffe5,normal,0
1762980736.4046168,0x1c9,8,00000000e390ffe5,normal,0
1762980736.431697,0x1a,8,00000000070eaee3,normal,0
1762980736.4317222,0x2f,8,0bff0000070eaee3,normal,0
1762980736.431734,0x43,8,00010000070eaee3,normal,0
1762980736.4317453,0x58,8,0e640000070eaee3,normal,0
1762980736.4317558,0x6d,8,00000000070eaee3,normal,0
1762980736.4317682,0x1c9,8,00000000070eaee3,normal,0
1762980736.4816647,0x1a,8,00000000f422e6b0,normal,0
1762980736.4816797,0x2f,8,0bff0000f422e6b0,normal,0
1762980736.4816842,0x43,8,00000000f422e6b0,normal,0
1762980736.4816883,0x58,8,0e640000f422e6b0,normal,0
1762980736.4816926,0x6d,8,00000000f422e6b0,normal,0
1762980736.4816968,0x1c9,8,00000000f422e6b0,normal,0
1762980736.5099669,0x1a,8,00000000f36365e5,normal,0
1762980736.5099819,0x2f,8,0bff0000f36365e5,normal,0
1762980736.5099862,0x43,8,00000000f36365e5,normal,0
1762980736.50999,0x58,8,0e640000f36365e5,normal,0
1762980736.509993,0x6d,8,00000000f36365e5,normal,0
1762980736.509997,0x1c9,8,00000000f36365e5,normal,0
1762980736.5370789,0x1a,8,000000008b7878ff,normal,0
1762980736.5371082,0x2f,8,0bff00008b7878ff,normal,0
1762980736.5371208,0x43,8,000100008b7878ff,normal,0
1762980736.5371327,0x58,8,0e6400008b7878ff,normal,0
1762980736.5371444,0x6d,8,000000008b7878ff,normal,0
1762980736.5371563,0x1c9,8,000000008b7878ff,normal,0
1762980736.5633328,0x1a,8,000000002942693c,normal,0
1762980736.5633552,0x2f,8,0bff00002942693c,normal,0
1762980736.5633674,0x43,8,000100002942693c,normal,0
1762980736.563379,0x58,8,0e6400002942693c,normal,0
1762980736.5633898,0x6d,8,000000002942693c,normal,0
1762980736.563401,0x1c9,8,000000002942693c,normal,0
1762980736.592049,0x1a,8,00000000b2fcb158,normal,0
1762980736.5920725,0x2f,8,0bff0000b2fcb158,normal,0
1762980736.592085,0x43,8,00010000b2fcb158,normal,0
1762980736.5920959,0x58,8,0e640000b2fcb158,normal,0
1762980736.5921063,0x6d,8,00000000b2fcb158,normal,0
1762980736.5921192,0x1c9,8,00000000b2fcb158,normal,0
1762980736.6196182,0x1a,8,00000000339e09e9,normal,0
1762980736.6196337,0x2f,8,0bff0000339e09e9,normal,0
1762980736.6196382,0x43,8,00010000339e09e9,normal,0
1762980736.6196415,0x58,8,0e640000339e09e9,normal,0
1762980736.6196454,0x6d,8,00000000339e09e9,normal,0
1762980736.61965,0x1c9,8,00000000339e09e9,normal,0
1762980736.6452873,0x1a,8,000000001aa82030,normal,0
1762980736.6453004,0x2f,8,0bff00001aa82030,normal,0
1762980736.6453054,0x43,8,000100001aa82030,normal,0
1762980736.6453092,0x58,8,0e6400001aa82030,normal,0
1762980736.6453128,0x6d,8,000000001aa82030,normal,0
1762980736.6453176,0x1c9,8,000000001aa82030,normal,0
1762980736.69512,0x1a,8,000000000249082f,normal,0
1762980736.6951325,0x2f,8,0bff00000249082f,normal,0
1762980736.695137,0x43,8,000200000249082f,normal,0
1762980736.6951406,0x58,8,0e6400000249082f,normal,0
1762980736.695144,0x6d,8,000000000249082f,normal,0
1762980736.6951485,0x1c9,8,000000000249082f,normal,0
1762980736.7210338,0x1a,8,00000000277ecb3b,normal,0
1762980736.7210553,0x2f,8,0bff0000277ecb3b,normal,0
1762980736.7210653,0x43,8,00010000277ecb3b,normal,0
1762980736.721075,0x58,8,0e640000277ecb3b,normal,0
1762980736.721085,0x6d,8,00000000277ecb3b,normal,0
1762980736.7210948,0x1c9,8,00000000277ecb3b,normal,0
1762980736.7477522,0x1a,8,00000000ae0b2ed0,normal,0
1762980736.7477736,0x2f,8,0bff0000ae0b2ed0,normal,0
1762980736.7477844,0x43,8,00010000ae0b2ed0,normal,0
1762980736.747795,0x58,8,0e640000ae0b2ed0,normal,0
1762980736.7478054,0x6d,8,00000000ae0b2ed0,normal,0
1762980736.7478156,0x1c9,8,00000000ae0b2ed0,normal,0
1762980736.7953444,0x1a,8,00000000fcb54889,normal,0
1762980736.7953713,0x2f,8,0bff0000fcb54889,normal,0
1762980736.795377,0x43,8,00010000fcb54889,normal,0
1762980736.7953818,0x58,8,0e640000fcb54889,normal,0
1762980736.7953866,0x6d,8,00000000fcb54889,normal,0
1762980736.7953918,0x1c9,8,00000000fcb54889,normal,0
1762980736.824987,0x1a,8,000000004c1a2118,normal,0
1762980736.8250105,0x2f,8,0bff00004c1a2118,normal,0
1762980736.8250232,0x43,8,000100004c1a2118,normal,0
1762980736.8250341,0x58,8,0e6400004c1a2118,normal,0
1762980736.8250446,0x6d,8,000000004c1a2118,normal,0
1762980736.8250551,0x1c9,8,000000004c1a2118,normal,0
1762980736.8506668,0x1a,8,00000000f935124b,normal,0
1762980736.8506823,0x2f,8,0bff0000f935124b,normal,0
1762980736.8506866,0x43,8,00000000f935124b,normal,0
1762980736.8506906,0x58,8,0e640000f935124b,normal,0
1762980736.8506947,0x6d,8,00000000f935124b,normal,0
1762980736.8506994,0x1c9,8,00000000f935124b,normal,0
1762980736.8763027,0x1a,8,00000000e9441705,normal,0
1762980736.8763165,0x2f,8,0bff0000e9441705,normal,0
1762980736.8763225,0x43,8,00000000e9441705,normal,0
1762980736.8763273,0x58,8,0e640000e9441705,normal,0
1762980736.8763318,0x6d,8,00000000e9441705,normal,0
1762980736.876337,0x1c9,8,00000000e9441705,normal,0
1762980736.906427,0x1a,8,0000000020bd269e,normal,0
1762980736.9064393,0x2f,8,0bff000020bd269e,normal,0
1762980736.9064438,0x43,8,0000000020bd269e,normal,0
1762980736.906448,0x58,8,0e64000020bd269e,normal,0
1762980736.9064512,0x6d,8,0000000020bd269e,normal,0
1762980736.9064555,0x1c9,8,0000000020bd269e,normal,0
1762980736.9325364,0x1a,8,00000000bd8210c7,normal,0
1762980736.93255,0x2f,8,0bff0000bd8210c7,normal,0
1762980736.9325545,0x43,8,00000000bd8210c7,normal,0
1762980736.9325588,0x58,8,0e640000bd8210c7,normal,0
1762980736.9325626,0x6d,8,00000000bd8210c7,normal,0
1762980736.9325671,0x1c9,8,00000000bd8210c7,normal,0
1762980736.9580975,0x1a,8,00000000b4b19802,normal,0
1762980736.9581113,0x2f,8,0bff0000b4b19802,normal,0
1762980736.958116,0x43,8,00000000b4b19802,normal,0
1762980736.9581203,0x58,8,0e640000b4b19802,normal,0
1762980736.9581244,0x6d,8,00000000b4b19802,normal,0
1762980736.9581292,0x1c9,8,00000000b4b19802,normal,0
1762980736.9867983,0x1a,8,000000009bee368a,normal,0
1762980736.986812,0x2f,8,0bff00009bee368a,normal,0
1762980736.9868164,0x43,8,000000009bee368a,normal,0
1762980736.98682,0x58,8,0e6400009bee368a,normal,0
1762980736.986824,0x6d,8,000000009bee368a,normal,0
1762980736.9868283,0x1c9,8,000000009bee368a,normal,0
1762980737.0124605,0x1a,8,0000000038831f75,normal,0
1762980737.0124743,0x2f,8,0bff000038831f75,normal,0
1762980737.0124803,0x43,8,0000000038831f75,normal,0
1762980737.0124848,0x58,8,0e64000038831f75,normal,0
1762980737.0124893,0x6d,8,0000000038831f75,normal,0
1762980737.0124946,0x1c9,8,0000000038831f75,normal,0
1762980737.0393963,0x1a,8,000000008db2cee4,normal,0
1762980737.039411,0x2f,8,0bff00008db2cee4,normal,0
1762980737.0394154,0x43,8,000000008db2cee4,normal,0
1762980737.0394192,0x58,8,0e6400008db2cee4,normal,0
1762980737.039423,0x6d,8,000000008db2cee4,normal,0
1762980737.0394275,0x1c9,8,000000008db2cee4,normal,0
1762980737.06412,0x1a,8,00000000f6470934,normal,0
1762980737.0641325,0x2f,8,0bff0000f6470934,normal,0
1762980737.0641372,0x43,8,00000000f6470934,normal,0
1762980737.0641413,0x58,8,0e640000f6470934,normal,0
1762980737.064145,0x6d,8,00000000f6470934,normal,0
1762980737.06415,0x1c9,8,00000000f6470934,normal,0
1762980737.0895395,0x1a,8,00000000b3f00d59,normal,0
1762980737.089552,0x2f,8,0bff0000b3f00d59,normal,0
1762980737.089557,0x43,8,00000000b3f00d59,normal,0
1762980737.089561,0x58,8,0e640000b3f00d59,normal,0
1762980737.0895646,0x6d,8,00000000b3f00d59,normal,0
1762980737.0895705,0x1c9,8,00000000b3f00d59,normal,0
1762980737.1158109,0x1a,8,00000000eafd50af,normal,0
1762980737.1158354,0x2f,8,0bff0000eafd50af,normal,0
1762980737.1158473,0x43,8,00000000eafd50af,normal,0
1762980737.1158586,0x58,8,0e640000eafd50af,normal,0
1762980737.115874,0x6d,8,00000000eafd50af,normal,0
1762980737.1159804,0x1c9,8,00000000eafd50af,normal,0
1762980737.163673,0x1a,8,00000000cae6e919,normal,0
1762980737.1636858,0x2f,8,0bff0000cae6e919,normal,0
1762980737.16369,0x43,8,00000000cae6e919,normal,0
1762980737.1636941,0x58,8,0e640000cae6e919,normal,0
1762980737.1636975,0x6d,8,00000000cae6e919,normal,0
1762980737.1637015,0x1c9,8,00000000cae6e919,normal,0
1762980737.1889112,0x1a,8,00000000e9c05072,normal,0
1762980737.1889238,0x2f,8,0bff0000e9c05072,normal,0
1762980737.1889281,0x43,8,00000000e9c05072,normal,0
1762980737.1889322,0x58,8,0e640000e9c05072,normal,0
1762980737.1889355,0x6d,8,00000000e9c05072,normal,0
1762980737.1889398,0x1c9,8,00000000e9c05072,normal,0
1762980737.2184513,0x1a,8,00000000a2198885,normal,0
1762980737.2184634,0x2f,8,0bff0000a2198885,normal,0
1762980737.218468,0x43,8,00000000a2198885,normal,0
1762980737.2184718,0x58,8,0e640000a2198885,normal,0
1762980737.2184753,0x6d,8,00000000a2198885,normal,0
1762980737.2184794,0x1c9,8,00000000a2198885,normal,0
1762980737.2465851,0x1a,8,0000000012dfe6e7,normal,0
1762980737.2465975,0x2f,8,0bff000012dfe6e7,normal,0
1762980737.246602,0x43,8,0002000012dfe6e7,normal,0
1762980737.2466054,0x58,8,0e64000012dfe6e7,normal,0
1762980737.246609,0x6d,8,0000000012dfe6e7,normal,0
1762980737.246613,0x1c9,8,0000000012dfe6e7,normal,0
1762980737.2730477,0x1a,8,00000000218fa939,normal,0
1762980737.273062,0x2f,8,0bff0000218fa939,normal,0
1762980737.2730668,0x43,8,00000000218fa939,normal,0
1762980737.2730708,0x58,8,0e640000218fa939,normal,0
1762980737.2730744,0x6d,8,00000000218fa939,normal,0
1762980737.273079,0x1c9,8,00000000218fa939,normal,0
1762980737.2982702,0x1a,8,00000000ec3250bf,normal,0
1762980737.2982838,0x2f,8,0bff0000ec3250bf,normal,0
1762980737.2982888,0x43,8,00000000ec3250bf,normal,0
1762980737.2982929,0x58,8,0e640000ec3250bf,normal,0
1762980737.2982967,0x6d,8,00000000ec3250bf,normal,0
1762980737.2983017,0x1c9,8,00000000ec3250bf,normal,0
1762980737.3516204,0x1a,8,000000005e34b906,normal,0
1762980737.3516445,0x2f,8,0bff00005e34b906,normal,0
1762980737.351657,0x43,8,000000005e34b906,normal,0
1762980737.3516684,0x58,8,0e6400005e34b906,normal,0
1762980737.3516793,0x6d,8,000000005e34b906,normal,0
1762980737.35169,0x1c9,8,000000005e34b906,normal,0
1762980737.3778465,0x1a,8,00000000f918ef83,normal,0
1762980737.3778715,0x2f,8,0bff0000f918ef83,normal,0
1762980737.3778832,0x43,8,00000000f918ef83,normal,0
1762980737.3778934,0x58,8,0e640000f918ef83,normal,0
1762980737.377905,0x6d,8,00000000f918ef83,normal,0
1762980737.3779156,0x1c9,8,00000000f918ef83,normal,0
1762980737.427569,0x1a,8,00000000d42fd16a,normal,0
1762980737.4275837,0x2f,8,0bff0000d42fd16a,normal,0
1762980737.4275882,0x43,8,00000000d42fd16a,normal,0
1762980737.4275918,0x58,8,0e640000d42fd16a,normal,0
1762980737.4275951,0x6d,8,00000000d42fd16a,normal,0
1762980737.4276,0x1c9,8,00000000d42fd16a,normal,0
1762980737.45604,0x1a,8,00000000558ffba4,normal,0
1762980737.456056,0x2f,8,0bff0000558ffba4,normal,0
1762980737.4560626,0x43,8,00000000558ffba4,normal,0
1762980737.456067,0x58,8,0e640000558ffba4,normal,0
1762980737.4560711,0x6d,8,00000000558ffba4,normal,0
1762980737.4560766,0x1c9,8,00000000558ffba4,normal,0
1762980737.4815967,0x1a,8,00000000ee688030,normal,0
1762980737.4816082,0x2f,8,0bff0000ee688030,normal,0
1762980737.4816127,0x43,8,00000000ee688030,normal,0
1762980737.481616,0x58,8,0e640000ee688030,normal,0
1762980737.4816194,0x6d,8,00000000ee688030,normal,0
1762980737.4816234,0x1c9,8,00000000ee688030,normal,0
1762980737.5083237,0x1a,8,0000000084eed42e,normal,0
1762980737.5083375,0x2f,8,0bff000084eed42e,normal,0
1762980737.5083432,0x43,8,0001000084eed42e,normal,0
1762980737.5083482,0x58,8,0e64000084eed42e,normal,0
1762980737.5083525,0x6d,8,0000000084eed42e,normal,0
1762980737.508358,0x1c9,8,0000000084eed42e,normal,0
1762980737.5393488,0x1a,8,00000000bd0cbeb5,normal,0
1762980737.5393615,0x2f,8,0bff0000bd0cbeb5,normal,0
1762980737.5393658,0x43,8,00010000bd0cbeb5,normal,0
1762980737.5393696,0x58,8,0e640000bd0cbeb5,normal,0
1762980737.5393727,0x6d,8,00000000bd0cbeb5,normal,0
1762980737.539377,0x1c9,8,00000000bd0cbeb5,normal,0
1762980737.5719495,0x1a,8,00000000558f07be,normal,0
1762980737.571974,0x2f,8,0bff0000558f07be,normal,0
1762980737.5719855,0x43,8,00010000558f07be,normal,0
1762980737.571996,0x58,8,0e640000558f07be,normal,0
1762980737.572006,0x6d,8,00000000558f07be,normal,0
1762980737.5720162,0x1c9,8,00000000558f07be,normal,0
1762980737.6035838,0x1a,8,000000002e7aa29e,normal,0
1762980737.6035972,0x2f,8,0bff00002e7aa29e,normal,0
1762980737.6036017,0x43,8,000100002e7aa29e,normal,0
1762980737.6036057,0x58,8,0e6400002e7aa29e,normal,0
1762980737.603609,0x6d,8,000000002e7aa29e,normal,0
1762980737.6036134,0x1c9,8,000000002e7aa29e,normal,0
1762980737.6406145,0x1a,8,00000000a92dd0b4,normal,0
1762980737.6406376,0x2f,8,0bff0000a92dd0b4,normal,0
1762980737.6406496,0x43,8,00000000a92dd0b4,normal,0
1762980737.64066,0x58,8,0e640000a92dd0b4,normal,0
1762980737.6406703,0x6d,8,00000000a92dd0b4,normal,0
1762980737.6406808,0x1c9,8,00000000a92dd0b4,normal,0
1762980737.6784248,0x1a,8,00000000699285e3,normal,0
1762980737.6784503,0x2f,8,0bff0000699285e3,normal,0
1762980737.678463,0x43,8,00000000699285e3,normal,0
1762980737.6784742,0x58,8,0e640000699285e3,normal,0
1762980737.6784847,0x6d,8,00000000699285e3,normal,0
1762980737.678497,0x1c9,8,00000000699285e3,normal,0
1762980737.716921,0x1a,8,000000005f66b50b,normal,0
1762980737.7169352,0x2f,8,0bff00005f66b50b,normal,0
1762980737.7169394,0x43,8,000000005f66b50b,normal,0
1762980737.7169433,0x58,8,0e6400005f66b50b,normal,0
1762980737.7169468,0x6d,8,000000005f66b50b,normal,0
1762980737.7169514,0x1c9,8,000000005f66b50b,normal,0
1762980737.7664998,0x1a,8,00000000efdd0e21,normal,0
1762980737.7665157,0x2f,8,0bff0000efdd0e21,normal,0
1762980737.7665205,0x43,8,00010000efdd0e21,normal,0
1762980737.7665243,0x58,8,0e640000efdd0e21,normal,0
1762980737.7665281,0x6d,8,00000000efdd0e21,normal,0
1762980737.766533,0x1c9,8,00000000efdd0e21,normal,0
1762980737.792831,0x1a,8,00000000bf16bc7c,normal,0
1762980737.7928445,0x2f,8,0bff0000bf16bc7c,normal,0
1762980737.792849,0x43,8,00000000bf16bc7c,normal,0
1762980737.7928526,0x58,8,0e640000bf16bc7c,normal,0
1762980737.7928565,0x6d,8,00000000bf16bc7c,normal,0
1762980737.7928662,0x1c9,8,00000000bf16bc7c,normal,0
1762980737.8201745,0x1a,8,00000000b5ffe0a8,normal,0
1762980737.8201993,0x2f,8,0bff0000b5ffe0a8,normal,0
1762980737.820211,0x43,8,00000000b5ffe0a8,normal,0
1762980737.8202224,0x58,8,0e640000b5ffe0a8,normal,0
1762980737.820233,0x6d,8,00000000b5ffe0a8,normal,0
1762980737.820244,0x1c9,8,00000000b5ffe0a8,normal,0
1762980737.8693607,0x1a,8,000000001e4694e4,normal,0
1762980737.8694286,0x2f,8,0bff00001e4694e4,normal,0
1762980737.8694332,0x43,8,000000001e4694e4,normal,0
1762980737.8694372,0x58,8,0e6400001e4694e4,normal,0
1762980737.8694408,0x6d,8,000000001e4694e4,normal,0
1762980737.8694446,0x1c9,8,000000001e4694e4,normal,0
1762980737.9085493,0x1a,8,000000001eeea23d,normal,0
1762980737.9085743,0x2f,8,0bff00001eeea23d,normal,0
1762980737.9085894,0x43,8,000000001eeea23d,normal,0
1762980737.9086015,0x58,8,0e6400001eeea23d,normal,0
1762980737.9086132,0x6d,8,000000001eeea23d,normal,0
1762980737.9086256,0x1c9,8,000000001eeea23d,normal,0
1762980737.9382343,0x1a,8,000000008b7b8bc0,normal,0
1762980737.93825,0x2f,8,0bff00008b7b8bc0,normal,0
1762980737.9382548,0x43,8,000000008b7b8bc0,normal,0
1762980737.938259,0x58,8,0e6400008b7b8bc0,normal,0
1762980737.9382627,0x6d,8,000000008b7b8bc0,normal,0
1762980737.938267,0x1c9,8,000000008b7b8bc0,normal,0
1762980737.9759612,0x1a,8,00000000c02c1fec,normal,0
1762980737.9760065,0x2f,8,0bff0000c02c1fec,normal,0
1762980737.9760122,0x43,8,00000000c02c1fec,normal,0
1762980737.976016,0x58,8,0e640000c02c1fec,normal,0
1762980737.9760196,0x6d,8,00000000c02c1fec,normal,0
1762980737.976024,0x1c9,8,00000000c02c1fec,normal,0
1762980738.009566,0x1a,8,000000002f1e435e,normal,0
1762980738.00958,0x2f,8,0bff00002f1e435e,normal,0
1762980738.0095847,0x43,8,000000002f1e435e,normal,0
1762980738.0095885,0x58,8,0e6400002f1e435e,normal,0
1762980738.0095923,0x6d,8,000000002f1e435e,normal,0
1762980738.009597,0x1c9,8,000000002f1e435e,normal,0
1762980738.0469892,0x1a,8,0000000031acc5d4,normal,0
1762980738.047049,0x2f,8,0bff000031acc5d4,normal,0
1762980738.0470536,0x43,8,0000000031acc5d4,normal,0
1762980738.047057,0x58,8,0e64000031acc5d4,normal,0
1762980738.0470607,0x6d,8,0000000031acc5d4,normal,0
1762980738.0470648,0x1c9,8,0000000031acc5d4,normal,0
1762980738.078723,0x1a,8,00000000f2e81166,normal,0
1762980738.0787454,0x2f,8,0bff0000f2e81166,normal,0
1762980738.0787573,0x43,8,00000000f2e81166,normal,0
1762980738.0787675,0x58,8,0e640000f2e81166,normal,0
1762980738.0787778,0x6d,8,00000000f2e81166,normal,0
1762980738.0787885,0x1c9,8,00000000f2e81166,normal,0
1762980738.1061587,0x1a,8,000000000d59dfb9,normal,0
1762980738.1061723,0x2f,8,0bff00000d59dfb9,normal,0
1762980738.1061769,0x43,8,000000000d59dfb9,normal,0
1762980738.1061804,0x58,8,0e6400000d59dfb9,normal,0
1762980738.106184,0x6d,8,000000000d59dfb9,normal,0
1762980738.1061883,0x1c9,8,000000000d59dfb9,normal,0
1762980738.1335375,0x1a,8,00000000451b512c,normal,0
1762980738.1335607,0x2f,8,0bff0000451b512c,normal,0
1762980738.1335723,0x43,8,00020000451b512c,normal,0
1762980738.133583,0x58,8,0e640000451b512c,normal,0
1762980738.1335936,0x6d,8,00000000451b512c,normal,0
1762980738.1336043,0x1c9,8,00000000451b512c,normal,0
1762980738.159616,0x1a,8,00000000b849422d,normal,0
1762980738.1596396,0x2f,8,0bff0000b849422d,normal,0
1762980738.159652,0x43,8,00000000b849422d,normal,0
1762980738.159664,0x58,8,0e640000b849422d,normal,0
1762980738.1596751,0x6d,8,00000000b849422d,normal,0
1762980738.1596863,0x1c9,8,00000000b849422d,normal,0
1762980738.186194,0x1a,8,000000004fcd57b8,normal,0
1762980738.1862178,0x2f,8,0bff00004fcd57b8,normal,0
1762980738.1862297,0x43,8,000200004fcd57b8,normal,0
1762980738.1862411,0x58,8,0e6400004fcd57b8,normal,0
1762980738.1862519,0x6d,8,000000004fcd57b8,normal,0
1762980738.1862633,0x1c9,8,000000004fcd57b8,normal,0
1762980738.2124748,0x1a,8,00000000fb1ffb06,normal,0
1762980738.2124898,0x2f,8,0bff0000fb1ffb06,normal,0
1762980738.2124949,0x43,8,00000000fb1ffb06,normal,0
1762980738.2124991,0x58,8,0e640000fb1ffb06,normal,0
1762980738.2125027,0x6d,8,00000000fb1ffb06,normal,0
1762980738.212507,0x1c9,8,00000000fb1ffb06,normal,0
1762980738.238697,0x1a,8,00000000ca0c35a3,normal,0
1762980738.2387094,0x2f,8,0bff0000ca0c35a3,normal,0
1762980738.238714,0x43,8,00000000ca0c35a3,normal,0
1762980738.2387183,0x58,8,0e640000ca0c35a3,normal,0
1762980738.2387218,0x6d,8,00000000ca0c35a3,normal,0
1762980738.238726,0x1c9,8,00000000ca0c35a3,normal,0
1762980738.2687168,0x1a,8,00000000a1691e87,normal,0
1762980738.2687402,0x2f,8,0bff0000a1691e87,normal,0
1762980738.2687523,0x43,8,00000000a1691e87,normal,0
1762980738.2687635,0x58,8,0e640000a1691e87,normal,0
1762980738.268774,0x6d,8,00000000a1691e87,normal,0
1762980738.268785,0x1c9,8,00000000a1691e87,normal,0
1762980738.320756,0x1a,8,00000000a40886dd,normal,0
1762980738.3207715,0x2f,8,0bff0000a40886dd,normal,0
1762980738.320777,0x43,8,00000000a40886dd,normal,0
1762980738.3207817,0x58,8,0e640000a40886dd,normal,0
1762980738.3207858,0x6d,8,00000000a40886dd,normal,0
1762980738.320791,0x1c9,8,00000000a40886dd,normal,0
1762980738.3717976,0x1a,8,0000000030043cf1,normal,0
1762980738.3718195,0x2f,8,0bff000030043cf1,normal,0
1762980738.3718312,0x43,8,0001000030043cf1,normal,0
1762980738.3718421,0x58,8,0e64000030043cf1,normal,0
1762980738.3718529,0x6d,8,0000000030043cf1,normal,0
1762980738.3718688,0x1c9,8,0000000030043cf1,normal,0
1762980738.4235318,0x1a,8,00000000c55fc666,normal,0
1762980738.4235554,0x2f,8,0bff0000c55fc666,normal,0
1762980738.423568,0x43,8,00000000c55fc666,normal,0
1762980738.4235797,0x58,8,0e640000c55fc666,normal,0
1762980738.4235907,0x6d,8,00000000c55fc666,normal,0
1762980738.4236016,0x1c9,8,00000000c55fc666,normal,0
1762980738.4494762,0x1a,8,0000000020efb6e6,normal,0
1762980738.4494908,0x2f,8,0bff000020efb6e6,normal,0
1762980738.4494953,0x43,8,0000000020efb6e6,normal,0
1762980738.4494998,0x58,8,0e64000020efb6e6,normal,0
1762980738.4495034,0x6d,8,0000000020efb6e6,normal,0
1762980738.449508,0x1c9,8,0000000020efb6e6,normal,0
1762980738.499876,0x1a,8,00000000274168d7,normal,0
1762980738.4998891,0x2f,8,0bff0000274168d7,normal,0
1762980738.4998941,0x43,8,00000000274168d7,normal,0
1762980738.4998977,0x58,8,0e640000274168d7,normal,0
1762980738.4999015,0x6d,8,00000000274168d7,normal,0
1762980738.4999058,0x1c9,8,00000000274168d7,normal,0
1762980738.528633,0x1a,8,00000000db398659,normal,0
1762980738.5286472,0x2f,8,0bff0000db398659,normal,0
1762980738.5286522,0x43,8,00010000db398659,normal,0
1762980738.528656,0x58,8,0e640000db398659,normal,0
1762980738.52866,0x6d,8,00000000db398659,normal,0
1762980738.528664,0x1c9,8,00000000db398659,normal,0
1762980738.5570428,0x1a,8,0000000085f90ddc,normal,0
1762980738.557056,0x2f,8,0bff000085f90ddc,normal,0
1762980738.5570607,0x43,8,0000000085f90ddc,normal,0
1762980738.5570645,0x58,8,0e64000085f90ddc,normal,0
1762980738.557068,0x6d,8,0000000085f90ddc,normal,0
1762980738.557073,0x1c9,8,0000000085f90ddc,normal,0
1762980738.5878263,0x1a,8,00000000387070b7,normal,0
1762980738.5878484,0x2f,8,0bff0000387070b7,normal,0
1762980738.587864,0x43,8,00000000387070b7,normal,0
1762980738.5878766,0x58,8,0e640000387070b7,normal,0
1762980738.5879505,0x6d,8,00000000387070b7,normal,0
1762980738.5879664,0x1c9,8,00000000387070b7,normal,0
1762980738.616475,0x1a,8,0000000044d34587,normal,0
1762980738.6164985,0x2f,8,0bff000044d34587,normal,0
1762980738.6165104,0x43,8,0000000044d34587,normal,0
1762980738.6165214,0x58,8,0e64000044d34587,normal,0
1762980738.6165318,0x6d,8,0000000044d34587,normal,0
1762980738.6165426,0x1c9,8,0000000044d34587,normal,0
1762980738.6431751,0x1a,8,000000003595e26c,normal,0
1762980738.6431947,0x2f,8,0bff00003595e26c,normal,0
1762980738.6432056,0x43,8,000000003595e26c,normal,0
1762980738.6432164,0x58,8,0e6400003595e26c,normal,0
1762980738.6432266,0x6d,8,000000003595e26c,normal,0
1762980738.6432374,0x1c9,8,000000003595e26c,normal,0
1762980738.6683416,0x1a,8,000000003e33ac97,normal,0
1762980738.6683538,0x2f,8,0bff00003e33ac97,normal,0
1762980738.6683586,0x43,8,000000003e33ac97,normal,0
1762980738.6683624,0x58,8,0e6400003e33ac97,normal,0
1762980738.6683662,0x6d,8,000000003e33ac97,normal,0
1762980738.6683707,0x1c9,8,000000003e33ac97,normal,0
1762980738.6935332,0x1a,8,00000000241cedc4,normal,0
1762980738.6935449,0x2f,8,0bff0000241cedc4,normal,0
1762980738.6935496,0x43,8,00000000241cedc4,normal,0
1762980738.693554,0x58,8,0e640000241cedc4,normal,0
1762980738.6935575,0x6d,8,00000000241cedc4,normal,0
1762980738.6935618,0x1c9,8,00000000241cedc4,normal,0
1762980738.7191997,0x1a,8,0000000094187c3a,normal,0
1762980738.7192137,0x2f,8,0bff000094187c3a,normal,0
1762980738.719219,0x43,8,0000000094187c3a,normal,0
1762980738.719223,0x58,8,0e64000094187c3a,normal,0
1762980738.719227,0x6d,8,0000000094187c3a,normal,0
1762980738.719232,0x1c9,8,0000000094187c3a,normal,0
1762980738.7445543,0x1a,8,00000000b1ae919c,normal,0
1762980738.7445672,0x2f,8,0bff0000b1ae919c,normal,0
1762980738.744572,0x43,8,00010000b1ae919c,normal,0
1762980738.7445755,0x58,8,0e640000b1ae919c,normal,0
1762980738.7445788,0x6d,8,00000000b1ae919c,normal,0
1762980738.7445834,0x1c9,8,00000000b1ae919c,normal,0
1762980738.772463,0x1a,8,00000000b30226ad,normal,0
1762980738.7724757,0x2f,8,0bff0000b30226ad,normal,0
1762980738.7724805,0x43,8,00000000b30226ad,normal,0
1762980738.772485,0x58,8,0e640000b30226ad,normal,0
1762980738.7724886,0x6d,8,00000000b30226ad,normal,0
1762980738.7724931,0x1c9,8,00000000b30226ad,normal,0
1762980738.7980614,0x1a,8,000000006cec0aca,normal,0
1762980738.798075,0x2f,8,0bff00006cec0aca,normal,0
1762980738.7980795,0x43,8,000100006cec0aca,normal,0
1762980738.7980833,0x58,8,0e6400006cec0aca,normal,0
1762980738.7980871,0x6d,8,000000006cec0aca,normal,0
1762980738.7980917,0x1c9,8,000000006cec0aca,normal,0
1762980738.8550797,0x1a,8,00000000dba0072d,normal,0
1762980738.8550994,0x2f,8,0bff0000dba0072d,normal,0
1762980738.8551059,0x43,8,00010000dba0072d,normal,0
1762980738.8551106,0x58,8,0e640000dba0072d,normal,0
1762980738.8551154,0x6d,8,00000000dba0072d,normal,0
1762980738.8551219,0x1c9,8,00000000dba0072d,normal,0
1762980738.8857582,0x1a,8,000000003ee46867,normal,0
1762980738.8857703,0x2f,8,0bff00003ee46867,normal,0
1762980738.885775,0x43,8,000000003ee46867,normal,0
1762980738.8857787,0x58,8,0e6400003ee46867,normal,0
1762980738.8857818,0x6d,8,000000003ee46867,normal,0
1762980738.8857863,0x1c9,8,000000003ee46867,normal,0
1762980738.9291155,0x1a,8,00000000b6a43565,normal,0
1762980738.9291375,0x2f,8,0bff0000b6a43565,normal,0
1762980738.929149,0x43,8,00000000b6a43565,normal,0
1762980738.9291594,0x58,8,0e640000b6a43565,normal,0
1762980738.9291694,0x6d,8,00000000b6a43565,normal,0
1762980738.92918,0x1c9,8,00000000b6a43565,normal,0
1762980738.9647193,0x1a,8,00000000675759bf,normal,0
1762980738.964741,0x2f,8,0bff0000675759bf,normal,0
1762980738.9647455,0x43,8,00010000675759bf,normal,0
1762980738.9647486,0x58,8,0e640000675759bf,normal,0
1762980738.9647522,0x6d,8,00000000675759bf,normal,0
1762980738.9647563,0x1c9,8,00000000675759bf,normal,0
1762980739.0067961,0x1a,8,0000000045a88ce2,normal,0
1762980739.00682,0x2f,8,0bff000045a88ce2,normal,0
1762980739.006833,0x43,8,0000000045a88ce2,normal,0
1762980739.0068448,0x58,8,0e64000045a88ce2,normal,0
1762980739.006856,0x6d,8,0000000045a88ce2,normal,0
1762980739.0068734,0x1c9,8,0000000045a88ce2,normal,0
1762980739.0571158,0x1a,8,0000000092d739d1,normal,0
1762980739.0571282,0x2f,8,0bff000092d739d1,normal,0
1762980739.0571327,0x43,8,0001000092d739d1,normal,0
1762980739.0571363,0x58,8,0e64000092d739d1,normal,0
1762980739.0571399,0x6d,8,0000000092d739d1,normal,0
1762980739.0571442,0x1c9,8,0000000092d739d1,normal,0
1762980739.0833764,0x1a,8,000000002bd4d2c5,normal,0
1762980739.0833993,0x2f,8,0bff00002bd4d2c5,normal,0
1762980739.0834122,0x43,8,000000002bd4d2c5,normal,0
1762980739.0834239,0x58,8,0e6400002bd4d2c5,normal,0
1762980739.0834348,0x6d,8,000000002bd4d2c5,normal,0
1762980739.0834463,0x1c9,8,000000002bd4d2c5,normal,0
1762980739.1090786,0x1a,8,000000002a69db30,normal,0
1762980739.1091022,0x2f,8,0bff00002a69db30,normal,0
1762980739.1091142,0x43,8,000000002a69db30,normal,0
1762980739.1091251,0x58,8,0e6400002a69db30,normal,0
1762980739.1091356,0x6d,8,000000002a69db30,normal,0
1762980739.109146,0x1c9,8,000000002a69db30,normal,0
1762980739.1342506,0x1a,8,0000000058e84bb5,normal,0
1762980739.1342652,0x2f,8,0bff000058e84bb5,normal,0
1762980739.13427,0x43,8,0000000058e84bb5,normal,0
1762980739.1342738,0x58,8,0e64000058e84bb5,normal,0
1762980739.1342773,0x6d,8,0000000058e84bb5,normal,0
1762980739.1342819,0x1c9,8,0000000058e84bb5,normal,0
1762980739.1864524,0x1a,8,000000005dfb67a3,normal,0
1762980739.186469,0x2f,8,0bff00005dfb67a3,normal,0
1762980739.1864743,0x43,8,000100005dfb67a3,normal,0
1762980739.1864786,0x58,8,0e6400005dfb67a3,normal,0
1762980739.1864824,0x6d,8,000000005dfb67a3,normal,0
1762980739.186487,0x1c9,8,000000005dfb67a3,normal,0
1762980739.2147737,0x1a,8,00000000a484cef5,normal,0
1762980739.2147884,0x2f,8,0bff0000a484cef5,normal,0
1762980739.2147934,0x43,8,00000000a484cef5,normal,0
1762980739.2147975,0x58,8,0e640000a484cef5,normal,0
1762980739.2148013,0x6d,8,00000000a484cef5,normal,0
1762980739.2148056,0x1c9,8,00000000a484cef5,normal,0
1762980739.2410884,0x1a,8,00000000297a7199,normal,0
1762980739.241103,0x2f,8,0bff0000297a7199,normal,0
1762980739.2411075,0x43,8,00010000297a7199,normal,0
1762980739.2411122,0x58,8,0e640000297a7199,normal,0
1762980739.241116,0x6d,8,00000000297a7199,normal,0
1762980739.2411206,0x1c9,8,00000000297a7199,normal,0
1762980739.2712872,0x1a,8,000000004333fd7f,normal,0
1762980739.2713094,0x2f,8,0bff00004333fd7f,normal,0
1762980739.271322,0x43,8,000000004333fd7f,normal,0
1762980739.2713337,0x58,8,0e6400004333fd7f,normal,0
1762980739.271345,0x6d,8,000000004333fd7f,normal,0
1762980739.271356,0x1c9,8,000000004333fd7f,normal,0
1762980739.2989373,0x1a,8,0000000063515939,normal,0
1762980739.2989624,0x2f,8,0bff000063515939,normal,0
1762980739.2989683,0x43,8,0001000063515939,normal,0
1762980739.2989733,0x58,8,0e64000063515939,normal,0
1762980739.2989779,0x6d,8,0000000063515939,normal,0
1762980739.2989838,0x1c9,8,0000000063515939,normal,0
1762980739.3260868,0x1a,8,00000000b20c9307,normal,0
1762980739.3261013,0x2f,8,0bff0000b20c9307,normal,0
1762980739.3261058,0x43,8,00000000b20c9307,normal,0
1762980739.3261096,0x58,8,0e640000b20c9307,normal,0
1762980739.3261135,0x6d,8,00000000b20c9307,normal,0
1762980739.3261175,0x1c9,8,00000000b20c9307,normal,0
1762980739.3515837,0x1a,8,00000000c375ba80,normal,0
1762980739.3515956,0x2f,8,0bff0000c375ba80,normal,0
1762980739.3516002,0x43,8,00000000c375ba80,normal,0
1762980739.351604,0x58,8,0e640000c375ba80,normal,0
1762980739.3516073,0x6d,8,00000000c375ba80,normal,0
1762980739.351612,0x1c9,8,00000000c375ba80,normal,0
1762980739.376604,0x1a,8,0000000082186052,normal,0
1762980739.3766184,0x2f,8,0bff000082186052,normal,0
1762980739.3766232,0x43,8,0000000082186052,normal,0
1762980739.3766272,0x58,8,0e64000082186052,normal,0
1762980739.3766308,0x6d,8,0000000082186052,normal,0
1762980739.3766353,0x1c9,8,0000000082186052,normal,0
1762980739.4011972,0x1a,8,00000000f8fc42bf,normal,0
1762980739.401209,0x2f,8,0bff0000f8fc42bf,normal,0
1762980739.4012141,0x43,8,00010000f8fc42bf,normal,0
1762980739.4012184,0x58,8,0e640000f8fc42bf,normal,0
1762980739.4012218,0x6d,8,00000000f8fc42bf,normal,0
1762980739.4012258,0x1c9,8,00000000f8fc42bf,normal,0
1762980739.4298756,0x1a,8,000000002efc06fb,normal,0
1762980739.4298885,0x2f,8,0bff00002efc06fb,normal,0
1762980739.429893,0x43,8,000000002efc06fb,normal,0
1762980739.429897,0x58,8,0e6400002efc06fb,normal,0
1762980739.4299004,0x6d,8,000000002efc06fb,normal,0
1762980739.4299045,0x1c9,8,000000002efc06fb,normal,0
1762980739.454729,0x1a,8,00000000d7ae1837,normal,0
1762980739.4547415,0x2f,8,0bff0000d7ae1837,normal,0
1762980739.4547458,0x43,8,00000000d7ae1837,normal,0
1762980739.4547496,0x58,8,0e640000d7ae1837,normal,0
1762980739.4547532,0x6d,8,00000000d7ae1837,normal,0
1762980739.454757,0x1c9,8,00000000d7ae1837,normal,0
1762980739.5038204,0x1a,8,00000000ab6cf41b,normal,0
1762980739.5038555,0x2f,8,0bff0000ab6cf41b,normal,0
1762980739.5038598,0x43,8,00000000ab6cf41b,normal,0
1762980739.5038688,0x58,8,0e640000ab6cf41b,normal,0
1762980739.5038724,0x6d,8,00000000ab6cf41b,normal,0
1762980739.5038767,0x1c9,8,00000000ab6cf41b,normal,0
1762980739.5292802,0x1a,8,000000005bcecab8,normal,0
1762980739.5292952,0x2f,8,0bff00005bcecab8,normal,0
1762980739.529301,0x43,8,000000005bcecab8,normal,0
1762980739.5293086,0x58,8,0e6400005bcecab8,normal,0
1762980739.5293138,0x6d,8,000000005bcecab8,normal,0
1762980739.5293205,0x1c9,8,000000005bcecab8,normal,0
1762980739.5547564,0x1a,8,0000000059a65ceb,normal,0
1762980739.554769,0x2f,8,0bff000059a65ceb,normal,0
1762980739.5547738,0x43,8,0000000059a65ceb,normal,0
1762980739.5547776,0x58,8,0e64000059a65ceb,normal,0
1762980739.554781,0x6d,8,0000000059a65ceb,normal,0
1762980739.554785,0x1c9,8,0000000059a65ceb,normal,0
1762980739.6075573,0x1a,8,00000000e485cf2f,normal,0
1762980739.6075697,0x2f,8,0bff0000e485cf2f,normal,0
1762980739.6075745,0x43,8,00000000e485cf2f,normal,0
1762980739.607578,0x58,8,0e640000e485cf2f,normal,0
1762980739.6075819,0x6d,8,00000000e485cf2f,normal,0
1762980739.6075864,0x1c9,8,00000000e485cf2f,normal,0
1762980739.6368747,0x1a,8,0000000016a514ba,normal,0
1762980739.636897,0x2f,8,0bff000016a514ba,normal,0
1762980739.6369095,0x43,8,0000000016a514ba,normal,0
1762980739.6369207,0x58,8,0e64000016a514ba,normal,0
1762980739.6369312,0x6d,8,0000000016a514ba,normal,0
1762980739.636942,0x1c9,8,0000000016a514ba,normal,0
1762980739.6858873,0x1a,8,00000000cb9ef21e,normal,0
1762980739.6859024,0x2f,8,0bff0000cb9ef21e,normal,0
1762980739.6859071,0x43,8,00000000cb9ef21e,normal,0
1762980739.6859112,0x58,8,0e640000cb9ef21e,normal,0
1762980739.6859152,0x6d,8,00000000cb9ef21e,normal,0
1762980739.68592,0x1c9,8,00000000cb9ef21e,normal,0
1762980739.713049,0x1a,8,000000008ddbab17,normal,0
1762980739.7130742,0x2f,8,0bff00008ddbab17,normal,0
1762980739.7130792,0x43,8,000000008ddbab17,normal,0
1762980739.7130833,0x58,8,0e6400008ddbab17,normal,0
1762980739.7130885,0x6d,8,000000008ddbab17,normal,0
1762980739.7130933,0x1c9,8,000000008ddbab17,normal,0
1762980739.7395895,0x1a,8,0000000072866930,normal,0
1762980739.7396135,0x2f,8,0bff000072866930,normal,0
1762980739.7396262,0x43,8,0000000072866930,normal,0
1762980739.7396376,0x58,8,0e64000072866930,normal,0
1762980739.7396483,0x6d,8,0000000072866930,normal,0
1762980739.7396598,0x1c9,8,0000000072866930,normal,0
1762980739.7658792,0x1a,8,00000000fb08771f,normal,0
1762980739.7658944,0x2f,8,0bff0000fb08771f,normal,0
1762980739.7658997,0x43,8,00000000fb08771f,normal,0
1762980739.7659044,0x58,8,0e640000fb08771f,normal,0
1762980739.765909,0x6d,8,00000000fb08771f,normal,0
1762980739.7659142,0x1c9,8,00000000fb08771f,normal,0
1762980739.7916431,0x1a,8,00000000d9c5bc5f,normal,0
1762980739.7916584,0x2f,8,0bff0000d9c5bc5f,normal,0
1762980739.7916644,0x43,8,00000000d9c5bc5f,normal,0
1762980739.791669,0x58,8,0e640000d9c5bc5f,normal,0
1762980739.791673,0x6d,8,00000000d9c5bc5f,normal,0
1762980739.791678,0x1c9,8,00000000d9c5bc5f,normal,0
1762980739.8180451,0x1a,8,00000000a4dc73e9,normal,0
1762980739.8180583,0x2f,8,0bff0000a4dc73e9,normal,0
1762980739.8180633,0x43,8,00000000a4dc73e9,normal,0
1762980739.8180668,0x58,8,0e640000a4dc73e9,normal,0
1762980739.8180702,0x6d,8,00000000a4dc73e9,normal,0
1762980739.8180745,0x1c9,8,00000000a4dc73e9,normal,0
1762980739.8522086,0x1a,8,00000000c2c54b0a,normal,0
1762980739.8522327,0x2f,8,0bff0000c2c54b0a,normal,0
1762980739.852245,0x43,8,00000000c2c54b0a,normal,0
1762980739.8522568,0x58,8,0e640000c2c54b0a,normal,0
1762980739.8522682,0x6d,8,00000000c2c54b0a,normal,0
1762980739.8522794,0x1c9,8,00000000c2c54b0a,normal,0
1762980739.8811817,0x1a,8,000000008d0e557d,normal,0
1762980739.8811948,0x2f,8,0bff00008d0e557d,normal,0
1762980739.8811998,0x43,8,000100008d0e557d,normal,0
1762980739.8812037,0x58,8,0e6400008d0e557d,normal,0
1762980739.8812072,0x6d,8,000000008d0e557d,normal,0
1762980739.881212,0x1c9,8,000000008d0e557d,normal,0
1762980739.9206207,0x1a,8,00000000dbb9dad4,normal,0
1762980739.9206343,0x2f,8,0bff0000dbb9dad4,normal,0
1762980739.9206388,0x43,8,00000000dbb9dad4,normal,0
1762980739.9206421,0x58,8,0e640000dbb9dad4,normal,0
1762980739.9206455,0x6d,8,00000000dbb9dad4,normal,0
1762980739.9206498,0x1c9,8,00000000dbb9dad4,normal,0
1762980739.9592705,0x1a,8,00000000de488b7c,normal,0
1762980739.9592862,0x2f,8,0bff0000de488b7c,normal,0
1762980739.9592922,0x43,8,00000000de488b7c,normal,0
1762980739.9592974,0x58,8,0e640000de488b7c,normal,0
1762980739.9593024,0x6d,8,00000000de488b7c,normal,0
1762980739.9593089,0x1c9,8,00000000de488b7c,normal,0
1762980739.9956517,0x1a,8,000000002e60bcf5,normal,0
1762980739.9956644,0x2f,8,0bff00002e60bcf5,normal,0
1762980739.995669,0x43,8,000000002e60bcf5,normal,0
1762980739.9956727,0x58,8,0e6400002e60bcf5,normal,0
1762980739.9956765,0x6d,8,000000002e60bcf5,normal,0
1762980739.9956815,0x1c9,8,000000002e60bcf5,normal,0
1762980740.0259511,0x1a,8,0000000023f92954,normal,0
1762980740.0259824,0x2f,8,0bff000023f92954,normal,0
1762980740.0259886,0x43,8,0000000023f92954,normal,0
1762980740.0259933,0x58,8,0e64000023f92954,normal,0
1762980740.0259976,0x6d,8,0000000023f92954,normal,0
1762980740.026003,0x1c9,8,0000000023f92954,normal,0
1762980740.0549276,0x1a,8,00000000bbcadfec,normal,0
1762980740.0549405,0x2f,8,0bff0000bbcadfec,normal,0
1762980740.0549452,0x43,8,00000000bbcadfec,normal,0
1762980740.0549493,0x58,8,0e640000bbcadfec,normal,0
1762980740.0549526,0x6d,8,00000000bbcadfec,normal,0
1762980740.0549567,0x1c9,8,00000000bbcadfec,normal,0
1762980740.0803237,0x1a,8,00000000d3cf463f,normal,0
1762980740.0803363,0x2f,8,0bff0000d3cf463f,normal,0
1762980740.080341,0x43,8,00010000d3cf463f,normal,0
1762980740.0803456,0x58,8,0e640000d3cf463f,normal,0
1762980740.0803494,0x6d,8,00000000d3cf463f,normal,0
1762980740.0803542,0x1c9,8,00000000d3cf463f,normal,0
1762980740.1287568,0x1a,8,000000005804efec,normal,0
1762980740.128769,0x2f,8,0bff00005804efec,normal,0
1762980740.1287735,0x43,8,000100005804efec,normal,0
1762980740.1287766,0x58,8,0e6400005804efec,normal,0
1762980740.12878,0x6d,8,000000005804efec,normal,0
1762980740.1287842,0x1c9,8,000000005804efec,normal,0
1762980740.155242,0x1a,8,0000000083c32255,normal,0
1762980740.1552563,0x2f,8,0bff000083c32255,normal,0
1762980740.1552627,0x43,8,0000000083c32255,normal,0
1762980740.1552677,0x58,8,0e64000083c32255,normal,0
1762980740.1552722,0x6d,8,0000000083c32255,normal,0
1762980740.155278,0x1c9,8,0000000083c32255,normal,0
1762980740.1890259,0x1a,8,00000000b2d0af75,normal,0
1762980740.189041,0x2f,8,0bff0000b2d0af75,normal,0
1762980740.189047,0x43,8,00000000b2d0af75,normal,0
1762980740.1890519,0x58,8,0e640000b2d0af75,normal,0
1762980740.1890562,0x6d,8,00000000b2d0af75,normal,0
1762980740.1890614,0x1c9,8,00000000b2d0af75,normal,0
1762980740.2581315,0x1a,8,0000000066318e1a,normal,0
1762980740.258144,0x2f,8,0bff000066318e1a,normal,0
1762980740.2581487,0x43,8,0001000066318e1a,normal,0
1762980740.2581527,0x58,8,0e64000066318e1a,normal,0
1762980740.2581565,0x6d,8,0000000066318e1a,normal,0
1762980740.2581608,0x1c9,8,0000000066318e1a,normal,0
1762980740.3003268,0x1a,8,00000000213e906e,normal,0
1762980740.3003397,0x2f,8,0bff0000213e906e,normal,0
1762980740.300345,0x43,8,00000000213e906e,normal,0
1762980740.300349,0x58,8,0e640000213e906e,normal,0
1762980740.3003528,0x6d,8,00000000213e906e,normal,0
1762980740.3003578,0x1c9,8,00000000213e906e,normal,0
1762980740.3385694,0x1a,8,00000000cef41dd0,normal,0
1762980740.3385978,0x2f,8,0bff0000cef41dd0,normal,0
1762980740.33861,0x43,8,00000000cef41dd0,normal,0
1762980740.338622,0x58,8,0e640000cef41dd0,normal,0
1762980740.3386338,0x6d,8,00000000cef41dd0,normal,0
1762980740.338645,0x1c9,8,00000000cef41dd0,normal,0
1762980740.365636,0x1a,8,000000007183bf0b,normal,0
1762980740.3656487,0x2f,8,0bff00007183bf0b,normal,0
1762980740.3656535,0x43,8,000100007183bf0b,normal,0
1762980740.3656576,0x58,8,0e6400007183bf0b,normal,0
1762980740.3656611,0x6d,8,000000007183bf0b,normal,0
1762980740.3656654,0x1c9,8,000000007183bf0b,normal,0
1762980740.3910193,0x1a,8,00000000667f17b0,normal,0
1762980740.3910332,0x2f,8,0bff0000667f17b0,normal,0
1762980740.3910382,0x43,8,00000000667f17b0,normal,0
1762980740.3910422,0x58,8,0e640000667f17b0,normal,0
1762980740.3910463,0x6d,8,00000000667f17b0,normal,0
1762980740.3910513,0x1c9,8,00000000667f17b0,normal,0
1762980740.4221861,0x1a,8,0000000042ded290,normal,0
1762980740.4221997,0x2f,8,0bff000042ded290,normal,0
1762980740.4222052,0x43,8,0000000042ded290,normal,0
1762980740.4222095,0x58,8,0e64000042ded290,normal,0
1762980740.4222133,0x6d,8,0000000042ded290,normal,0
1762980740.4222178,0x1c9,8,0000000042ded290,normal,0
1762980740.4522538,0x1a,8,000000000aa0156a,normal,0
1762980740.4522665,0x2f,8,0bff00000aa0156a,normal,0
1762980740.4522712,0x43,8,000000000aa0156a,normal,0
1762980740.4522748,0x58,8,0e6400000aa0156a,normal,0
1762980740.4522784,0x6d,8,000000000aa0156a,normal,0
1762980740.452283,0x1c9,8,000000000aa0156a,normal,0
1762980740.487682,0x1a,8,00000000e79f5e55,normal,0
1762980740.4877064,0x2f,8,0bff0000e79f5e55,normal,0
1762980740.4877195,0x43,8,00010000e79f5e55,normal,0
1762980740.487731,0x58,8,0e640000e79f5e55,normal,0
1762980740.4877417,0x6d,8,00000000e79f5e55,normal,0
1762980740.4877524,0x1c9,8,00000000e79f5e55,normal,0
1762980740.520161,0x1a,8,0000000056ecc896,normal,0
1762980740.5201735,0x2f,8,0bff000056ecc896,normal,0
1762980740.5201783,0x43,8,0000000056ecc896,normal,0
1762980740.5201821,0x58,8,0e64000056ecc896,normal,0
1762980740.5201857,0x6d,8,0000000056ecc896,normal,0
1762980740.5201898,0x1c9,8,0000000056ecc896,normal,0
1762980740.581914,0x1a,8,000000009c43f31a,normal,0
1762980740.5819268,0x2f,8,0bff00009c43f31a,normal,0
1762980740.5819314,0x43,8,000000009c43f31a,normal,0
1762980740.5819354,0x58,8,0e6400009c43f31a,normal,0
1762980740.5819387,0x6d,8,000000009c43f31a,normal,0
1762980740.581943,0x1c9,8,000000009c43f31a,normal,0
1762980740.6193197,0x1a,8,00000000346a15f5,normal,0
1762980740.6193578,0x2f,8,0bff0000346a15f5,normal,0
1762980740.6193635,0x43,8,00010000346a15f5,normal,0
1762980740.6193676,0x58,8,0e640000346a15f5,normal,0
1762980740.6193714,0x6d,8,00000000346a15f5,normal,0
1762980740.6193762,0x1c9,8,00000000346a15f5,normal,0
1762980740.644749,0x1a,8,0000000051fcfb0f,normal,0
1762980740.644764,0x2f,8,0bff000051fcfb0f,normal,0
1762980740.6447687,0x43,8,0000000051fcfb0f,normal,0
1762980740.6447728,0x58,8,0e64000051fcfb0f,normal,0
1762980740.6447763,0x6d,8,0000000051fcfb0f,normal,0
1762980740.6447804,0x1c9,8,0000000051fcfb0f,normal,0
1762980740.6758153,0x1a,8,000000007590e4ed,normal,0
1762980740.6758308,0x2f,8,0bff00007590e4ed,normal,0
1762980740.6758375,0x43,8,000100007590e4ed,normal,0
1762980740.675841,0x58,8,0e6400007590e4ed,normal,0
1762980740.6758444,0x6d,8,000000007590e4ed,normal,0
1762980740.6758487,0x1c9,8,000000007590e4ed,normal,0
1762980740.7032661,0x1a,8,00000000149b66ad,normal,0
1762980740.7032893,0x2f,8,0bff0000149b66ad,normal,0
1762980740.7032943,0x43,8,00000000149b66ad,normal,0
1762980740.7032979,0x58,8,0e640000149b66ad,normal,0
1762980740.7033012,0x6d,8,00000000149b66ad,normal,0
1762980740.7033052,0x1c9,8,00000000149b66ad,normal,0
1762980740.728483,0x1a,8,00000000cea4d6ce,normal,0
1762980740.7284954,0x2f,8,0bff0000cea4d6ce,normal,0
1762980740.7285,0x43,8,00010000cea4d6ce,normal,0
1762980740.728504,0x58,8,0e640000cea4d6ce,normal,0
1762980740.7285075,0x6d,8,00000000cea4d6ce,normal,0
1762980740.728512,0x1c9,8,00000000cea4d6ce,normal,0
1762980740.7537389,0x1a,8,00000000cb093494,normal,0
1762980740.7537508,0x2f,8,0bff0000cb093494,normal,0
1762980740.7537553,0x43,8,00000000cb093494,normal,0
1762980740.7537591,0x58,8,0e640000cb093494,normal,0
1762980740.7537627,0x6d,8,00000000cb093494,normal,0
1762980740.753767,0x1c9,8,00000000cb093494,normal,0
1762980740.780312,0x1a,8,000000006ad9c108,normal,0
1762980740.7803252,0x2f,8,0bff00006ad9c108,normal,0
1762980740.7803304,0x43,8,000100006ad9c108,normal,0
1762980740.7803338,0x58,8,0e6400006ad9c108,normal,0
1762980740.7803376,0x6d,8,000000006ad9c108,normal,0
1762980740.780342,0x1c9,8,000000006ad9c108,normal,0
1762980740.8067405,0x1a,8,00000000910d87c6,normal,0
1762980740.8067534,0x2f,8,0bff0000910d87c6,normal,0
1762980740.8067586,0x43,8,00000000910d87c6,normal,0
1762980740.806763,0x58,8,0e640000910d87c6,normal,0
1762980740.806767,0x6d,8,00000000910d87c6,normal,0
1762980740.8067715,0x1c9,8,00000000910d87c6,normal,0
1762980740.8314073,0x1a,8,00000000033837c3,normal,0
1762980740.8314223,0x2f,8,0bff0000033837c3,normal,0
1762980740.8314285,0x43,8,00010000033837c3,normal,0
1762980740.8314335,0x58,8,0e640000033837c3,normal,0
1762980740.831438,0x6d,8,00000000033837c3,normal,0
1762980740.8314443,0x1c9,8,00000000033837c3,normal,0
1762980740.865074,0x1a,8,00000000b66424a4,normal,0
1762980740.865088,0x2f,8,0bff0000b66424a4,normal,0
1762980740.865093,0x43,8,00010000b66424a4,normal,0
1762980740.865097,0x58,8,0e640000b66424a4,normal,0
1762980740.8651006,0x6d,8,00000000b66424a4,normal,0
1762980740.865105,0x1c9,8,00000000b66424a4,normal,0
1762980740.8957994,0x1a,8,00000000fe1702d8,normal,0
1762980740.895812,0x2f,8,0bff0000fe1702d8,normal,0
1762980740.8958166,0x43,8,00000000fe1702d8,normal,0
1762980740.8958201,0x58,8,0e640000fe1702d8,normal,0
1762980740.8958232,0x6d,8,00000000fe1702d8,normal,0
1762980740.8958273,0x1c9,8,00000000fe1702d8,normal,0
1762980740.9307532,0x1a,8,00000000e36c5ede,normal,0
1762980740.9307673,0x2f,8,0bff0000e36c5ede,normal,0
1762980740.9307718,0x43,8,00000000e36c5ede,normal,0
1762980740.9307756,0x58,8,0e640000e36c5ede,normal,0
1762980740.9307797,0x6d,8,00000000e36c5ede,normal,0
1762980740.930784,0x1c9,8,00000000e36c5ede,normal,0
1762980740.9656622,0x1a,8,00000000006f3c3e,normal,0
1762980740.965674,0x2f,8,0bff0000006f3c3e,normal,0
1762980740.9656785,0x43,8,00010000006f3c3e,normal,0
1762980740.9656823,0x58,8,0e640000006f3c3e,normal,0
1762980740.965686,0x6d,8,00000000006f3c3e,normal,0
1762980740.9656909,0x1c9,8,00000000006f3c3e,normal,0
1762980741.001628,0x1a,8,00000000d059c0b4,normal,0
1762980741.0016406,0x2f,8,0bff0000d059c0b4,normal,0
1762980741.0016453,0x43,8,00000000d059c0b4,normal,0
1762980741.0016494,0x58,8,0e640000d059c0b4,normal,0
1762980741.0016532,0x6d,8,00000000d059c0b4,normal,0
1762980741.0016582,0x1c9,8,00000000d059c0b4,normal,0
1762980741.0373414,0x1a,8,000000008cfa1786,normal,0
1762980741.0373569,0x2f,8,0bff00008cfa1786,normal,0
1762980741.0373638,0x43,8,000100008cfa1786,normal,0
1762980741.037369,0x58,8,0e6400008cfa1786,normal,0
1762980741.0373747,0x6d,8,000000008cfa1786,normal,0
1762980741.0373812,0x1c9,8,000000008cfa1786,normal,0
1762980741.0609202,0x1a,8,000000009b85a09b,normal,0
1762980741.0609326,0x2f,8,0bff00009b85a09b,normal,0
1762980741.0609374,0x43,8,000000009b85a09b,normal,0
1762980741.060942,0x58,8,0e6400009b85a09b,normal,0
1762980741.0609455,0x6d,8,000000009b85a09b,normal,0
1762980741.0609493,0x1c9,8,000000009b85a09b,normal,0
1762980741.086493,0x1a,8,0000000046ff178c,normal,0
1762980741.0865061,0x2f,8,0bff000046ff178c,normal,0
1762980741.0865104,0x43,8,0001000046ff178c,normal,0
1762980741.0865147,0x58,8,0e64000046ff178c,normal,0
1762980741.0865188,0x6d,8,0000000046ff178c,normal,0
1762980741.0865233,0x1c9,8,0000000046ff178c,normal,0
1762980741.1129625,0x1a,8,00000000b9f85fa7,normal,0
1762980741.1129792,0x2f,8,0bff0000b9f85fa7,normal,0
1762980741.1129847,0x43,8,00000000b9f85fa7,normal,0
1762980741.11299,0x58,8,0e640000b9f85fa7,normal,0
1762980741.1129947,0x6d,8,00000000b9f85fa7,normal,0
1762980741.1130006,0x1c9,8,00000000b9f85fa7,normal,0
1762980741.1394856,0x1a,8,000000004e9ff9d9,normal,0
1762980741.1395135,0x2f,8,0bff00004e9ff9d9,normal,0
1762980741.1395183,0x43,8,000000004e9ff9d9,normal,0
1762980741.1395216,0x58,8,0e6400004e9ff9d9,normal,0
1762980741.1395257,0x6d,8,000000004e9ff9d9,normal,0
1762980741.1395302,0x1c9,8,000000004e9ff9d9,normal,0
1762980741.1933026,0x1a,8,00000000a110a29a,normal,0
1762980741.1933274,0x2f,8,0bff0000a110a29a,normal,0
1762980741.1933396,0x43,8,00000000a110a29a,normal,0
1762980741.1933515,0x58,8,0e640000a110a29a,normal,0
1762980741.1933627,0x6d,8,00000000a110a29a,normal,0
1762980741.1933742,0x1c9,8,00000000a110a29a,normal,0
1762980741.218194,0x1a,8,0000000098e2d463,normal,0
1762980741.218237,0x2f,8,0bff000098e2d463,normal,0
1762980741.2182434,0x43,8,0000000098e2d463,normal,0
1762980741.2182493,0x58,8,0e64000098e2d463,normal,0
1762980741.2182548,0x6d,8,0000000098e2d463,normal,0
1762980741.2182605,0x1c9,8,0000000098e2d463,normal,0
1762980741.244417,0x1a,8,00000000a71b3b94,normal,0
1762980741.2444289,0x2f,8,0bff0000a71b3b94,normal,0
1762980741.2444334,0x43,8,00000000a71b3b94,normal,0
1762980741.2444375,0x58,8,0e640000a71b3b94,normal,0
1762980741.244441,0x6d,8,00000000a71b3b94,normal,0
1762980741.2444458,0x1c9,8,00000000a71b3b94,normal,0
1762980741.2700918,0x1a,8,0000000052168bf0,normal,0
1762980741.2701054,0x2f,8,0bff000052168bf0,normal,0
1762980741.2701106,0x43,8,0000000052168bf0,normal,0
1762980741.2701142,0x58,8,0e64000052168bf0,normal,0
1762980741.2701182,0x6d,8,0000000052168bf0,normal,0
1762980741.2701225,0x1c9,8,0000000052168bf0,normal,0
1762980741.299234,0x1a,8,000000001d95488c,normal,0
1762980741.299248,0x2f,8,0bff00001d95488c,normal,0
1762980741.2992525,0x43,8,000100001d95488c,normal,0
1762980741.2992563,0x58,8,0e6400001d95488c,normal,0
1762980741.29926,0x6d,8,000000001d95488c,normal,0
1762980741.2992642,0x1c9,8,000000001d95488c,normal,0
1762980741.3316805,0x1a,8,000000005a23e19d,normal,0
1762980741.3316941,0x2f,8,0bff00005a23e19d,normal,0
1762980741.331699,0x43,8,000000005a23e19d,normal,0
1762980741.3317027,0x58,8,0e6400005a23e19d,normal,0
1762980741.3317065,0x6d,8,000000005a23e19d,normal,0
1762980741.3317106,0x1c9,8,000000005a23e19d,normal,0
1762980741.3679292,0x1a,8,00000000f41817b7,normal,0
1762980741.3679435,0x2f,8,0bff0000f41817b7,normal,0
1762980741.3679478,0x43,8,00010000f41817b7,normal,0
1762980741.3679512,0x58,8,0e640000f41817b7,normal,0
1762980741.3679545,0x6d,8,00000000f41817b7,normal,0
1762980741.3679585,0x1c9,8,00000000f41817b7,normal,0
1762980741.4011943,0x1a,8,000000006a860a43,normal,0
1762980741.4012074,0x2f,8,0bff00006a860a43,normal,0
1762980741.4012117,0x43,8,000100006a860a43,normal,0
1762980741.4012156,0x58,8,0e6400006a860a43,normal,0
1762980741.4012194,0x6d,8,000000006a860a43,normal,0
1762980741.401224,0x1c9,8,000000006a860a43,normal,0
1762980741.4356236,0x1a,8,0000000012cf5543,normal,0
1762980741.4356356,0x2f,8,0bff000012cf5543,normal,0
1762980741.43564,0x43,8,0000000012cf5543,normal,0
1762980741.4356434,0x58,8,0e64000012cf5543,normal,0
1762980741.4356472,0x6d,8,0000000012cf5543,normal,0
1762980741.4356513,0x1c9,8,0000000012cf5543,normal,0
1762980741.4699302,0x1a,8,000000000b6873d1,normal,0
1762980741.4699504,0x2f,8,0bff00000b6873d1,normal,0
1762980741.4699569,0x43,8,000000000b6873d1,normal,0
1762980741.469962,0x58,8,0e6400000b6873d1,normal,0
1762980741.4699664,0x6d,8,000000000b6873d1,normal,0
1762980741.4700031,0x1c9,8,000000000b6873d1,normal,0
1762980741.5040472,0x1a,8,00000000bd56b70e,normal,0
1762980741.5040722,0x2f,8,0bff0000bd56b70e,normal,0
1762980741.504084,0x43,8,00000000bd56b70e,normal,0
1762980741.5040944,0x58,8,0e640000bd56b70e,normal,0
1762980741.5041046,0x6d,8,00000000bd56b70e,normal,0
1762980741.504115,0x1c9,8,00000000bd56b70e,normal,0
1762980741.5513873,0x1a,8,00000000a58dc91b,normal,0
1762980741.5514119,0x2f,8,0bff0000a58dc91b,normal,0
1762980741.5514164,0x43,8,00010000a58dc91b,normal,0
1762980741.55142,0x58,8,0e640000a58dc91b,normal,0
1762980741.5514233,0x6d,8,00000000a58dc91b,normal,0
1762980741.5514278,0x1c9,8,00000000a58dc91b,normal,0
1762980741.5786905,0x1a,8,0000000019cd8d81,normal,0
1762980741.5787036,0x2f,8,0bff000019cd8d81,normal,0
1762980741.5787082,0x43,8,0001000019cd8d81,normal,0
1762980741.578712,0x58,8,0e64000019cd8d81,normal,0
1762980741.5787153,0x6d,8,0000000019cd8d81,normal,0
1762980741.57872,0x1c9,8,0000000019cd8d81,normal,0
1762980741.628402,0x1a,8,00000000ebe9c6e7,normal,0
1762980741.6284268,0x2f,8,0bff0000ebe9c6e7,normal,0
1762980741.6284387,0x43,8,00000000ebe9c6e7,normal,0
1762980741.62845,0x58,8,0e640000ebe9c6e7,normal,0
1762980741.6284611,0x6d,8,00000000ebe9c6e7,normal,0
1762980741.6284726,0x1c9,8,00000000ebe9c6e7,normal,0
1762980741.655214,0x1a,8,00000000b6f39a6a,normal,0
1762980741.6552417,0x2f,8,0bff0000b6f39a6a,normal,0
1762980741.6552541,0x43,8,00000000b6f39a6a,normal,0
1762980741.6552663,0x58,8,0e640000b6f39a6a,normal,0
1762980741.6552777,0x6d,8,00000000b6f39a6a,normal,0
1762980741.655289,0x1c9,8,00000000b6f39a6a,normal,0
1762980741.6809018,0x1a,8,0000000061d66006,normal,0
1762980741.6809251,0x2f,8,0bff000061d66006,normal,0
1762980741.6809373,0x43,8,0000000061d66006,normal,0
1762980741.680948,0x58,8,0e64000061d66006,normal,0
1762980741.6809583,0x6d,8,0000000061d66006,normal,0
1762980741.680969,0x1c9,8,0000000061d66006,normal,0
1762980741.733425,0x1a,8,0000000050294c94,normal,0
1762980741.7334397,0x2f,8,0bff000050294c94,normal,0
1762980741.7334445,0x43,8,0000000050294c94,normal,0
1762980741.7334478,0x58,8,0e64000050294c94,normal,0
1762980741.7334514,0x6d,8,0000000050294c94,normal,0
1762980741.733456,0x1c9,8,0000000050294c94,normal,0
1762980741.7837365,0x1a,8,000000000e7fee17,normal,0
1762980741.783751,0x2f,8,0bff00000e7fee17,normal,0
1762980741.7837563,0x43,8,000000000e7fee17,normal,0
1762980741.7837598,0x58,8,0e6400000e7fee17,normal,0
1762980741.7837632,0x6d,8,000000000e7fee17,normal,0
1762980741.7837672,0x1c9,8,000000000e7fee17,normal,0
1762980741.8116755,0x1a,8,00000000c0e4fea1,normal,0
1762980741.8116903,0x2f,8,0bff0000c0e4fea1,normal,0
1762980741.8116949,0x43,8,00010000c0e4fea1,normal,0
1762980741.8116987,0x58,8,0e640000c0e4fea1,normal,0
1762980741.8117025,0x6d,8,00000000c0e4fea1,normal,0
1762980741.8117073,0x1c9,8,00000000c0e4fea1,normal,0
1762980741.8414326,0x1a,8,000000004185d990,normal,0
1762980741.841446,0x2f,8,0bff00004185d990,normal,0
1762980741.841451,0x43,8,000000004185d990,normal,0
1762980741.841455,0x58,8,0e6400004185d990,normal,0
1762980741.8414583,0x6d,8,000000004185d990,normal,0
1762980741.8414629,0x1c9,8,000000004185d990,normal,0
1762980741.8683238,0x1a,8,00000000f06fcfa4,normal,0
1762980741.868338,0x2f,8,0bff0000f06fcfa4,normal,0
1762980741.8683443,0x43,8,00000000f06fcfa4,normal,0
1762980741.8683507,0x58,8,0e640000f06fcfa4,normal,0
1762980741.8683574,0x6d,8,00000000f06fcfa4,normal,0
1762980741.868364,0x1c9,8,00000000f06fcfa4,normal,0
1762980741.8948889,0x1a,8,000000003cb351cb,normal,0
1762980741.8949041,0x2f,8,0bff00003cb351cb,normal,0
1762980741.89491,0x43,8,000000003cb351cb,normal,0
1762980741.8949163,0x58,8,0e6400003cb351cb,normal,0
1762980741.8949218,0x6d,8,000000003cb351cb,normal,0
1762980741.8949282,0x1c9,8,000000003cb351cb,normal,0
1762980741.9214084,0x1a,8,00000000ea2e2b4c,normal,0
1762980741.9214227,0x2f,8,0bff0000ea2e2b4c,normal,0
1762980741.9214292,0x43,8,00000000ea2e2b4c,normal,0
1762980741.9214349,0x58,8,0e640000ea2e2b4c,normal,0
1762980741.9214404,0x6d,8,00000000ea2e2b4c,normal,0
1762980741.9214463,0x1c9,8,00000000ea2e2b4c,normal,0
1762980741.9489279,0x1a,8,00000000c6927401,normal,0
1762980741.9489412,0x2f,8,0bff0000c6927401,normal,0
1762980741.9489462,0x43,8,00000000c6927401,normal,0
1762980741.9489503,0x58,8,0e640000c6927401,normal,0
1762980741.948954,0x6d,8,00000000c6927401,normal,0
1762980741.9489584,0x1c9,8,00000000c6927401,normal,0
1762980741.9990253,0x1a,8,00000000eebd0479,normal,0
1762980741.9990375,0x2f,8,0bff0000eebd0479,normal,0
1762980741.999042,0x43,8,00000000eebd0479,normal,0
1762980741.9990456,0x58,8,0e640000eebd0479,normal,0
1762980741.9990492,0x6d,8,00000000eebd0479,normal,0
1762980741.9990535,0x1c9,8,00000000eebd0479,normal,0
1762980742.0556543,0x1a,8,00000000a33398d4,normal,0
1762980742.0556674,0x2f,8,0bff0000a33398d4,normal,0
1762980742.0556722,0x43,8,00000000a33398d4,normal,0
1762980742.055676,0x58,8,0e640000a33398d4,normal,0
1762980742.05568,0x6d,8,00000000a33398d4,normal,0
1762980742.0556846,0x1c9,8,00000000a33398d4,normal,0
1762980742.0820231,0x1a,8,00000000d8619531,normal,0
1762980742.082036,0x2f,8,0bff0000d8619531,normal,0
1762980742.0820417,0x43,8,00000000d8619531,normal,0
1762980742.0820467,0x58,8,0e640000d8619531,normal,0
1762980742.0820515,0x6d,8,00000000d8619531,normal,0
1762980742.0820565,0x1c9,8,00000000d8619531,normal,0
1762980742.1096702,0x1a,8,0000000010acb70c,normal,0
1762980742.1096947,0x2f,8,0bff000010acb70c,normal,0
1762980742.1097064,0x43,8,0000000010acb70c,normal,0
1762980742.1097176,0x58,8,0e64000010acb70c,normal,0
1762980742.1097288,0x6d,8,0000000010acb70c,normal,0
1762980742.1097398,0x1c9,8,0000000010acb70c,normal,0
1762980742.136225,0x1a,8,0000000064c85e40,normal,0
1762980742.1362514,0x2f,8,0bff000064c85e40,normal,0
1762980742.1362634,0x43,8,0001000064c85e40,normal,0
1762980742.1362748,0x58,8,0e64000064c85e40,normal,0
1762980742.1362855,0x6d,8,0000000064c85e40,normal,0
1762980742.1362967,0x1c9,8,0000000064c85e40,normal,0
1762980742.1865256,0x1a,8,00000000c422aa91,normal,0
1762980742.1865394,0x2f,8,0bff0000c422aa91,normal,0
1762980742.1865437,0x43,8,00000000c422aa91,normal,0
1762980742.1865475,0x58,8,0e640000c422aa91,normal,0
1762980742.1865509,0x6d,8,00000000c422aa91,normal,0
1762980742.186555,0x1c9,8,00000000c422aa91,normal,0
1762980742.2168803,0x1a,8,00000000516495f7,normal,0
1762980742.216899,0x2f,8,0bff0000516495f7,normal,0
1762980742.2169034,0x43,8,00000000516495f7,normal,0
1762980742.2169073,0x58,8,0e640000516495f7,normal,0
1762980742.216911,0x6d,8,00000000516495f7,normal,0
1762980742.2169156,0x1c9,8,00000000516495f7,normal,0
1762980742.2486928,0x1a,8,0000000051ff160f,normal,0
1762980742.2487066,0x2f,8,0bff000051ff160f,normal,0
1762980742.248711,0x43,8,0000000051ff160f,normal,0
1762980742.2487156,0x58,8,0e64000051ff160f,normal,0
1762980742.2487192,0x6d,8,0000000051ff160f,normal,0
1762980742.2487237,0x1c9,8,0000000051ff160f,normal,0
1762980742.2862608,0x1a,8,000000008e18d0e0,normal,0
1762980742.286277,0x2f,8,0bff00008e18d0e0,normal,0
1762980742.2862816,0x43,8,000000008e18d0e0,normal,0
1762980742.286286,0x58,8,0e6400008e18d0e0,normal,0
1762980742.28629,0x6d,8,000000008e18d0e0,normal,0
1762980742.2862942,0x1c9,8,000000008e18d0e0,normal,0
1762980742.322823,0x1a,8,000000002ef7c239,normal,0
1762980742.322839,0x2f,8,0bff00002ef7c239,normal,0
1762980742.3228438,0x43,8,000100002ef7c239,normal,0
1762980742.3228476,0x58,8,0e6400002ef7c239,normal,0
1762980742.3228517,0x6d,8,000000002ef7c239,normal,0
1762980742.3228564,0x1c9,8,000000002ef7c239,normal,0
1762980742.358839,0x1a,8,00000000194bb551,normal,0
1762980742.3588605,0x2f,8,0bff0000194bb551,normal,0
1762980742.3588743,0x43,8,00000000194bb551,normal,0
1762980742.3588839,0x58,8,0e640000194bb551,normal,0
1762980742.3588932,0x6d,8,00000000194bb551,normal,0
1762980742.3589025,0x1c9,8,00000000194bb551,normal,0
1762980742.404432,0x1a,8,000000005886bec0,normal,0
1762980742.4044492,0x2f,8,0bff00005886bec0,normal,0
1762980742.4044552,0x43,8,000000005886bec0,normal,0
1762980742.40446,0x58,8,0e6400005886bec0,normal,0
1762980742.4044642,0x6d,8,000000005886bec0,normal,0
1762980742.4044693,0x1c9,8,000000005886bec0,normal,0
1762980742.4692185,0x1a,8,0000000067b03955,normal,0
1762980742.469232,0x2f,8,0bff000067b03955,normal,0
1762980742.4692366,0x43,8,0000000067b03955,normal,0
1762980742.4692404,0x58,8,0e64000067b03955,normal,0
1762980742.4692438,0x6d,8,0000000067b03955,normal,0
1762980742.469248,0x1c9,8,0000000067b03955,normal,0
1762980742.529207,0x1a,8,000000002ac79194,normal,0
1762980742.5292306,0x2f,8,0bff00002ac79194,normal,0
1762980742.5292425,0x43,8,000000002ac79194,normal,0
1762980742.5292535,0x58,8,0e6400002ac79194,normal,0
1762980742.5292642,0x6d,8,000000002ac79194,normal,0
1762980742.529275,0x1c9,8,000000002ac79194,normal,0
1762980742.5582833,0x1a,8,0000000054f6b693,normal,0
1762980742.5583053,0x2f,8,0bff000054f6b693,normal,0
1762980742.558317,0x43,8,0000000054f6b693,normal,0
1762980742.558328,0x58,8,0e64000054f6b693,normal,0
1762980742.5583386,0x6d,8,0000000054f6b693,normal,0
1762980742.5583494,0x1c9,8,0000000054f6b693,normal,0
1762980742.5863628,0x1a,8,0000000036f06022,normal,0
1762980742.5863876,0x2f,8,0bff000036f06022,normal,0
1762980742.5863993,0x43,8,0000000036f06022,normal,0
1762980742.5864103,0x58,8,0e64000036f06022,normal,0
1762980742.5864208,0x6d,8,0000000036f06022,normal,0
1762980742.5864317,0x1c9,8,0000000036f06022,normal,0
1762980742.6136868,0x1a,8,00000000d7471c99,normal,0
1762980742.6137118,0x2f,8,0bff0000d7471c99,normal,0
1762980742.6137238,0x43,8,00000000d7471c99,normal,0
1762980742.6137354,0x58,8,0e640000d7471c99,normal,0
1762980742.6137466,0x6d,8,00000000d7471c99,normal,0
1762980742.6137578,0x1c9,8,00000000d7471c99,normal,0
1762980742.6397324,0x1a,8,00000000c06693d6,normal,0
1762980742.6397533,0x2f,8,0bff0000c06693d6,normal,0
1762980742.6397645,0x43,8,00000000c06693d6,normal,0
1762980742.6397758,0x58,8,0e640000c06693d6,normal,0
1762980742.6397862,0x6d,8,00000000c06693d6,normal,0
1762980742.6397972,0x1c9,8,00000000c06693d6,normal,0
1762980742.6883097,0x1a,8,00000000ea0bb353,normal,0
1762980742.688331,0x2f,8,0bff0000ea0bb353,normal,0
1762980742.6883416,0x43,8,00000000ea0bb353,normal,0
1762980742.688351,0x58,8,0e640000ea0bb353,normal,0
1762980742.68836,0x6d,8,00000000ea0bb353,normal,0
1762980742.6883693,0x1c9,8,00000000ea0bb353,normal,0
1762980742.7147841,0x1a,8,0000000048525c17,normal,0
1762980742.714804,0x2f,8,0bff000048525c17,normal,0
1762980742.7148085,0x43,8,0000000048525c17,normal,0
1762980742.7148123,0x58,8,0e64000048525c17,normal,0
1762980742.7148159,0x6d,8,0000000048525c17,normal,0
1762980742.7148213,0x1c9,8,0000000048525c17,normal,0
1762980742.7661328,0x1a,8,000000008f3b59d2,normal,0
1762980742.7661462,0x2f,8,0bff00008f3b59d2,normal,0
1762980742.7661512,0x43,8,000000008f3b59d2,normal,0
1762980742.7661552,0x58,8,0e6400008f3b59d2,normal,0
1762980742.7661593,0x6d,8,000000008f3b59d2,normal,0
1762980742.766164,0x1c9,8,000000008f3b59d2,normal,0
1762980742.8012707,0x1a,8,000000005009a2a0,normal,0
1762980742.8012848,0x2f,8,0bff00005009a2a0,normal,0
1762980742.8012893,0x43,8,000000005009a2a0,normal,0
1762980742.8012931,0x58,8,0e6400005009a2a0,normal,0
1762980742.8012972,0x6d,8,000000005009a2a0,normal,0
1762980742.8013017,0x1c9,8,000000005009a2a0,normal,0
1762980742.8319452,0x1a,8,00000000c9a2b063,normal,0
1762980742.8319576,0x2f,8,0bff0000c9a2b063,normal,0
1762980742.8319619,0x43,8,00000000c9a2b063,normal,0
1762980742.8319657,0x58,8,0e640000c9a2b063,normal,0
1762980742.8319693,0x6d,8,00000000c9a2b063,normal,0
1762980742.8319733,0x1c9,8,00000000c9a2b063,normal,0
1762980742.8664708,0x1a,8,0000000004be1e1c,normal,0
1762980742.8664842,0x2f,8,0bff000004be1e1c,normal,0
1762980742.8664887,0x43,8,0000000004be1e1c,normal,0
1762980742.8664925,0x58,8,0e64000004be1e1c,normal,0
1762980742.8664958,0x6d,8,0000000004be1e1c,normal,0
1762980742.8665006,0x1c9,8,0000000004be1e1c,normal,0
1762980742.8999753,0x1a,8,0000000083b8e699,normal,0
1762980742.8999896,0x2f,8,0bff000083b8e699,normal,0
1762980742.8999958,0x43,8,0001000083b8e699,normal,0
1762980742.9000013,0x58,8,0e64000083b8e699,normal,0
1762980742.900007,0x6d,8,0000000083b8e699,normal,0
1762980742.900012,0x1c9,8,0000000083b8e699,normal,0
1762980742.966222,0x1a,8,00000000d0d8e625,normal,0
1762980742.9662344,0x2f,8,0bff0000d0d8e625,normal,0
1762980742.966239,0x43,8,00020000d0d8e625,normal,0
1762980742.9662426,0x58,8,0e640000d0d8e625,normal,0
1762980742.9662466,0x6d,8,00000000d0d8e625,normal,0
1762980742.9662511,0x1c9,8,00000000d0d8e625,normal,0
1762980742.9979851,0x1a,8,000000004a647a74,normal,0
1762980742.9979985,0x2f,8,0bff00004a647a74,normal,0
1762980742.9980032,0x43,8,000100004a647a74,normal,0
1762980742.9980073,0x58,8,0e6400004a647a74,normal,0
1762980742.998011,0x6d,8,000000004a647a74,normal,0
1762980742.9980154,0x1c9,8,000000004a647a74,normal,0
1762980743.0300808,0x1a,8,00000000a13c3165,normal,0
1762980743.0301042,0x2f,8,0bff0000a13c3165,normal,0
1762980743.0301158,0x43,8,00000000a13c3165,normal,0
1762980743.0301268,0x58,8,0e640000a13c3165,normal,0
1762980743.0301375,0x6d,8,00000000a13c3165,normal,0
1762980743.0301483,0x1c9,8,00000000a13c3165,normal,0
1762980743.0686011,0x1a,8,00000000de2e5956,normal,0
1762980743.068627,0x2f,8,0bff0000de2e5956,normal,0
1762980743.0686398,0x43,8,00000000de2e5956,normal,0
1762980743.0686512,0x58,8,0e640000de2e5956,normal,0
1762980743.0686622,0x6d,8,00000000de2e5956,normal,0
1762980743.0686734,0x1c9,8,00000000de2e5956,normal,0
1762980743.104458,0x1a,8,000000009826f1d7,normal,0
1762980743.1044846,0x2f,8,0bff00009826f1d7,normal,0
1762980743.104497,0x43,8,000000009826f1d7,normal,0
1762980743.1045077,0x58,8,0e6400009826f1d7,normal,0
1762980743.104518,0x6d,8,000000009826f1d7,normal,0
1762980743.1045284,0x1c9,8,000000009826f1d7,normal,0
1762980743.1398487,0x1a,8,000000008ccdc312,normal,0
1762980743.1398745,0x2f,8,0bff00008ccdc312,normal,0
1762980743.139886,0x43,8,000100008ccdc312,normal,0
1762980743.1398964,0x58,8,0e6400008ccdc312,normal,0
1762980743.1399066,0x6d,8,000000008ccdc312,normal,0
1762980743.1399171,0x1c9,8,000000008ccdc312,normal,0
1762980743.1670418,0x1a,8,000000006cfa2e1f,normal,0
1762980743.167058,0x2f,8,0bff00006cfa2e1f,normal,0
1762980743.167063,0x43,8,000000006cfa2e1f,normal,0
1762980743.167068,0x58,8,0e6400006cfa2e1f,normal,0
1762980743.1670718,0x6d,8,000000006cfa2e1f,normal,0
1762980743.1670766,0x1c9,8,000000006cfa2e1f,normal,0
1762980743.1964877,0x1a,8,0000000049f953a3,normal,0
1762980743.1965005,0x2f,8,0bff000049f953a3,normal,0
1762980743.1965048,0x43,8,0001000049f953a3,normal,0
1762980743.1965084,0x58,8,0e64000049f953a3,normal,0
1762980743.1965125,0x6d,8,0000000049f953a3,normal,0
1762980743.196517,0x1c9,8,0000000049f953a3,normal,0
1762980743.2478716,0x1a,8,00000000575aa064,normal,0
1762980743.2478979,0x2f,8,0bff0000575aa064,normal,0
1762980743.2479103,0x43,8,00000000575aa064,normal,0
1762980743.2479222,0x58,8,0e640000575aa064,normal,0
1762980743.2479336,0x6d,8,00000000575aa064,normal,0
1762980743.247945,0x1c9,8,00000000575aa064,normal,0
1762980743.2736032,0x1a,8,0000000096524490,normal,0
1762980743.2736287,0x2f,8,0bff000096524490,normal,0
1762980743.2736413,0x43,8,0000000096524490,normal,0
1762980743.2736533,0x58,8,0e64000096524490,normal,0
1762980743.2736647,0x6d,8,0000000096524490,normal,0
1762980743.2736762,0x1c9,8,0000000096524490,normal,0
1762980743.299053,0x1a,8,000000007ae3acb6,normal,0
1762980743.2990706,0x2f,8,0bff00007ae3acb6,normal,0
1762980743.2990763,0x43,8,000100007ae3acb6,normal,0
1762980743.2990806,0x58,8,0e6400007ae3acb6,normal,0
1762980743.2990851,0x6d,8,000000007ae3acb6,normal,0
1762980743.2990909,0x1c9,8,000000007ae3acb6,normal,0
1762980743.3484764,0x1a,8,00000000fbebd191,normal,0
1762980743.3484912,0x2f,8,0bff0000fbebd191,normal,0
1762980743.348496,0x43,8,00000000fbebd191,normal,0
1762980743.3484995,0x58,8,0e640000fbebd191,normal,0
1762980743.348503,0x6d,8,00000000fbebd191,normal,0
1762980743.3485072,0x1c9,8,00000000fbebd191,normal,0
1762980743.4017186,0x1a,8,0000000005551eab,normal,0
1762980743.4017367,0x2f,8,0bff000005551eab,normal,0
1762980743.401744,0x43,8,0001000005551eab,normal,0
1762980743.4017477,0x58,8,0e64000005551eab,normal,0
1762980743.4017515,0x6d,8,0000000005551eab,normal,0
1762980743.401757,0x1c9,8,0000000005551eab,normal,0
1762980743.4282951,0x1a,8,00000000bea4ed1e,normal,0
1762980743.4283085,0x2f,8,0bff0000bea4ed1e,normal,0
1762980743.4283133,0x43,8,00000000bea4ed1e,normal,0
1762980743.4283173,0x58,8,0e640000bea4ed1e,normal,0
1762980743.4283206,0x6d,8,00000000bea4ed1e,normal,0
1762980743.4283252,0x1c9,8,00000000bea4ed1e,normal,0
1762980743.4536428,0x1a,8,00000000324eb68e,normal,0
1762980743.4536552,0x2f,8,0bff0000324eb68e,normal,0
1762980743.4536595,0x43,8,00000000324eb68e,normal,0
1762980743.4536629,0x58,8,0e640000324eb68e,normal,0
1762980743.4536667,0x6d,8,00000000324eb68e,normal,0
1762980743.453671,0x1c9,8,00000000324eb68e,normal,0
1762980743.479397,0x1a,8,000000006fc69c12,normal,0
1762980743.4794114,0x2f,8,0bff00006fc69c12,normal,0
1762980743.4794157,0x43,8,000000006fc69c12,normal,0
1762980743.4794197,0x58,8,0e6400006fc69c12,normal,0
1762980743.479423,0x6d,8,000000006fc69c12,normal,0
1762980743.4794276,0x1c9,8,000000006fc69c12,normal,0
1762980743.5119884,0x1a,8,0000000035254cd5,normal,0
1762980743.512014,0x2f,8,0bff000035254cd5,normal,0
1762980743.512027,0x43,8,0001000035254cd5,normal,0
1762980743.5120387,0x58,8,0e64000035254cd5,normal,0
1762980743.5120494,0x6d,8,0000000035254cd5,normal,0
1762980743.5120606,0x1c9,8,0000000035254cd5,normal,0
1762980743.5388434,0x1a,8,0000000092a312c7,normal,0
1762980743.5388584,0x2f,8,0bff000092a312c7,normal,0
1762980743.5388663,0x43,8,0000000092a312c7,normal,0
1762980743.5388706,0x58,8,0e64000092a312c7,normal,0
1762980743.5388758,0x6d,8,0000000092a312c7,normal,0
1762980743.5388808,0x1c9,8,0000000092a312c7,normal,0
1762980743.5647,0x1a,8,000000009b656ac6,normal,0
1762980743.5647242,0x2f,8,0bff00009b656ac6,normal,0
1762980743.5647361,0x43,8,000000009b656ac6,normal,0
1762980743.5647469,0x58,8,0e6400009b656ac6,normal,0
1762980743.5647573,0x6d,8,000000009b656ac6,normal,0
1762980743.5647702,0x1c9,8,000000009b656ac6,normal,0
1762980743.6143212,0x1a,8,000000009d013a30,normal,0
1762980743.6143465,0x2f,8,0bff00009d013a30,normal,0
1762980743.6143594,0x43,8,000000009d013a30,normal,0
1762980743.614371,0x58,8,0e6400009d013a30,normal,0
1762980743.614382,0x6d,8,000000009d013a30,normal,0
1762980743.6143935,0x1c9,8,000000009d013a30,normal,0
1762980743.6416798,0x1a,8,0000000060f1285d,normal,0
1762980743.6417015,0x2f,8,0bff000060f1285d,normal,0
1762980743.6417124,0x43,8,0000000060f1285d,normal,0
1762980743.641723,0x58,8,0e64000060f1285d,normal,0
1762980743.641733,0x6d,8,0000000060f1285d,normal,0
1762980743.6417434,0x1c9,8,0000000060f1285d,normal,0
1762980743.667611,0x1a,8,0000000054f9bea7,normal,0
1762980743.6676252,0x2f,8,0bff000054f9bea7,normal,0
1762980743.6676302,0x43,8,0000000054f9bea7,normal,0
1762980743.667634,0x58,8,0e64000054f9bea7,normal,0
1762980743.667638,0x6d,8,0000000054f9bea7,normal,0
1762980743.6676428,0x1c9,8,0000000054f9bea7,normal,0
1762980743.6993868,0x1a,8,000000002860e3a6,normal,0
1762980743.6994016,0x2f,8,0bff00002860e3a6,normal,0
1762980743.6994073,0x43,8,000000002860e3a6,normal,0
1762980743.699412,0x58,8,0e6400002860e3a6,normal,0
1762980743.6994169,0x6d,8,000000002860e3a6,normal,0
1762980743.6994224,0x1c9,8,000000002860e3a6,normal,0
1762980743.728722,0x1a,8,00000000ab4ec066,normal,0
1762980743.7287357,0x2f,8,0bff0000ab4ec066,normal,0
1762980743.728741,0x43,8,00000000ab4ec066,normal,0
1762980743.7287452,0x58,8,0e640000ab4ec066,normal,0
1762980743.7287493,0x6d,8,00000000ab4ec066,normal,0
1762980743.7287543,0x1c9,8,00000000ab4ec066,normal,0
1762980743.7623138,0x1a,8,00000000b065657b,normal,0
1762980743.7623262,0x2f,8,0bff0000b065657b,normal,0
1762980743.7623315,0x43,8,00000000b065657b,normal,0
1762980743.7623363,0x58,8,0e640000b065657b,normal,0
1762980743.7623396,0x6d,8,00000000b065657b,normal,0
1762980743.762344,0x1c9,8,00000000b065657b,normal,0
1762980743.799991,0x1a,8,0000000067e3af04,normal,0
1762980743.8000038,0x2f,8,0bff000067e3af04,normal,0
1762980743.800009,0x43,8,0001000067e3af04,normal,0
1762980743.8000133,0x58,8,0e64000067e3af04,normal,0
1762980743.800017,0x6d,8,0000000067e3af04,normal,0
1762980743.8000214,0x1c9,8,0000000067e3af04,normal,0
1762980743.836227,0x1a,8,000000009858dcb0,normal,0
1762980743.836241,0x2f,8,0bff00009858dcb0,normal,0
1762980743.836246,0x43,8,000000009858dcb0,normal,0
1762980743.83625,0x58,8,0e6400009858dcb0,normal,0
1762980743.8362534,0x6d,8,000000009858dcb0,normal,0
1762980743.8362577,0x1c9,8,000000009858dcb0,normal,0
1762980743.8730466,0x1a,8,00000000ec3a62b9,normal,0
1762980743.8730645,0x2f,8,0bff0000ec3a62b9,normal,0
1762980743.8730688,0x43,8,00010000ec3a62b9,normal,0
1762980743.8730724,0x58,8,0e640000ec3a62b9,normal,0
1762980743.8730762,0x6d,8,00000000ec3a62b9,normal,0
1762980743.873081,0x1c9,8,00000000ec3a62b9,normal,0
1762980743.899404,0x1a,8,00000000da186b60,normal,0
1762980743.8994162,0x2f,8,0bff0000da186b60,normal,0
1762980743.8994212,0x43,8,00000000da186b60,normal,0
1762980743.8994255,0x58,8,0e640000da186b60,normal,0
1762980743.8994293,0x6d,8,00000000da186b60,normal,0
1762980743.8994339,0x1c9,8,00000000da186b60,normal,0
1762980743.9240994,0x1a,8,00000000e3f7fc95,normal,0
1762980743.924113,0x2f,8,0bff0000e3f7fc95,normal,0
1762980743.9241178,0x43,8,00000000e3f7fc95,normal,0
1762980743.9241214,0x58,8,0e640000e3f7fc95,normal,0
1762980743.924125,0x6d,8,00000000e3f7fc95,normal,0
1762980743.924129,0x1c9,8,00000000e3f7fc95,normal,0
1762980743.9509106,0x1a,8,000000008c46a45d,normal,0
1762980743.950934,0x2f,8,0bff00008c46a45d,normal,0
1762980743.9509459,0x43,8,000000008c46a45d,normal,0
1762980743.950957,0x58,8,0e6400008c46a45d,normal,0
1762980743.950968,0x6d,8,000000008c46a45d,normal,0
1762980743.950979,0x1c9,8,000000008c46a45d,normal,0
1762980743.9767122,0x1a,8,00000000f9b72f61,normal,0
1762980743.976727,0x2f,8,0bff0000f9b72f61,normal,0
1762980743.976732,0x43,8,00000000f9b72f61,normal,0
1762980743.9767358,0x58,8,0e640000f9b72f61,normal,0
1762980743.9767392,0x6d,8,00000000f9b72f61,normal,0
1762980743.9767432,0x1c9,8,00000000f9b72f61,normal,0
1762980744.0293388,0x1a,8,00000000a7240719,normal,0
1762980744.0293546,0x2f,8,0bff0000a7240719,normal,0
1762980744.0293593,0x43,8,00010000a7240719,normal,0
1762980744.029363,0x58,8,0e640000a7240719,normal,0
1762980744.0293665,0x6d,8,00000000a7240719,normal,0
1762980744.0293715,0x1c9,8,00000000a7240719,normal,0
1762980744.0798504,0x1a,8,0000000005c70e8c,normal,0
1762980744.0798647,0x2f,8,0bff000005c70e8c,normal,0
1762980744.0798697,0x43,8,0000000005c70e8c,normal,0
1762980744.0798736,0x58,8,0e64000005c70e8c,normal,0
1762980744.0798774,0x6d,8,0000000005c70e8c,normal,0
1762980744.0798817,0x1c9,8,0000000005c70e8c,normal,0
1762980744.1071663,0x1a,8,0000000010053c4e,normal,0
1762980744.1071897,0x2f,8,0bff000010053c4e,normal,0
1762980744.1072016,0x43,8,0000000010053c4e,normal,0
1762980744.1072128,0x58,8,0e64000010053c4e,normal,0
1762980744.1072237,0x6d,8,0000000010053c4e,normal,0
1762980744.107235,0x1c9,8,0000000010053c4e,normal,0
1762980744.1337798,0x1a,8,00000000369f549b,normal,0
1762980744.133796,0x2f,8,0bff0000369f549b,normal,0
1762980744.1338005,0x43,8,00010000369f549b,normal,0
1762980744.1338043,0x58,8,0e640000369f549b,normal,0
1762980744.1338084,0x6d,8,00000000369f549b,normal,0
1762980744.1338131,0x1c9,8,00000000369f549b,normal,0
1762980744.1602807,0x1a,8,00000000a1762230,normal,0
1762980744.160293,0x2f,8,0bff0000a1762230,normal,0
1762980744.1602976,0x43,8,00000000a1762230,normal,0
1762980744.1603014,0x58,8,0e640000a1762230,normal,0
1762980744.1603053,0x6d,8,00000000a1762230,normal,0
1762980744.1603096,0x1c9,8,00000000a1762230,normal,0
1762980744.1913838,0x1a,8,00000000c31fdafc,normal,0
1762980744.1913974,0x2f,8,0bff0000c31fdafc,normal,0
1762980744.1914024,0x43,8,00010000c31fdafc,normal,0
1762980744.1914062,0x58,8,0e640000c31fdafc,normal,0
1762980744.1914098,0x6d,8,00000000c31fdafc,normal,0
1762980744.1914139,0x1c9,8,00000000c31fdafc,normal,0
1762980744.2190394,0x1a,8,0000000047cca195,normal,0
1762980744.2190528,0x2f,8,0bff000047cca195,normal,0
1762980744.219058,0x43,8,0001000047cca195,normal,0
1762980744.219062,0x58,8,0e64000047cca195,normal,0
1762980744.2190654,0x6d,8,0000000047cca195,normal,0
1762980744.21907,0x1c9,8,0000000047cca195,normal,0
1762980744.2442372,0x1a,8,0000000044ebc849,normal,0
1762980744.2442503,0x2f,8,0bff000044ebc849,normal,0
1762980744.244255,0x43,8,0000000044ebc849,normal,0
1762980744.2442589,0x58,8,0e64000044ebc849,normal,0
1762980744.2442627,0x6d,8,0000000044ebc849,normal,0
1762980744.244267,0x1c9,8,0000000044ebc849,normal,0
1762980744.268817,0x1a,8,000000005e65b2ea,normal,0
1762980744.268832,0x2f,8,0bff00005e65b2ea,normal,0
1762980744.268838,0x43,8,000000005e65b2ea,normal,0
1762980744.2688427,0x58,8,0e6400005e65b2ea,normal,0
1762980744.2688472,0x6d,8,000000005e65b2ea,normal,0
1762980744.2688527,0x1c9,8,000000005e65b2ea,normal,0
1762980744.2939277,0x1a,8,0000000089ef7e36,normal,0
1762980744.2939408,0x2f,8,0bff000089ef7e36,normal,0
1762980744.2939456,0x43,8,0000000089ef7e36,normal,0
1762980744.2939498,0x58,8,0e64000089ef7e36,normal,0
1762980744.293954,0x6d,8,0000000089ef7e36,normal,0
1762980744.2939587,0x1c9,8,0000000089ef7e36,normal,0
1762980744.3445082,0x1a,8,000000004a3b8e04,normal,0
1762980744.3445215,0x2f,8,0bff00004a3b8e04,normal,0
1762980744.3445263,0x43,8,000000004a3b8e04,normal,0
1762980744.3445303,0x58,8,0e6400004a3b8e04,normal,0
1762980744.3445342,0x6d,8,000000004a3b8e04,normal,0
1762980744.3445387,0x1c9,8,000000004a3b8e04,normal,0
1762980744.3930547,0x1a,8,00000000d81eadde,normal,0
1762980744.3930671,0x2f,8,0bff0000d81eadde,normal,0
1762980744.3930721,0x43,8,00000000d81eadde,normal,0
1762980744.3930762,0x58,8,0e640000d81eadde,normal,0
1762980744.3930795,0x6d,8,00000000d81eadde,normal,0
1762980744.393084,0x1c9,8,00000000d81eadde,normal,0
1762980744.4202392,0x1a,8,00000000cc1136de,normal,0
1762980744.4202523,0x2f,8,0bff0000cc1136de,normal,0
1762980744.4202569,0x43,8,00000000cc1136de,normal,0
1762980744.4202607,0x58,8,0e640000cc1136de,normal,0
1762980744.4202647,0x6d,8,00000000cc1136de,normal,0
1762980744.4202695,0x1c9,8,00000000cc1136de,normal,0
1762980744.4711711,0x1a,8,00000000caa26b1d,normal,0
1762980744.4711847,0x2f,8,0bff0000caa26b1d,normal,0
1762980744.4711897,0x43,8,00000000caa26b1d,normal,0
1762980744.4711936,0x58,8,0e640000caa26b1d,normal,0
1762980744.4711974,0x6d,8,00000000caa26b1d,normal,0
1762980744.471202,0x1c9,8,00000000caa26b1d,normal,0
1762980744.501532,0x1a,8,00000000ab19361d,normal,0
1762980744.5015469,0x2f,8,0bff0000ab19361d,normal,0
1762980744.501552,0x43,8,00000000ab19361d,normal,0
1762980744.501556,0x58,8,0e640000ab19361d,normal,0
1762980744.50156,0x6d,8,00000000ab19361d,normal,0
1762980744.5015647,0x1c9,8,00000000ab19361d,normal,0
1762980744.5276437,0x1a,8,000000006e4606c1,normal,0
1762980744.5276568,0x2f,8,0bff00006e4606c1,normal,0
1762980744.5276618,0x43,8,000000006e4606c1,normal,0
1762980744.5276659,0x58,8,0e6400006e4606c1,normal,0
1762980744.5276697,0x6d,8,000000006e4606c1,normal,0
1762980744.527674,0x1c9,8,000000006e4606c1,normal,0
1762980744.5529022,0x1a,8,00000000e4fd7b40,normal,0
1762980744.5529165,0x2f,8,0bff0000e4fd7b40,normal,0
1762980744.5529227,0x43,8,00000000e4fd7b40,normal,0
1762980744.5529277,0x58,8,0e640000e4fd7b40,normal,0
1762980744.552932,0x6d,8,00000000e4fd7b40,normal,0
1762980744.5529377,0x1c9,8,00000000e4fd7b40,normal,0
1762980744.602687,0x1a,8,000000001584a027,normal,0
1762980744.6027005,0x2f,8,0bff00001584a027,normal,0
1762980744.6027055,0x43,8,000100001584a027,normal,0
1762980744.6027095,0x58,8,0e6400001584a027,normal,0
1762980744.602713,0x6d,8,000000001584a027,normal,0
1762980744.6027176,0x1c9,8,000000001584a027,normal,0
1762980744.6303782,0x1a,8,000000007378ae52,normal,0
1762980744.6303911,0x2f,8,0bff00007378ae52,normal,0
1762980744.630396,0x43,8,000000007378ae52,normal,0
1762980744.6304002,0x58,8,0e6400007378ae52,normal,0
1762980744.6304042,0x6d,8,000000007378ae52,normal,0
1762980744.6304088,0x1c9,8,000000007378ae52,normal,0
1762980744.6796734,0x1a,8,00000000156bf106,normal,0
1762980744.6796966,0x2f,8,0bff0000156bf106,normal,0
1762980744.6797078,0x43,8,00000000156bf106,normal,0
1762980744.6797187,0x58,8,0e640000156bf106,normal,0
1762980744.679729,0x6d,8,00000000156bf106,normal,0
1762980744.6797397,0x1c9,8,00000000156bf106,normal,0
1762980744.7044902,0x1a,8,000000002f06d0d3,normal,0
1762980744.7045128,0x2f,8,0bff00002f06d0d3,normal,0
1762980744.7045236,0x43,8,000000002f06d0d3,normal,0
1762980744.7045338,0x58,8,0e6400002f06d0d3,normal,0
1762980744.7045434,0x6d,8,000000002f06d0d3,normal,0
1762980744.7045531,0x1c9,8,000000002f06d0d3,normal,0
1762980744.7302742,0x1a,8,00000000e6ab9001,normal,0
1762980744.7302973,0x2f,8,0bff0000e6ab9001,normal,0
1762980744.73031,0x43,8,00000000e6ab9001,normal,0
1762980744.7303214,0x58,8,0e640000e6ab9001,normal,0
1762980744.7303321,0x6d,8,00000000e6ab9001,normal,0
1762980744.7303436,0x1c9,8,00000000e6ab9001,normal,0
1762980744.755338,0x1a,8,00000000006a3fdf,normal,0
1762980744.7553544,0x2f,8,0bff0000006a3fdf,normal,0
1762980744.7553601,0x43,8,00000000006a3fdf,normal,0
1762980744.7553647,0x58,8,0e640000006a3fdf,normal,0
1762980744.755369,0x6d,8,00000000006a3fdf,normal,0
1762980744.7553744,0x1c9,8,00000000006a3fdf,normal,0
1762980744.7831955,0x1a,8,00000000dad413ea,normal,0
1762980744.7832224,0x2f,8,0bff0000dad413ea,normal,0
1762980744.7832694,0x43,8,00000000dad413ea,normal,0
1762980744.7832806,0x58,8,0e640000dad413ea,normal,0
1762980744.7832854,0x6d,8,00000000dad413ea,normal,0
1762980744.7832906,0x1c9,8,00000000dad413ea,normal,0
1762980744.843281,0x1a,8,00000000cfb9c36a,normal,0
1762980744.8433049,0x2f,8,0bff0000cfb9c36a,normal,0
1762980744.843317,0x43,8,00010000cfb9c36a,normal,0
1762980744.8433285,0x58,8,0e640000cfb9c36a,normal,0
1762980744.8433394,0x6d,8,00000000cfb9c36a,normal,0
1762980744.8433511,0x1c9,8,00000000cfb9c36a,normal,0
1762980744.8702521,0x1a,8,0000000052ec6412,normal,0
1762980744.870267,0x2f,8,0bff000052ec6412,normal,0
1762980744.870272,0x43,8,0001000052ec6412,normal,0
1762980744.8702765,0x58,8,0e64000052ec6412,normal,0
1762980744.8702805,0x6d,8,0000000052ec6412,normal,0
1762980744.8702855,0x1c9,8,0000000052ec6412,normal,0
1762980744.9037974,0x1a,8,00000000d3184a0c,normal,0
1762980744.90381,0x2f,8,0bff0000d3184a0c,normal,0
1762980744.9038148,0x43,8,00020000d3184a0c,normal,0
1762980744.903819,0x58,8,0e640000d3184a0c,normal,0
1762980744.903823,0x6d,8,00000000d3184a0c,normal,0
1762980744.9038274,0x1c9,8,00000000d3184a0c,normal,0
1762980744.9413998,0x1a,8,000000009340fba7,normal,0
1762980744.9414246,0x2f,8,0bff00009340fba7,normal,0
1762980744.9414372,0x43,8,000000009340fba7,normal,0
1762980744.9414487,0x58,8,0e6400009340fba7,normal,0
1762980744.9414601,0x6d,8,000000009340fba7,normal,0
1762980744.9414713,0x1c9,8,000000009340fba7,normal,0
1762980744.9859488,0x1a,8,00000000c2440861,normal,0
1762980744.9859617,0x2f,8,0bff0000c2440861,normal,0
1762980744.9859664,0x43,8,00010000c2440861,normal,0
1762980744.98597,0x58,8,0e640000c2440861,normal,0
1762980744.9859736,0x6d,8,00000000c2440861,normal,0
1762980744.985978,0x1c9,8,00000000c2440861,normal,0
1762980745.0212996,0x1a,8,0000000024fc3aeb,normal,0
1762980745.021312,0x2f,8,0bff000024fc3aeb,normal,0
1762980745.0213168,0x43,8,0001000024fc3aeb,normal,0
1762980745.0213206,0x58,8,0e64000024fc3aeb,normal,0
1762980745.0213249,0x6d,8,0000000024fc3aeb,normal,0
1762980745.0213294,0x1c9,8,0000000024fc3aeb,normal,0
1762980745.0562186,0x1a,8,0000000091370356,normal,0
1762980745.0562422,0x2f,8,0bff000091370356,normal,0
1762980745.0562544,0x43,8,0000000091370356,normal,0
1762980745.056265,0x58,8,0e64000091370356,normal,0
1762980745.0562756,0x6d,8,0000000091370356,normal,0
1762980745.0562866,0x1c9,8,0000000091370356,normal,0
1762980745.0838325,0x1a,8,00000000dd844c1c,normal,0
1762980745.0838454,0x2f,8,0bff0000dd844c1c,normal,0
1762980745.08385,0x43,8,00010000dd844c1c,normal,0
1762980745.0838532,0x58,8,0e640000dd844c1c,normal,0
1762980745.0838568,0x6d,8,00000000dd844c1c,normal,0
1762980745.0838647,0x1c9,8,00000000dd844c1c,normal,0
1762980745.1102548,0x1a,8,000000004ea06f6c,normal,0
1762980745.1102772,0x2f,8,0bff00004ea06f6c,normal,0
1762980745.1102912,0x43,8,000000004ea06f6c,normal,0
1762980745.1103024,0x58,8,0e6400004ea06f6c,normal,0
1762980745.1103127,0x6d,8,000000004ea06f6c,normal,0
1762980745.1103237,0x1c9,8,000000004ea06f6c,normal,0
1762980745.13666,0x1a,8,000000001b6342e6,normal,0
1762980745.136676,0x2f,8,0bff00001b6342e6,normal,0
1762980745.1366823,0x43,8,000000001b6342e6,normal,0
1762980745.1366868,0x58,8,0e6400001b6342e6,normal,0
1762980745.1366913,0x6d,8,000000001b6342e6,normal,0
1762980745.1366966,0x1c9,8,000000001b6342e6,normal,0
1762980745.1905844,0x1a,8,000000001822ed6f,normal,0
1762980745.1905975,0x2f,8,0bff00001822ed6f,normal,0
1762980745.1906018,0x43,8,000000001822ed6f,normal,0
1762980745.1906056,0x58,8,0e6400001822ed6f,normal,0
1762980745.1906095,0x6d,8,000000001822ed6f,normal,0
1762980745.190614,0x1c9,8,000000001822ed6f,normal,0
1762980745.217382,0x1a,8,0000000024c5c1e7,normal,0
1762980745.2173944,0x2f,8,0bff000024c5c1e7,normal,0
1762980745.2173994,0x43,8,0001000024c5c1e7,normal,0
1762980745.2174032,0x58,8,0e64000024c5c1e7,normal,0
1762980745.217407,0x6d,8,0000000024c5c1e7,normal,0
1762980745.2174113,0x1c9,8,0000000024c5c1e7,normal,0
1762980745.2429407,0x1a,8,00000000d68320dc,normal,0
1762980745.242956,0x2f,8,0bff0000d68320dc,normal,0
1762980745.2429616,0x43,8,00000000d68320dc,normal,0
1762980745.242967,0x58,8,0e640000d68320dc,normal,0
1762980745.242972,0x6d,8,00000000d68320dc,normal,0
1762980745.2429783,0x1c9,8,00000000d68320dc,normal,0
1762980745.2688553,0x1a,8,00000000f64cdc01,normal,0
1762980745.2688727,0x2f,8,0bff0000f64cdc01,normal,0
1762980745.2688775,0x43,8,00010000f64cdc01,normal,0
1762980745.2688813,0x58,8,0e640000f64cdc01,normal,0
1762980745.2688847,0x6d,8,00000000f64cdc01,normal,0
1762980745.2688887,0x1c9,8,00000000f64cdc01,normal,0
1762980745.2988944,0x1a,8,0000000078b05d9e,normal,0
1762980745.2989082,0x2f,8,0bff000078b05d9e,normal,0
1762980745.2989142,0x43,8,0000000078b05d9e,normal,0
1762980745.2989197,0x58,8,0e64000078b05d9e,normal,0
1762980745.298925,0x6d,8,0000000078b05d9e,normal,0
1762980745.2989316,0x1c9,8,0000000078b05d9e,normal,0
1762980745.3257093,0x1a,8,00000000351091a3,normal,0
1762980745.3257232,0x2f,8,0bff0000351091a3,normal,0
1762980745.3257291,0x43,8,00000000351091a3,normal,0
1762980745.3257341,0x58,8,0e640000351091a3,normal,0
1762980745.3257394,0x6d,8,00000000351091a3,normal,0
1762980745.325746,0x1c9,8,00000000351091a3,normal,0
1762980745.3552632,0x1a,8,00000000123cdfb4,normal,0
1762980745.3552773,0x2f,8,0bff0000123cdfb4,normal,0
1762980745.355282,0x43,8,00000000123cdfb4,normal,0
1762980745.3552854,0x58,8,0e640000123cdfb4,normal,0
1762980745.3552892,0x6d,8,00000000123cdfb4,normal,0
1762980745.3552938,0x1c9,8,00000000123cdfb4,normal,0
1762980745.3824015,0x1a,8,00000000ca6da522,normal,0
1762980745.3824143,0x2f,8,0bff0000ca6da522,normal,0
1762980745.3824193,0x43,8,00000000ca6da522,normal,0
1762980745.3824234,0x58,8,0e640000ca6da522,normal,0
1762980745.3824275,0x6d,8,00000000ca6da522,normal,0
1762980745.3824322,0x1c9,8,00000000ca6da522,normal,0
1762980745.4154508,0x1a,8,000000006340548f,normal,0
1762980745.415466,0x2f,8,0bff00006340548f,normal,0
1762980745.415471,0x43,8,000000006340548f,normal,0
1762980745.415475,0x58,8,0e6400006340548f,normal,0
1762980745.415479,0x6d,8,000000006340548f,normal,0
1762980745.4154837,0x1c9,8,000000006340548f,normal,0
1762980745.4507666,0x1a,8,00000000569bf3d8,normal,0
1762980745.450792,0x2f,8,0bff0000569bf3d8,normal,0
1762980745.450804,0x43,8,00000000569bf3d8,normal,0
1762980745.4508157,0x58,8,0e640000569bf3d8,normal,0
1762980745.4508266,0x6d,8,00000000569bf3d8,normal,0
1762980745.4508379,0x1c9,8,00000000569bf3d8,normal,0
1762980745.47864,0x1a,8,000000006bff9cb8,normal,0
1762980745.4786816,0x2f,8,0bff00006bff9cb8,normal,0
1762980745.4786866,0x43,8,000000006bff9cb8,normal,0
1762980745.4786909,0x58,8,0e6400006bff9cb8,normal,0
1762980745.4786942,0x6d,8,000000006bff9cb8,normal,0
1762980745.4786983,0x1c9,8,000000006bff9cb8,normal,0
1762980745.5147088,0x1a,8,00000000ac8fbc3f,normal,0
1762980745.5147216,0x2f,8,0bff0000ac8fbc3f,normal,0
1762980745.5147262,0x43,8,00010000ac8fbc3f,normal,0
1762980745.51473,0x58,8,0e640000ac8fbc3f,normal,0
1762980745.514734,0x6d,8,00000000ac8fbc3f,normal,0
1762980745.5147388,0x1c9,8,00000000ac8fbc3f,normal,0
1762980745.553503,0x1a,8,00000000ec1b3999,normal,0
1762980745.5535185,0x2f,8,0bff0000ec1b3999,normal,0
1762980745.5535235,0x43,8,00000000ec1b3999,normal,0
1762980745.5535278,0x58,8,0e640000ec1b3999,normal,0
1762980745.5535321,0x6d,8,00000000ec1b3999,normal,0
1762980745.553537,0x1c9,8,00000000ec1b3999,normal,0
1762980745.585768,0x1a,8,000000002e53487a,normal,0
1762980745.5857804,0x2f,8,0bff00002e53487a,normal,0
1762980745.5857847,0x43,8,000000002e53487a,normal,0
1762980745.5857882,0x58,8,0e6400002e53487a,normal,0
1762980745.585792,0x6d,8,000000002e53487a,normal,0
1762980745.5857964,0x1c9,8,000000002e53487a,normal,0
1762980745.6380603,0x1a,8,00000000c906639d,normal,0
1762980745.638075,0x2f,8,0bff0000c906639d,normal,0
1762980745.6380801,0x43,8,00010000c906639d,normal,0
1762980745.6380842,0x58,8,0e640000c906639d,normal,0
1762980745.638088,0x6d,8,00000000c906639d,normal,0
1762980745.6380925,0x1c9,8,00000000c906639d,normal,0
1762980745.662678,0x1a,8,000000004e95ccc0,normal,0
1762980745.6626904,0x2f,8,0bff00004e95ccc0,normal,0
1762980745.662695,0x43,8,000000004e95ccc0,normal,0
1762980745.6626987,0x58,8,0e6400004e95ccc0,normal,0
1762980745.662702,0x6d,8,000000004e95ccc0,normal,0
1762980745.6627064,0x1c9,8,000000004e95ccc0,normal,0
1762980745.6884608,0x1a,8,00000000ad565bfd,normal,0
1762980745.6884751,0x2f,8,0bff0000ad565bfd,normal,0
1762980745.68848,0x43,8,00010000ad565bfd,normal,0
1762980745.6884842,0x58,8,0e640000ad565bfd,normal,0
1762980745.6884878,0x6d,8,00000000ad565bfd,normal,0
1762980745.6884918,0x1c9,8,00000000ad565bfd,normal,0
1762980745.7156804,0x1a,8,00000000c1c3b3f1,normal,0
1762980745.7156947,0x2f,8,0bff0000c1c3b3f1,normal,0
1762980745.7156994,0x43,8,00000000c1c3b3f1,normal,0
1762980745.715703,0x58,8,0e640000c1c3b3f1,normal,0
1762980745.7157066,0x6d,8,00000000c1c3b3f1,normal,0
1762980745.7157116,0x1c9,8,00000000c1c3b3f1,normal,0
1762980745.7431712,0x1a,8,00000000be913ffc,normal,0
1762980745.743188,0x2f,8,0bff0000be913ffc,normal,0
1762980745.743193,0x43,8,00000000be913ffc,normal,0
1762980745.7431967,0x58,8,0e640000be913ffc,normal,0
1762980745.7432008,0x6d,8,00000000be913ffc,normal,0
1762980745.7432053,0x1c9,8,00000000be913ffc,normal,0
1762980745.7713068,0x1a,8,00000000296cedae,normal,0
1762980745.7713313,0x2f,8,0bff0000296cedae,normal,0
1762980745.771345,0x43,8,00000000296cedae,normal,0
1762980745.7713575,0x58,8,0e640000296cedae,normal,0
1762980745.771369,0x6d,8,00000000296cedae,normal,0
1762980745.7713804,0x1c9,8,00000000296cedae,normal,0
1762980745.800681,0x1a,8,00000000556f3792,normal,0
1762980745.8007236,0x2f,8,0bff0000556f3792,normal,0
1762980745.8007283,0x43,8,00000000556f3792,normal,0
1762980745.8007324,0x58,8,0e640000556f3792,normal,0
1762980745.800736,0x6d,8,00000000556f3792,normal,0
1762980745.8007405,0x1c9,8,00000000556f3792,normal,0
1762980745.834471,0x1a,8,00000000dc813cd6,normal,0
1762980745.834494,0x2f,8,0bff0000dc813cd6,normal,0
1762980745.8345082,0x43,8,00000000dc813cd6,normal,0
1762980745.8345196,0x58,8,0e640000dc813cd6,normal,0
1762980745.8345308,0x6d,8,00000000dc813cd6,normal,0
1762980745.8345416,0x1c9,8,00000000dc813cd6,normal,0
1762980745.8685415,0x1a,8,00000000d630f454,normal,0
1762980745.868557,0x2f,8,0bff0000d630f454,normal,0
1762980745.8685625,0x43,8,00010000d630f454,normal,0
1762980745.868568,0x58,8,0e640000d630f454,normal,0
1762980745.8685727,0x6d,8,00000000d630f454,normal,0
1762980745.8685784,0x1c9,8,00000000d630f454,normal,0
1762980745.9061701,0x1a,8,00000000bd23765e,normal,0
1762980745.9061947,0x2f,8,0bff0000bd23765e,normal,0
1762980745.9062066,0x43,8,00000000bd23765e,normal,0
1762980745.9062173,0x58,8,0e640000bd23765e,normal,0
1762980745.9062276,0x6d,8,00000000bd23765e,normal,0
1762980745.9062388,0x1c9,8,00000000bd23765e,normal,0
1762980745.9453428,0x1a,8,00000000716f58b8,normal,0
1762980745.945367,0x2f,8,0bff0000716f58b8,normal,0
1762980745.9453826,0x43,8,00000000716f58b8,normal,0
1762980745.9453945,0x58,8,0e640000716f58b8,normal,0
1762980745.9454057,0x6d,8,00000000716f58b8,normal,0
1762980745.9454172,0x1c9,8,00000000716f58b8,normal,0
1762980745.9786465,0x1a,8,0000000018ed9435,normal,0
1762980745.9786615,0x2f,8,0bff000018ed9435,normal,0
1762980745.978667,0x43,8,0000000018ed9435,normal,0
1762980745.978671,0x58,8,0e64000018ed9435,normal,0
1762980745.978675,0x6d,8,0000000018ed9435,normal,0
1762980745.97868,0x1c9,8,0000000018ed9435,normal,0
1762980746.0123727,0x1a,8,000000001c50141f,normal,0
1762980746.0123887,0x2f,8,0bff00001c50141f,normal,0
1762980746.0123937,0x43,8,000100001c50141f,normal,0
1762980746.0123978,0x58,8,0e6400001c50141f,normal,0
1762980746.012402,0x6d,8,000000001c50141f,normal,0
1762980746.012407,0x1c9,8,000000001c50141f,normal,0
1762980746.0435245,0x1a,8,0000000066050adb,normal,0
1762980746.0435479,0x2f,8,0bff000066050adb,normal,0
1762980746.0435598,0x43,8,0000000066050adb,normal,0
1762980746.0435712,0x58,8,0e64000066050adb,normal,0
1762980746.0435822,0x6d,8,0000000066050adb,normal,0
1762980746.043593,0x1c9,8,0000000066050adb,normal,0
1762980746.0779235,0x1a,8,00000000058cf597,normal,0
1762980746.0779533,0x2f,8,0bff0000058cf597,normal,0
1762980746.0779648,0x43,8,00010000058cf597,normal,0
1762980746.077976,0x58,8,0e640000058cf597,normal,0
1762980746.0779858,0x6d,8,00000000058cf597,normal,0
1762980746.0779963,0x1c9,8,00000000058cf597,normal,0
1762980746.1156626,0x1a,8,0000000065b16d22,normal,0
1762980746.1156874,0x2f,8,0bff000065b16d22,normal,0
1762980746.1157,0x43,8,0000000065b16d22,normal,0
1762980746.1157112,0x58,8,0e64000065b16d22,normal,0
1762980746.1157215,0x6d,8,0000000065b16d22,normal,0
1762980746.1157324,0x1c9,8,0000000065b16d22,normal,0
1762980746.1503043,0x1a,8,00000000fa8edc34,normal,0
1762980746.1503365,0x2f,8,0bff0000fa8edc34,normal,0
1762980746.1503482,0x43,8,00000000fa8edc34,normal,0
1762980746.1503584,0x58,8,0e640000fa8edc34,normal,0
1762980746.1503685,0x6d,8,00000000fa8edc34,normal,0
1762980746.1503792,0x1c9,8,00000000fa8edc34,normal,0
1762980746.1810708,0x1a,8,0000000096ffb8f5,normal,0
1762980746.181085,0x2f,8,0bff000096ffb8f5,normal,0
1762980746.1810899,0x43,8,0001000096ffb8f5,normal,0
1762980746.181094,0x58,8,0e64000096ffb8f5,normal,0
1762980746.1810977,0x6d,8,0000000096ffb8f5,normal,0
1762980746.1811023,0x1c9,8,0000000096ffb8f5,normal,0
1762980746.2151554,0x1a,8,000000004e498241,normal,0
1762980746.215179,0x2f,8,0bff00004e498241,normal,0
1762980746.2151916,0x43,8,000000004e498241,normal,0
1762980746.2152033,0x58,8,0e6400004e498241,normal,0
1762980746.2152147,0x6d,8,000000004e498241,normal,0
1762980746.2152262,0x1c9,8,000000004e498241,normal,0
1762980746.2637258,0x1a,8,00000000a7256997,normal,0
1762980746.263742,0x2f,8,0bff0000a7256997,normal,0
1762980746.263747,0x43,8,00000000a7256997,normal,0
1762980746.2637515,0x58,8,0e640000a7256997,normal,0
1762980746.263755,0x6d,8,00000000a7256997,normal,0
1762980746.2637594,0x1c9,8,00000000a7256997,normal,0
1762980746.3058329,0x1a,8,000000002409b8d1,normal,0
1762980746.305849,0x2f,8,0bff00002409b8d1,normal,0
1762980746.3058538,0x43,8,000000002409b8d1,normal,0
1762980746.305858,0x58,8,0e6400002409b8d1,normal,0
1762980746.3058667,0x6d,8,000000002409b8d1,normal,0
1762980746.305871,0x1c9,8,000000002409b8d1,normal,0
1762980746.3629425,0x1a,8,00000000ec85d347,normal,0
1762980746.3629694,0x2f,8,0bff0000ec85d347,normal,0
1762980746.3629751,0x43,8,00000000ec85d347,normal,0
1762980746.362979,0x58,8,0e640000ec85d347,normal,0
1762980746.3629825,0x6d,8,00000000ec85d347,normal,0
1762980746.3629868,0x1c9,8,00000000ec85d347,normal,0
1762980746.3891332,0x1a,8,000000002e66fac7,normal,0
1762980746.3891463,0x2f,8,0bff00002e66fac7,normal,0
1762980746.389151,0x43,8,000000002e66fac7,normal,0
1762980746.389156,0x58,8,0e6400002e66fac7,normal,0
1762980746.38916,0x6d,8,000000002e66fac7,normal,0
1762980746.3891656,0x1c9,8,000000002e66fac7,normal,0
1762980746.41396,0x1a,8,00000000fcd62445,normal,0
1762980746.4139714,0x2f,8,0bff0000fcd62445,normal,0
1762980746.413976,0x43,8,00000000fcd62445,normal,0
1762980746.4139798,0x58,8,0e640000fcd62445,normal,0
1762980746.4139833,0x6d,8,00000000fcd62445,normal,0
1762980746.4139879,0x1c9,8,00000000fcd62445,normal,0
1762980746.4410179,0x1a,8,000000001d61e33f,normal,0
1762980746.441034,0x2f,8,0bff00001d61e33f,normal,0
1762980746.4410403,0x43,8,000100001d61e33f,normal,0
1762980746.4410453,0x58,8,0e6400001d61e33f,normal,0
1762980746.44105,0x6d,8,000000001d61e33f,normal,0
1762980746.4410555,0x1c9,8,000000001d61e33f,normal,0
1762980746.4700856,0x1a,8,0000000068c35ec1,normal,0
1762980746.470101,0x2f,8,0bff000068c35ec1,normal,0
1762980746.4701073,0x43,8,0000000068c35ec1,normal,0
1762980746.4701126,0x58,8,0e64000068c35ec1,normal,0
1762980746.4701176,0x6d,8,0000000068c35ec1,normal,0
1762980746.4701235,0x1c9,8,0000000068c35ec1,normal,0
1762980746.496471,0x1a,8,000000004d83a467,normal,0
1762980746.4964862,0x2f,8,0bff00004d83a467,normal,0
1762980746.496491,0x43,8,000100004d83a467,normal,0
1762980746.4964948,0x58,8,0e6400004d83a467,normal,0
1762980746.4964983,0x6d,8,000000004d83a467,normal,0
1762980746.4965034,0x1c9,8,000000004d83a467,normal,0
1762980746.5215836,0x1a,8,000000002e220c43,normal,0
1762980746.521597,0x2f,8,0bff00002e220c43,normal,0
1762980746.5216012,0x43,8,000000002e220c43,normal,0
1762980746.5216045,0x58,8,0e6400002e220c43,normal,0
1762980746.521608,0x6d,8,000000002e220c43,normal,0
1762980746.5216122,0x1c9,8,000000002e220c43,normal,0
1762980746.5474422,0x1a,8,0000000080ec9bec,normal,0
1762980746.547454,0x2f,8,0bff000080ec9bec,normal,0
1762980746.5474586,0x43,8,0001000080ec9bec,normal,0
1762980746.5474625,0x58,8,0e64000080ec9bec,normal,0
1762980746.5474663,0x6d,8,0000000080ec9bec,normal,0
1762980746.5474703,0x1c9,8,0000000080ec9bec,normal,0
1762980746.5972369,0x1a,8,0000000005822d0f,normal,0
1762980746.5972493,0x2f,8,0bff000005822d0f,normal,0
1762980746.5972533,0x43,8,0001000005822d0f,normal,0
1762980746.597257,0x58,8,0e64000005822d0f,normal,0
1762980746.59726,0x6d,8,0000000005822d0f,normal,0
1762980746.5972638,0x1c9,8,0000000005822d0f,normal,0
1762980746.624313,0x1a,8,00000000b2a59ed3,normal,0
1762980746.624326,0x2f,8,0bff0000b2a59ed3,normal,0
1762980746.6243305,0x43,8,00000000b2a59ed3,normal,0
1762980746.6243353,0x58,8,0e640000b2a59ed3,normal,0
1762980746.6243389,0x6d,8,00000000b2a59ed3,normal,0
1762980746.6243432,0x1c9,8,00000000b2a59ed3,normal,0
1762980746.6551425,0x1a,8,00000000959530e5,normal,0
1762980746.6551547,0x2f,8,0bff0000959530e5,normal,0
1762980746.6551595,0x43,8,00010000959530e5,normal,0
1762980746.6551638,0x58,8,0e640000959530e5,normal,0
1762980746.6551673,0x6d,8,00000000959530e5,normal,0
1762980746.6551719,0x1c9,8,00000000959530e5,normal,0
1762980746.7048995,0x1a,8,00000000b75eb66f,normal,0
1762980746.7049136,0x2f,8,0bff0000b75eb66f,normal,0
1762980746.7049184,0x43,8,00000000b75eb66f,normal,0
1762980746.7049227,0x58,8,0e640000b75eb66f,normal,0
1762980746.7049263,0x6d,8,00000000b75eb66f,normal,0
1762980746.7049305,0x1c9,8,00000000b75eb66f,normal,0
1762980746.7308245,0x1a,8,0000000024f479ce,normal,0
1762980746.7308478,0x2f,8,0bff000024f479ce,normal,0
1762980746.7308595,0x43,8,0000000024f479ce,normal,0
1762980746.730874,0x58,8,0e64000024f479ce,normal,0
1762980746.7308848,0x6d,8,0000000024f479ce,normal,0
1762980746.730896,0x1c9,8,0000000024f479ce,normal,0
1762980746.7572694,0x1a,8,000000006ff8f91a,normal,0
1762980746.757292,0x2f,8,0bff00006ff8f91a,normal,0
1762980746.7573063,0x43,8,000100006ff8f91a,normal,0
1762980746.7573178,0x58,8,0e6400006ff8f91a,normal,0
1762980746.757329,0x6d,8,000000006ff8f91a,normal,0
1762980746.7573402,0x1c9,8,000000006ff8f91a,normal,0
1762980746.7839713,0x1a,8,000000007cab4202,normal,0
1762980746.7839937,0x2f,8,0bff00007cab4202,normal,0
1762980746.7840054,0x43,8,000000007cab4202,normal,0
1762980746.7840166,0x58,8,0e6400007cab4202,normal,0
1762980746.7840273,0x6d,8,000000007cab4202,normal,0
1762980746.7840385,0x1c9,8,000000007cab4202,normal,0
1762980746.812071,0x1a,8,000000005e7ecbf8,normal,0
1762980746.8120935,0x2f,8,0bff00005e7ecbf8,normal,0
1762980746.8120987,0x43,8,000100005e7ecbf8,normal,0
1762980746.812103,0x58,8,0e6400005e7ecbf8,normal,0
1762980746.8121076,0x6d,8,000000005e7ecbf8,normal,0
1762980746.8121135,0x1c9,8,000000005e7ecbf8,normal,0
1762980746.8383262,0x1a,8,00000000fc36d455,normal,0
1762980746.8383415,0x2f,8,0bff0000fc36d455,normal,0
1762980746.838346,0x43,8,00000000fc36d455,normal,0
1762980746.83835,0x58,8,0e640000fc36d455,normal,0
1762980746.8383536,0x6d,8,00000000fc36d455,normal,0
1762980746.838358,0x1c9,8,00000000fc36d455,normal,0
1762980746.8644881,0x1a,8,0000000080f28998,normal,0
1762980746.864503,0x2f,8,0bff000080f28998,normal,0
1762980746.8645077,0x43,8,0000000080f28998,normal,0
1762980746.8645115,0x58,8,0e64000080f28998,normal,0
1762980746.864515,0x6d,8,0000000080f28998,normal,0
1762980746.8645196,0x1c9,8,0000000080f28998,normal,0
1762980746.9132924,0x1a,8,00000000d01c520a,normal,0
1762980746.913305,0x2f,8,0bff0000d01c520a,normal,0
1762980746.91331,0x43,8,00000000d01c520a,normal,0
1762980746.913314,0x58,8,0e640000d01c520a,normal,0
1762980746.9133182,0x6d,8,00000000d01c520a,normal,0
1762980746.913323,0x1c9,8,00000000d01c520a,normal,0
1762980746.9682524,0x1a,8,00000000102f4934,normal,0
1762980746.9682658,0x2f,8,0bff0000102f4934,normal,0
1762980746.9682705,0x43,8,00000000102f4934,normal,0
1762980746.9682744,0x58,8,0e640000102f4934,normal,0
1762980746.9682782,0x6d,8,00000000102f4934,normal,0
1762980746.968283,0x1c9,8,00000000102f4934,normal,0
1762980746.9949257,0x1a,8,00000000f176a5c3,normal,0
1762980746.994939,0x2f,8,0bff0000f176a5c3,normal,0
1762980746.9949439,0x43,8,00000000f176a5c3,normal,0
1762980746.994948,0x58,8,0e640000f176a5c3,normal,0
1762980746.994952,0x6d,8,00000000f176a5c3,normal,0
1762980746.994957,0x1c9,8,00000000f176a5c3,normal,0
1762980747.0214245,0x1a,8,0000000073c56800,normal,0
1762980747.0214522,0x2f,8,0bff000073c56800,normal,0
1762980747.0214567,0x43,8,0001000073c56800,normal,0
1762980747.0214605,0x58,8,0e64000073c56800,normal,0
1762980747.0214636,0x6d,8,0000000073c56800,normal,0
1762980747.0214677,0x1c9,8,0000000073c56800,normal,0
1762980747.049709,0x1a,8,0000000093ba7330,normal,0
1762980747.0497243,0x2f,8,0bff000093ba7330,normal,0
1762980747.0497305,0x43,8,0001000093ba7330,normal,0
1762980747.0497358,0x58,8,0e64000093ba7330,normal,0
1762980747.0497398,0x6d,8,0000000093ba7330,normal,0
1762980747.0497468,0x1c9,8,0000000093ba7330,normal,0
1762980747.0792606,0x1a,8,000000003ef7461a,normal,0
1762980747.0792873,0x2f,8,0bff00003ef7461a,normal,0
1762980747.0792994,0x43,8,000100003ef7461a,normal,0
1762980747.0793111,0x58,8,0e6400003ef7461a,normal,0
1762980747.0793219,0x6d,8,000000003ef7461a,normal,0
1762980747.0793333,0x1c9,8,000000003ef7461a,normal,0
1762980747.1123233,0x1a,8,0000000043a2435d,normal,0
1762980747.1123366,0x2f,8,0bff000043a2435d,normal,0
1762980747.1123414,0x43,8,0001000043a2435d,normal,0
1762980747.1123452,0x58,8,0e64000043a2435d,normal,0
1762980747.112349,0x6d,8,0000000043a2435d,normal,0
1762980747.1123536,0x1c9,8,0000000043a2435d,normal,0
1762980747.1409647,0x1a,8,0000000029b3934f,normal,0
1762980747.1409788,0x2f,8,0bff000029b3934f,normal,0
1762980747.1409829,0x43,8,0000000029b3934f,normal,0
1762980747.1409867,0x58,8,0e64000029b3934f,normal,0
1762980747.1409903,0x6d,8,0000000029b3934f,normal,0
1762980747.140994,0x1c9,8,0000000029b3934f,normal,0
1762980747.210964,0x1a,8,00000000a9d84c22,normal,0
1762980747.2109776,0x2f,8,0bff0000a9d84c22,normal,0
1762980747.2109823,0x43,8,00010000a9d84c22,normal,0
1762980747.210986,0x58,8,0e640000a9d84c22,normal,0
1762980747.2109897,0x6d,8,00000000a9d84c22,normal,0
1762980747.2109942,0x1c9,8,00000000a9d84c22,normal,0
1762980747.2698195,0x1a,8,00000000812217f3,normal,0
1762980747.2698355,0x2f,8,0bff0000812217f3,normal,0
1762980747.2698424,0x43,8,00010000812217f3,normal,0
1762980747.2698483,0x58,8,0e640000812217f3,normal,0
1762980747.2698538,0x6d,8,00000000812217f3,normal,0
1762980747.2698605,0x1c9,8,00000000812217f3,normal,0
1762980747.2988143,0x1a,8,000000001465fea6,normal,0
1762980747.2988403,0x2f,8,0bff00001465fea6,normal,0
1762980747.2988486,0x43,8,000000001465fea6,normal,0
1762980747.298856,0x58,8,0e6400001465fea6,normal,0
1762980747.298867,0x6d,8,000000001465fea6,normal,0
1762980747.298875,0x1c9,8,000000001465fea6,normal,0
1762980747.3306406,0x1a,8,00000000af327f41,normal,0
1762980747.330686,0x2f,8,0bff0000af327f41,normal,0
1762980747.330691,0x43,8,00000000af327f41,normal,0
1762980747.3306959,0x58,8,0e640000af327f41,normal,0
1762980747.3306997,0x6d,8,00000000af327f41,normal,0
1762980747.3307042,0x1c9,8,00000000af327f41,normal,0
1762980747.357784,0x1a,8,00000000065357ba,normal,0
1762980747.3578067,0x2f,8,0bff0000065357ba,normal,0
1762980747.3578181,0x43,8,00000000065357ba,normal,0
1762980747.3578281,0x58,8,0e640000065357ba,normal,0
1762980747.3578377,0x6d,8,00000000065357ba,normal,0
1762980747.357848,0x1c9,8,00000000065357ba,normal,0
1762980747.3836784,0x1a,8,000000007e39ed82,normal,0
1762980747.3837004,0x2f,8,0bff00007e39ed82,normal,0
1762980747.383712,0x43,8,000100007e39ed82,normal,0
1762980747.383723,0x58,8,0e6400007e39ed82,normal,0
1762980747.3837335,0x6d,8,000000007e39ed82,normal,0
1762980747.3837445,0x1c9,8,000000007e39ed82,normal,0
1762980747.408306,0x1a,8,00000000a26c8711,normal,0
1762980747.408322,0x2f,8,0bff0000a26c8711,normal,0
1762980747.4083278,0x43,8,00000000a26c8711,normal,0
1762980747.4083335,0x58,8,0e640000a26c8711,normal,0
1762980747.4083397,0x6d,8,00000000a26c8711,normal,0
1762980747.408346,0x1c9,8,00000000a26c8711,normal,0
1762980747.43369,0x1a,8,00000000eb7c6adc,normal,0
1762980747.4337041,0x2f,8,0bff0000eb7c6adc,normal,0
1762980747.43371,0x43,8,00000000eb7c6adc,normal,0
1762980747.433716,0x58,8,0e640000eb7c6adc,normal,0
1762980747.4337218,0x6d,8,00000000eb7c6adc,normal,0
1762980747.433728,0x1c9,8,00000000eb7c6adc,normal,0
1762980747.4608147,0x1a,8,0000000007a7d299,normal,0
1762980747.4608371,0x2f,8,0bff000007a7d299,normal,0
1762980747.460848,0x43,8,0000000007a7d299,normal,0
1762980747.4608586,0x58,8,0e64000007a7d299,normal,0
1762980747.4608722,0x6d,8,0000000007a7d299,normal,0
1762980747.4608824,0x1c9,8,0000000007a7d299,normal,0
1762980747.487934,0x1a,8,000000009f706664,normal,0
1762980747.4879565,0x2f,8,0bff00009f706664,normal,0
1762980747.487967,0x43,8,000100009f706664,normal,0
1762980747.4879773,0x58,8,0e6400009f706664,normal,0
1762980747.4879868,0x6d,8,000000009f706664,normal,0
1762980747.4879966,0x1c9,8,000000009f706664,normal,0
1762980747.512857,0x1a,8,0000000004de0a7f,normal,0
1762980747.5128803,0x2f,8,0bff000004de0a7f,normal,0
1762980747.5128849,0x43,8,0000000004de0a7f,normal,0
1762980747.5128884,0x58,8,0e64000004de0a7f,normal,0
1762980747.5128922,0x6d,8,0000000004de0a7f,normal,0
1762980747.5128963,0x1c9,8,0000000004de0a7f,normal,0
1762980747.5391285,0x1a,8,0000000096d7ba10,normal,0
1762980747.539142,0x2f,8,0bff000096d7ba10,normal,0
1762980747.539147,0x43,8,0001000096d7ba10,normal,0
1762980747.5391507,0x58,8,0e64000096d7ba10,normal,0
1762980747.5391557,0x6d,8,0000000096d7ba10,normal,0
1762980747.5391605,0x1c9,8,0000000096d7ba10,normal,0
1762980747.588881,0x1a,8,00000000883aebf7,normal,0
1762980747.5888948,0x2f,8,0bff0000883aebf7,normal,0
1762980747.5888999,0x43,8,00000000883aebf7,normal,0
1762980747.5889034,0x58,8,0e640000883aebf7,normal,0
1762980747.5889068,0x6d,8,00000000883aebf7,normal,0
1762980747.5889108,0x1c9,8,00000000883aebf7,normal,0
1762980747.6153116,0x1a,8,0000000037abef78,normal,0
1762980747.6153278,0x2f,8,0bff000037abef78,normal,0
1762980747.6153355,0x43,8,0001000037abef78,normal,0
1762980747.6153426,0x58,8,0e64000037abef78,normal,0
1762980747.6153498,0x6d,8,0000000037abef78,normal,0
1762980747.6153576,0x1c9,8,0000000037abef78,normal,0
1762980747.6473496,0x1a,8,00000000bb6b8647,normal,0
1762980747.6473649,0x2f,8,0bff0000bb6b8647,normal,0
1762980747.64737,0x43,8,00000000bb6b8647,normal,0
1762980747.647374,0x58,8,0e640000bb6b8647,normal,0
1762980747.6473777,0x6d,8,00000000bb6b8647,normal,0
1762980747.647382,0x1c9,8,00000000bb6b8647,normal,0
1762980747.674109,0x1a,8,000000003a4f44dd,normal,0
1762980747.6741228,0x2f,8,0bff00003a4f44dd,normal,0
1762980747.674127,0x43,8,000000003a4f44dd,normal,0
1762980747.6741304,0x58,8,0e6400003a4f44dd,normal,0
1762980747.6741338,0x6d,8,000000003a4f44dd,normal,0
1762980747.6741376,0x1c9,8,000000003a4f44dd,normal,0
1762980747.7007306,0x1a,8,00000000e04076c9,normal,0
1762980747.7007437,0x2f,8,0bff0000e04076c9,normal,0
1762980747.7007484,0x43,8,00000000e04076c9,normal,0
1762980747.7007525,0x58,8,0e640000e04076c9,normal,0
1762980747.700756,0x6d,8,00000000e04076c9,normal,0
1762980747.7007604,0x1c9,8,00000000e04076c9,normal,0
1762980747.7280984,0x1a,8,00000000aeb96886,normal,0
1762980747.7281218,0x2f,8,0bff0000aeb96886,normal,0
1762980747.728136,0x43,8,00000000aeb96886,normal,0
1762980747.7281477,0x58,8,0e640000aeb96886,normal,0
1762980747.7281585,0x6d,8,00000000aeb96886,normal,0
1762980747.7281697,0x1c9,8,00000000aeb96886,normal,0
1762980747.7545109,0x1a,8,0000000061d470fd,normal,0
1762980747.7545247,0x2f,8,0bff000061d470fd,normal,0
1762980747.7545295,0x43,8,0000000061d470fd,normal,0
1762980747.7545338,0x58,8,0e64000061d470fd,normal,0
1762980747.7545376,0x6d,8,0000000061d470fd,normal,0
1762980747.754542,0x1c9,8,0000000061d470fd,normal,0
1762980747.779847,0x1a,8,00000000c16c8fac,normal,0
1762980747.7798657,0x2f,8,0bff0000c16c8fac,normal,0
1762980747.7798722,0x43,8,00000000c16c8fac,normal,0
1762980747.7798786,0x58,8,0e640000c16c8fac,normal,0
1762980747.7798843,0x6d,8,00000000c16c8fac,normal,0
1762980747.7798917,0x1c9,8,00000000c16c8fac,normal,0
1762980747.807752,0x1a,8,00000000a6bffb3c,normal,0
1762980747.8077667,0x2f,8,0bff0000a6bffb3c,normal,0
1762980747.8077724,0x43,8,00000000a6bffb3c,normal,0
1762980747.807778,0x58,8,0e640000a6bffb3c,normal,0
1762980747.8077838,0x6d,8,00000000a6bffb3c,normal,0
1762980747.80779,0x1c9,8,00000000a6bffb3c,normal,0
1762980747.833899,0x1a,8,00000000ea814774,normal,0
1762980747.8339162,0x2f,8,0bff0000ea814774,normal,0
1762980747.8339226,0x43,8,00010000ea814774,normal,0
1762980747.8339274,0x58,8,0e640000ea814774,normal,0
1762980747.833932,0x6d,8,00000000ea814774,normal,0
1762980747.833937,0x1c9,8,00000000ea814774,normal,0
1762980747.861735,0x1a,8,00000000fd44ca41,normal,0
1762980747.8617508,0x2f,8,0bff0000fd44ca41,normal,0
1762980747.8617568,0x43,8,00010000fd44ca41,normal,0
1762980747.8617618,0x58,8,0e640000fd44ca41,normal,0
1762980747.8617663,0x6d,8,00000000fd44ca41,normal,0
1762980747.861772,0x1c9,8,00000000fd44ca41,normal,0
1762980747.9128814,0x1a,8,000000005700c8a4,normal,0
1762980747.9128952,0x2f,8,0bff00005700c8a4,normal,0
1762980747.9129,0x43,8,000300005700c8a4,normal,0
1762980747.9129038,0x58,8,0e6400005700c8a4,normal,0
1762980747.9129074,0x6d,8,000000005700c8a4,normal,0
1762980747.9129117,0x1c9,8,000000005700c8a4,normal,0
1762980747.9399962,0x1a,8,000000000d5e73e1,normal,0
1762980747.9400122,0x2f,8,0bff00000d5e73e1,normal,0
1762980747.9400172,0x43,8,000100000d5e73e1,normal,0
1762980747.940021,0x58,8,0e6400000d5e73e1,normal,0
1762980747.940025,0x6d,8,000000000d5e73e1,normal,0
1762980747.94003,0x1c9,8,000000000d5e73e1,normal,0
1762980747.9713202,0x1a,8,00000000fe13eb42,normal,0
1762980747.9713328,0x2f,8,0bff0000fe13eb42,normal,0
1762980747.9713373,0x43,8,00000000fe13eb42,normal,0
1762980747.9713414,0x58,8,0e640000fe13eb42,normal,0
1762980747.971345,0x6d,8,00000000fe13eb42,normal,0
1762980747.9713495,0x1c9,8,00000000fe13eb42,normal,0
1762980748.002323,0x1a,8,00000000856820f3,normal,0
1762980748.00234,0x2f,8,0bff0000856820f3,normal,0
1762980748.0023465,0x43,8,00000000856820f3,normal,0
1762980748.0023515,0x58,8,0e640000856820f3,normal,0
1762980748.0023558,0x6d,8,00000000856820f3,normal,0
1762980748.0023618,0x1c9,8,00000000856820f3,normal,0
1762980748.0338058,0x1a,8,00000000744964f5,normal,0
1762980748.0338206,0x2f,8,0bff0000744964f5,normal,0
1762980748.0338268,0x43,8,00000000744964f5,normal,0
1762980748.0338323,0x58,8,0e640000744964f5,normal,0
1762980748.0338376,0x6d,8,00000000744964f5,normal,0
1762980748.0338442,0x1c9,8,00000000744964f5,normal,0
1762980748.0682497,0x1a,8,00000000683ce575,normal,0
1762980748.0682688,0x2f,8,0bff0000683ce575,normal,0
1762980748.0682738,0x43,8,00000000683ce575,normal,0
1762980748.0682783,0x58,8,0e640000683ce575,normal,0
1762980748.0682824,0x6d,8,00000000683ce575,normal,0
1762980748.0682871,0x1c9,8,00000000683ce575,normal,0
1762980748.1063364,0x1a,8,00000000250ca7e8,normal,0
1762980748.1063645,0x2f,8,0bff0000250ca7e8,normal,0
1762980748.1063688,0x43,8,00000000250ca7e8,normal,0
1762980748.1063726,0x58,8,0e640000250ca7e8,normal,0
1762980748.1063766,0x6d,8,00000000250ca7e8,normal,0
1762980748.106381,0x1c9,8,00000000250ca7e8,normal,0
1762980748.1663518,0x1a,8,000000001f877e08,normal,0
1762980748.1663678,0x2f,8,0bff00001f877e08,normal,0
1762980748.1663725,0x43,8,000000001f877e08,normal,0
1762980748.166376,0x58,8,0e6400001f877e08,normal,0
1762980748.1663795,0x6d,8,000000001f877e08,normal,0
1762980748.1663835,0x1c9,8,000000001f877e08,normal,0
1762980748.200542,0x1a,8,00000000896d786a,normal,0
1762980748.200555,0x2f,8,0bff0000896d786a,normal,0
1762980748.20056,0x43,8,00000000896d786a,normal,0
1762980748.2005637,0x58,8,0e640000896d786a,normal,0
1762980748.2005672,0x6d,8,00000000896d786a,normal,0
1762980748.2005715,0x1c9,8,00000000896d786a,normal,0
1762980748.2356057,0x1a,8,00000000d4abbe6e,normal,0
1762980748.2356205,0x2f,8,0bff0000d4abbe6e,normal,0
1762980748.2356253,0x43,8,00000000d4abbe6e,normal,0
1762980748.2356293,0x58,8,0e640000d4abbe6e,normal,0
1762980748.2356331,0x6d,8,00000000d4abbe6e,normal,0
1762980748.2356374,0x1c9,8,00000000d4abbe6e,normal,0
1762980748.27369,0x1a,8,000000001eb7ddbc,normal,0
1762980748.2737033,0x2f,8,0bff00001eb7ddbc,normal,0
1762980748.2737079,0x43,8,000000001eb7ddbc,normal,0
1762980748.273712,0x58,8,0e6400001eb7ddbc,normal,0
1762980748.2737155,0x6d,8,000000001eb7ddbc,normal,0
1762980748.2737203,0x1c9,8,000000001eb7ddbc,normal,0
1762980748.3016095,0x1a,8,000000002347fdad,normal,0
1762980748.301623,0x2f,8,0bff00002347fdad,normal,0
1762980748.301628,0x43,8,000000002347fdad,normal,0
1762980748.301632,0x58,8,0e6400002347fdad,normal,0
1762980748.3016355,0x6d,8,000000002347fdad,normal,0
1762980748.3016398,0x1c9,8,000000002347fdad,normal,0
1762980748.3538234,0x1a,8,000000004ceeef0d,normal,0
1762980748.3538365,0x2f,8,0bff00004ceeef0d,normal,0
1762980748.3538413,0x43,8,000000004ceeef0d,normal,0
1762980748.3538451,0x58,8,0e6400004ceeef0d,normal,0
1762980748.3538487,0x6d,8,000000004ceeef0d,normal,0
1762980748.3538527,0x1c9,8,000000004ceeef0d,normal,0
1762980748.3805096,0x1a,8,00000000157e5815,normal,0
1762980748.3805342,0x2f,8,0bff0000157e5815,normal,0
1762980748.380546,0x43,8,00000000157e5815,normal,0
1762980748.380557,0x58,8,0e640000157e5815,normal,0
1762980748.3805673,0x6d,8,00000000157e5815,normal,0
1762980748.3805785,0x1c9,8,00000000157e5815,normal,0
1762980748.4073591,0x1a,8,0000000059926da4,normal,0
1762980748.4073722,0x2f,8,0bff000059926da4,normal,0
1762980748.407377,0x43,8,0000000059926da4,normal,0
1762980748.407381,0x58,8,0e64000059926da4,normal,0
1762980748.4073846,0x6d,8,0000000059926da4,normal,0
1762980748.4073887,0x1c9,8,0000000059926da4,normal,0
1762980748.432483,0x1a,8,000000003ac21239,normal,0
1762980748.4324977,0x2f,8,0bff00003ac21239,normal,0
1762980748.432504,0x43,8,000000003ac21239,normal,0
1762980748.4325094,0x58,8,0e6400003ac21239,normal,0
1762980748.432516,0x6d,8,000000003ac21239,normal,0
1762980748.432522,0x1c9,8,000000003ac21239,normal,0
1762980748.462817,0x1a,8,00000000beb9b02d,normal,0
1762980748.462842,0x2f,8,0bff0000beb9b02d,normal,0
1762980748.4628544,0x43,8,00020000beb9b02d,normal,0
1762980748.4628706,0x58,8,0e640000beb9b02d,normal,0
1762980748.462882,0x6d,8,00000000beb9b02d,normal,0
1762980748.462894,0x1c9,8,00000000beb9b02d,normal,0
1762980748.4884508,0x1a,8,000000001da40db7,normal,0
1762980748.4884775,0x2f,8,0bff00001da40db7,normal,0
1762980748.48849,0x43,8,000100001da40db7,normal,0
1762980748.4885013,0x58,8,0e6400001da40db7,normal,0
1762980748.4885116,0x6d,8,000000001da40db7,normal,0
1762980748.4885225,0x1c9,8,000000001da40db7,normal,0
1762980748.513383,0x1a,8,000000006ce4f139,normal,0
1762980748.5133965,0x2f,8,0bff00006ce4f139,normal,0
1762980748.5134017,0x43,8,000100006ce4f139,normal,0
1762980748.5134058,0x58,8,0e6400006ce4f139,normal,0
1762980748.5134099,0x6d,8,000000006ce4f139,normal,0
1762980748.5134146,0x1c9,8,000000006ce4f139,normal,0
1762980748.5463135,0x1a,8,00000000dec0489d,normal,0
1762980748.5463393,0x2f,8,0bff0000dec0489d,normal,0
1762980748.5463512,0x43,8,00000000dec0489d,normal,0
1762980748.5463624,0x58,8,0e640000dec0489d,normal,0
1762980748.546373,0x6d,8,00000000dec0489d,normal,0
1762980748.5463839,0x1c9,8,00000000dec0489d,normal,0
1762980748.5764167,0x1a,8,0000000048fd5617,normal,0
1762980748.5764396,0x2f,8,0bff000048fd5617,normal,0
1762980748.5764532,0x43,8,0000000048fd5617,normal,0
1762980748.5764644,0x58,8,0e64000048fd5617,normal,0
1762980748.5764747,0x6d,8,0000000048fd5617,normal,0
1762980748.5764854,0x1c9,8,0000000048fd5617,normal,0
1762980748.6119583,0x1a,8,0000000033fb7081,normal,0
1762980748.611981,0x2f,8,0bff000033fb7081,normal,0
1762980748.6119928,0x43,8,0000000033fb7081,normal,0
1762980748.6120033,0x58,8,0e64000033fb7081,normal,0
1762980748.6120129,0x6d,8,0000000033fb7081,normal,0
1762980748.6120229,0x1c9,8,0000000033fb7081,normal,0
1762980748.6490996,0x1a,8,000000001fe5c38d,normal,0
1762980748.649114,0x2f,8,0bff00001fe5c38d,normal,0
1762980748.6491184,0x43,8,000000001fe5c38d,normal,0
1762980748.6491225,0x58,8,0e6400001fe5c38d,normal,0
1762980748.6491263,0x6d,8,000000001fe5c38d,normal,0
1762980748.6491306,0x1c9,8,000000001fe5c38d,normal,0
1762980748.6856883,0x1a,8,000000003d963b5d,normal,0
1762980748.6857002,0x2f,8,0bff00003d963b5d,normal,0
1762980748.6857047,0x43,8,000100003d963b5d,normal,0
1762980748.6857085,0x58,8,0e6400003d963b5d,normal,0
1762980748.685712,0x6d,8,000000003d963b5d,normal,0
1762980748.6857164,0x1c9,8,000000003d963b5d,normal,0
1762980748.7181346,0x1a,8,000000005ccd3b33,normal,0
1762980748.7181573,0x2f,8,0bff00005ccd3b33,normal,0
1762980748.7181714,0x43,8,000000005ccd3b33,normal,0
1762980748.718183,0x58,8,0e6400005ccd3b33,normal,0
1762980748.718194,0x6d,8,000000005ccd3b33,normal,0
1762980748.7182052,0x1c9,8,000000005ccd3b33,normal,0
1762980748.7442472,0x1a,8,00000000badcdc94,normal,0
1762980748.744263,0x2f,8,0bff0000badcdc94,normal,0
1762980748.7442675,0x43,8,00010000badcdc94,normal,0
1762980748.7442725,0x58,8,0e640000badcdc94,normal,0
1762980748.7442763,0x6d,8,00000000badcdc94,normal,0
1762980748.744281,0x1c9,8,00000000badcdc94,normal,0
1762980748.7942455,0x1a,8,000000005a11f8b7,normal,0
1762980748.7942595,0x2f,8,0bff00005a11f8b7,normal,0
1762980748.7942643,0x43,8,000000005a11f8b7,normal,0
1762980748.7942684,0x58,8,0e6400005a11f8b7,normal,0
1762980748.794272,0x6d,8,000000005a11f8b7,normal,0
1762980748.7942765,0x1c9,8,000000005a11f8b7,normal,0
1762980748.8229392,0x1a,8,000000001a95c505,normal,0
1762980748.8229623,0x2f,8,0bff00001a95c505,normal,0
1762980748.8229742,0x43,8,000000001a95c505,normal,0
1762980748.8229847,0x58,8,0e6400001a95c505,normal,0
1762980748.8229947,0x6d,8,000000001a95c505,normal,0
1762980748.8230052,0x1c9,8,000000001a95c505,normal,0
1762980748.8502245,0x1a,8,00000000e2919688,normal,0
1762980748.850238,0x2f,8,0bff0000e2919688,normal,0
1762980748.8502429,0x43,8,00000000e2919688,normal,0
1762980748.8502474,0x58,8,0e640000e2919688,normal,0
1762980748.8502514,0x6d,8,00000000e2919688,normal,0
1762980748.8502562,0x1c9,8,00000000e2919688,normal,0
1762980748.8771687,0x1a,8,00000000bb298f70,normal,0
1762980748.8771818,0x2f,8,0bff0000bb298f70,normal,0
1762980748.8771863,0x43,8,00010000bb298f70,normal,0
1762980748.8771906,0x58,8,0e640000bb298f70,normal,0
1762980748.8771944,0x6d,8,00000000bb298f70,normal,0
1762980748.877199,0x1c9,8,00000000bb298f70,normal,0
1762980748.903141,0x1a,8,00000000ec3cffe5,normal,0
1762980748.9031534,0x2f,8,0bff0000ec3cffe5,normal,0
1762980748.903158,0x43,8,00000000ec3cffe5,normal,0
1762980748.903162,0x58,8,0e640000ec3cffe5,normal,0
1762980748.9031658,0x6d,8,00000000ec3cffe5,normal,0
1762980748.9031703,0x1c9,8,00000000ec3cffe5,normal,0
1762980748.929246,0x1a,8,0000000003ce8d98,normal,0
1762980748.9292586,0x2f,8,0bff000003ce8d98,normal,0
1762980748.9292636,0x43,8,0000000003ce8d98,normal,0
1762980748.929268,0x58,8,0e64000003ce8d98,normal,0
1762980748.9292715,0x6d,8,0000000003ce8d98,normal,0
1762980748.9292758,0x1c9,8,0000000003ce8d98,normal,0
1762980748.956251,0x1a,8,00000000935badfc,normal,0
1762980748.9562657,0x2f,8,0bff0000935badfc,normal,0
1762980748.956271,0x43,8,00000000935badfc,normal,0
1762980748.9562752,0x58,8,0e640000935badfc,normal,0
1762980748.9562793,0x6d,8,00000000935badfc,normal,0
1762980748.956284,0x1c9,8,00000000935badfc,normal,0
1762980748.98317,0x1a,8,00000000ddeee82a,normal,0
1762980748.9831836,0x2f,8,0bff0000ddeee82a,normal,0
1762980748.9831884,0x43,8,00000000ddeee82a,normal,0
1762980748.9831927,0x58,8,0e640000ddeee82a,normal,0
1762980748.9831963,0x6d,8,00000000ddeee82a,normal,0
1762980748.9832008,0x1c9,8,00000000ddeee82a,normal,0
1762980749.010726,0x1a,8,00000000958cbf7f,normal,0
1762980749.0107386,0x2f,8,0bff0000958cbf7f,normal,0
1762980749.0107434,0x43,8,00000000958cbf7f,normal,0
1762980749.0107498,0x58,8,0e640000958cbf7f,normal,0
1762980749.0107536,0x6d,8,00000000958cbf7f,normal,0
1762980749.0107586,0x1c9,8,00000000958cbf7f,normal,0
1762980749.0409138,0x1a,8,0000000091a15290,normal,0
1762980749.0409265,0x2f,8,0bff000091a15290,normal,0
1762980749.0409312,0x43,8,0000000091a15290,normal,0
1762980749.0409353,0x58,8,0e64000091a15290,normal,0
1762980749.0409389,0x6d,8,0000000091a15290,normal,0
1762980749.0409431,0x1c9,8,0000000091a15290,normal,0
1762980749.0910969,0x1a,8,0000000050e02160,normal,0
1762980749.0911114,0x2f,8,0bff000050e02160,normal,0
1762980749.0911171,0x43,8,0000000050e02160,normal,0
1762980749.0911222,0x58,8,0e64000050e02160,normal,0
1762980749.091127,0x6d,8,0000000050e02160,normal,0
1762980749.0911326,0x1c9,8,0000000050e02160,normal,0
1762980749.1169465,0x1a,8,00000000d77807aa,normal,0
1762980749.1169589,0x2f,8,0bff0000d77807aa,normal,0
1762980749.1169634,0x43,8,00000000d77807aa,normal,0
1762980749.116967,0x58,8,0e640000d77807aa,normal,0
1762980749.1169705,0x6d,8,00000000d77807aa,normal,0
1762980749.116975,0x1c9,8,00000000d77807aa,normal,0
1762980749.1423965,0x1a,8,0000000086586d64,normal,0
1762980749.142411,0x2f,8,0bff000086586d64,normal,0
1762980749.1424162,0x43,8,0001000086586d64,normal,0
1762980749.14242,0x58,8,0e64000086586d64,normal,0
1762980749.1424239,0x6d,8,0000000086586d64,normal,0
1762980749.1424282,0x1c9,8,0000000086586d64,normal,0
1762980749.1693375,0x1a,8,00000000c1cec8e2,normal,0
1762980749.1693556,0x2f,8,0bff0000c1cec8e2,normal,0
1762980749.1693618,0x43,8,00000000c1cec8e2,normal,0
1762980749.169367,0x58,8,0e640000c1cec8e2,normal,0
1762980749.169372,0x6d,8,00000000c1cec8e2,normal,0
1762980749.1693783,0x1c9,8,00000000c1cec8e2,normal,0
1762980749.1983147,0x1a,8,000000005e65a820,normal,0
1762980749.1983395,0x2f,8,0bff00005e65a820,normal,0
1762980749.1983519,0x43,8,000100005e65a820,normal,0
1762980749.1983638,0x58,8,0e6400005e65a820,normal,0
1762980749.1983755,0x6d,8,000000005e65a820,normal,0
1762980749.1983871,0x1c9,8,000000005e65a820,normal,0
1762980749.2248394,0x1a,8,00000000e35fefaf,normal,0
1762980749.2248526,0x2f,8,0bff0000e35fefaf,normal,0
1762980749.2248576,0x43,8,00000000e35fefaf,normal,0
1762980749.2248642,0x58,8,0e640000e35fefaf,normal,0
1762980749.2248676,0x6d,8,00000000e35fefaf,normal,0
1762980749.2248719,0x1c9,8,00000000e35fefaf,normal,0
1762980749.2511227,0x1a,8,000000005e9a3eea,normal,0
1762980749.251137,0x2f,8,0bff00005e9a3eea,normal,0
1762980749.251143,0x43,8,000100005e9a3eea,normal,0
1762980749.2511475,0x58,8,0e6400005e9a3eea,normal,0
1762980749.2511518,0x6d,8,000000005e9a3eea,normal,0
1762980749.2511573,0x1c9,8,000000005e9a3eea,normal,0
1762980749.2790987,0x1a,8,000000000c4e0b21,normal,0
1762980749.2791138,0x2f,8,0bff00000c4e0b21,normal,0
1762980749.2791185,0x43,8,000000000c4e0b21,normal,0
1762980749.2791226,0x58,8,0e6400000c4e0b21,normal,0
1762980749.2791262,0x6d,8,000000000c4e0b21,normal,0
1762980749.2791305,0x1c9,8,000000000c4e0b21,normal,0
1762980749.3065178,0x1a,8,000000006b8d4fdc,normal,0
1762980749.306541,0x2f,8,0bff00006b8d4fdc,normal,0
1762980749.3065548,0x43,8,000000006b8d4fdc,normal,0
1762980749.3065658,0x58,8,0e6400006b8d4fdc,normal,0
1762980749.3065763,0x6d,8,000000006b8d4fdc,normal,0
1762980749.306587,0x1c9,8,000000006b8d4fdc,normal,0
1762980749.3320248,0x1a,8,000000003540ce3e,normal,0
1762980749.3320382,0x2f,8,0bff00003540ce3e,normal,0
1762980749.332043,0x43,8,000000003540ce3e,normal,0
1762980749.3320465,0x58,8,0e6400003540ce3e,normal,0
1762980749.33205,0x6d,8,000000003540ce3e,normal,0
1762980749.3320544,0x1c9,8,000000003540ce3e,normal,0
1762980749.3607552,0x1a,8,000000003a286868,normal,0
1762980749.3607843,0x2f,8,0bff00003a286868,normal,0
1762980749.3607895,0x43,8,000000003a286868,normal,0
1762980749.3607948,0x58,8,0e6400003a286868,normal,0
1762980749.3608,0x6d,8,000000003a286868,normal,0
1762980749.3608065,0x1c9,8,000000003a286868,normal,0
1762980749.3860984,0x1a,8,0000000064b8c357,normal,0
1762980749.386113,0x2f,8,0bff000064b8c357,normal,0
1762980749.3861198,0x43,8,0001000064b8c357,normal,0
1762980749.3861263,0x58,8,0e64000064b8c357,normal,0
1762980749.3861327,0x6d,8,0000000064b8c357,normal,0
1762980749.3861392,0x1c9,8,0000000064b8c357,normal,0
1762980749.436915,0x1a,8,00000000ab898c0c,normal,0
1762980749.4369285,0x2f,8,0bff0000ab898c0c,normal,0
1762980749.436934,0x43,8,00010000ab898c0c,normal,0
1762980749.4369402,0x58,8,0e640000ab898c0c,normal,0
1762980749.4369457,0x6d,8,00000000ab898c0c,normal,0
1762980749.4369519,0x1c9,8,00000000ab898c0c,normal,0
1762980749.46281,0x1a,8,00000000034bc59e,normal,0
1762980749.4628232,0x2f,8,0bff0000034bc59e,normal,0
1762980749.4628277,0x43,8,00000000034bc59e,normal,0
1762980749.462832,0x58,8,0e640000034bc59e,normal,0
1762980749.462835,0x6d,8,00000000034bc59e,normal,0
1762980749.4628391,0x1c9,8,00000000034bc59e,normal,0
1762980749.4914691,0x1a,8,0000000053773610,normal,0
1762980749.4914815,0x2f,8,0bff000053773610,normal,0
1762980749.4914858,0x43,8,0000000053773610,normal,0
1762980749.4914894,0x58,8,0e64000053773610,normal,0
1762980749.4914932,0x6d,8,0000000053773610,normal,0
1762980749.491498,0x1c9,8,0000000053773610,normal,0
1762980749.5193417,0x1a,8,00000000493fe733,normal,0
1762980749.5193672,0x2f,8,0bff0000493fe733,normal,0
1762980749.5193808,0x43,8,00000000493fe733,normal,0
1762980749.5193927,0x58,8,0e640000493fe733,normal,0
1762980749.5194042,0x6d,8,00000000493fe733,normal,0
1762980749.5194156,0x1c9,8,00000000493fe733,normal,0
1762980749.5532787,0x1a,8,00000000e8df3970,normal,0
1762980749.5533037,0x2f,8,0bff0000e8df3970,normal,0
1762980749.553316,0x43,8,00000000e8df3970,normal,0
1762980749.5533276,0x58,8,0e640000e8df3970,normal,0
1762980749.5533388,0x6d,8,00000000e8df3970,normal,0
1762980749.5533502,0x1c9,8,00000000e8df3970,normal,0
1762980749.5837867,0x1a,8,000000000920b12d,normal,0
1762980749.5838122,0x2f,8,0bff00000920b12d,normal,0
1762980749.583824,0x43,8,000000000920b12d,normal,0
1762980749.5838354,0x58,8,0e6400000920b12d,normal,0
1762980749.583846,0x6d,8,000000000920b12d,normal,0
1762980749.583857,0x1c9,8,000000000920b12d,normal,0
1762980749.6190948,0x1a,8,000000000e128ab6,normal,0
1762980749.619108,0x2f,8,0bff00000e128ab6,normal,0
1762980749.6191125,0x43,8,000100000e128ab6,normal,0
1762980749.6191165,0x58,8,0e6400000e128ab6,normal,0
1762980749.6191206,0x6d,8,000000000e128ab6,normal,0
1762980749.619125,0x1c9,8,000000000e128ab6,normal,0
1762980749.6516016,0x1a,8,00000000b9cfff9d,normal,0
1762980749.6516182,0x2f,8,0bff0000b9cfff9d,normal,0
1762980749.6516232,0x43,8,00000000b9cfff9d,normal,0
1762980749.6516275,0x58,8,0e640000b9cfff9d,normal,0
1762980749.6516309,0x6d,8,00000000b9cfff9d,normal,0
1762980749.6516352,0x1c9,8,00000000b9cfff9d,normal,0
1762980749.6873477,0x1a,8,00000000948ecb0f,normal,0
1762980749.6873624,0x2f,8,0bff0000948ecb0f,normal,0
1762980749.6873672,0x43,8,00010000948ecb0f,normal,0
1762980749.6873708,0x58,8,0e640000948ecb0f,normal,0
1762980749.6873744,0x6d,8,00000000948ecb0f,normal,0
1762980749.6873782,0x1c9,8,00000000948ecb0f,normal,0
1762980749.7274356,0x1a,8,00000000a26e682b,normal,0
1762980749.7274504,0x2f,8,0bff0000a26e682b,normal,0
1762980749.7274554,0x43,8,00000000a26e682b,normal,0
1762980749.7274592,0x58,8,0e640000a26e682b,normal,0
1762980749.727463,0x6d,8,00000000a26e682b,normal,0
1762980749.7274678,0x1c9,8,00000000a26e682b,normal,0
1762980749.7591972,0x1a,8,00000000d7f5cf78,normal,0
1762980749.7592096,0x2f,8,0bff0000d7f5cf78,normal,0
1762980749.7592146,0x43,8,00000000d7f5cf78,normal,0
1762980749.7592182,0x58,8,0e640000d7f5cf78,normal,0
1762980749.7592216,0x6d,8,00000000d7f5cf78,normal,0
1762980749.759226,0x1c9,8,00000000d7f5cf78,normal,0
1762980749.7931902,0x1a,8,000000003d1975bb,normal,0
1762980749.793206,0x2f,8,0bff00003d1975bb,normal,0
1762980749.7932117,0x43,8,000000003d1975bb,normal,0
1762980749.7932167,0x58,8,0e6400003d1975bb,normal,0
1762980749.793221,0x6d,8,000000003d1975bb,normal,0
1762980749.793227,0x1c9,8,000000003d1975bb,normal,0
1762980749.8291028,0x1a,8,000000004f0d43bd,normal,0
1762980749.8291163,0x2f,8,0bff00004f0d43bd,normal,0
1762980749.829121,0x43,8,000100004f0d43bd,normal,0
1762980749.8291252,0x58,8,0e6400004f0d43bd,normal,0
1762980749.829129,0x6d,8,000000004f0d43bd,normal,0
1762980749.8291335,0x1c9,8,000000004f0d43bd,normal,0
1762980749.8996422,0x1a,8,00000000f01e0ea7,normal,0
1762980749.8996685,0x2f,8,0bff0000f01e0ea7,normal,0
1762980749.8996809,0x43,8,00000000f01e0ea7,normal,0
1762980749.899692,0x58,8,0e640000f01e0ea7,normal,0
1762980749.8997025,0x6d,8,00000000f01e0ea7,normal,0
1762980749.8997133,0x1c9,8,00000000f01e0ea7,normal,0
1762980749.9316192,0x1a,8,000000002cfbc420,normal,0
1762980749.9316425,0x2f,8,0bff00002cfbc420,normal,0
1762980749.9316545,0x43,8,000000002cfbc420,normal,0
1762980749.931665,0x58,8,0e6400002cfbc420,normal,0
1762980749.9316752,0x6d,8,000000002cfbc420,normal,0
1762980749.9316857,0x1c9,8,000000002cfbc420,normal,0
1762980749.9634268,0x1a,8,000000002f7d4de2,normal,0
1762980749.9634404,0x2f,8,0bff00002f7d4de2,normal,0
1762980749.9634454,0x43,8,000000002f7d4de2,normal,0
1762980749.963449,0x58,8,0e6400002f7d4de2,normal,0
1762980749.9634528,0x6d,8,000000002f7d4de2,normal,0
1762980749.9634576,0x1c9,8,000000002f7d4de2,normal,0
1762980749.9985538,0x1a,8,0000000033da78d1,normal,0
1762980749.9985774,0x2f,8,0bff000033da78d1,normal,0
1762980749.9985898,0x43,8,0000000033da78d1,normal,0
1762980749.9986005,0x58,8,0e64000033da78d1,normal,0
1762980749.9986105,0x6d,8,0000000033da78d1,normal,0
1762980749.9986205,0x1c9,8,0000000033da78d1,normal,0
1762980750.0295217,0x1a,8,000000008e45ea15,normal,0
1762980750.0295446,0x2f,8,0bff00008e45ea15,normal,0
1762980750.0295575,0x43,8,000100008e45ea15,normal,0
1762980750.0295694,0x58,8,0e6400008e45ea15,normal,0
1762980750.0295808,0x6d,8,000000008e45ea15,normal,0
1762980750.0295923,0x1c9,8,000000008e45ea15,normal,0
1762980750.0599992,0x1a,8,00000000f95738d4,normal,0
1762980750.060022,0x2f,8,0bff0000f95738d4,normal,0
1762980750.060034,0x43,8,00000000f95738d4,normal,0
1762980750.0600443,0x58,8,0e640000f95738d4,normal,0
1762980750.0600543,0x6d,8,00000000f95738d4,normal,0
1762980750.0600648,0x1c9,8,00000000f95738d4,normal,0
1762980750.0931191,0x1a,8,0000000037d62a3b,normal,0
1762980750.0931327,0x2f,8,0bff000037d62a3b,normal,0
1762980750.0931375,0x43,8,0000000037d62a3b,normal,0
1762980750.0931416,0x58,8,0e64000037d62a3b,normal,0
1762980750.0931454,0x6d,8,0000000037d62a3b,normal,0
1762980750.0931497,0x1c9,8,0000000037d62a3b,normal,0
1762980750.1347098,0x1a,8,00000000d7043302,normal,0
1762980750.1347227,0x2f,8,0bff0000d7043302,normal,0
1762980750.1347275,0x43,8,00000000d7043302,normal,0
1762980750.1347318,0x58,8,0e640000d7043302,normal,0
1762980750.1347358,0x6d,8,00000000d7043302,normal,0
1762980750.134741,0x1c9,8,00000000d7043302,normal,0
1762980750.1661944,0x1a,8,00000000d9d1f980,normal,0
1762980750.1662185,0x2f,8,0bff0000d9d1f980,normal,0
1762980750.166223,0x43,8,00000000d9d1f980,normal,0
1762980750.1662269,0x58,8,0e640000d9d1f980,normal,0
1762980750.1662304,0x6d,8,00000000d9d1f980,normal,0
1762980750.1662352,0x1c9,8,00000000d9d1f980,normal,0
1762980750.1905437,0x1a,8,000000000645e50e,normal,0
1762980750.1905558,0x2f,8,0bff00000645e50e,normal,0
1762980750.19056,0x43,8,000000000645e50e,normal,0
1762980750.1905637,0x58,8,0e6400000645e50e,normal,0
1762980750.190567,0x6d,8,000000000645e50e,normal,0
1762980750.1905715,0x1c9,8,000000000645e50e,normal,0
1762980750.2176676,0x1a,8,0000000085b9b3a6,normal,0
1762980750.2176805,0x2f,8,0bff000085b9b3a6,normal,0
1762980750.2176852,0x43,8,0000000085b9b3a6,normal,0
1762980750.2176888,0x58,8,0e64000085b9b3a6,normal,0
1762980750.2176926,0x6d,8,0000000085b9b3a6,normal,0
1762980750.2176974,0x1c9,8,0000000085b9b3a6,normal,0
1762980750.2431421,0x1a,8,0000000057d954ee,normal,0
1762980750.243154,0x2f,8,0bff000057d954ee,normal,0
1762980750.2431588,0x43,8,0000000057d954ee,normal,0
1762980750.2431636,0x58,8,0e64000057d954ee,normal,0
1762980750.2431672,0x6d,8,0000000057d954ee,normal,0
1762980750.2431712,0x1c9,8,0000000057d954ee,normal,0
1762980750.2711282,0x1a,8,00000000444878e3,normal,0
1762980750.271153,0x2f,8,0bff0000444878e3,normal,0
1762980750.2711656,0x43,8,00000000444878e3,normal,0
1762980750.2711778,0x58,8,0e640000444878e3,normal,0
1762980750.2711887,0x6d,8,00000000444878e3,normal,0
1762980750.2712004,0x1c9,8,00000000444878e3,normal,0
1762980750.3203745,0x1a,8,000000008f1384fe,normal,0
1762980750.3203886,0x2f,8,0bff00008f1384fe,normal,0
1762980750.320393,0x43,8,000000008f1384fe,normal,0
1762980750.3203964,0x58,8,0e6400008f1384fe,normal,0
1762980750.3204,0x6d,8,000000008f1384fe,normal,0
1762980750.320404,0x1c9,8,000000008f1384fe,normal,0
1762980750.3518705,0x1a,8,0000000010f6e101,normal,0
1762980750.3518946,0x2f,8,0bff000010f6e101,normal,0
1762980750.351906,0x43,8,0000000010f6e101,normal,0
1762980750.3519166,0x58,8,0e64000010f6e101,normal,0
1762980750.3519266,0x6d,8,0000000010f6e101,normal,0
1762980750.3519378,0x1c9,8,0000000010f6e101,normal,0
1762980750.4005668,0x1a,8,00000000492e1cce,normal,0
1762980750.4005804,0x2f,8,0bff0000492e1cce,normal,0
1762980750.4005852,0x43,8,00000000492e1cce,normal,0
1762980750.4005895,0x58,8,0e640000492e1cce,normal,0
1762980750.4005935,0x6d,8,00000000492e1cce,normal,0
1762980750.400598,0x1c9,8,00000000492e1cce,normal,0
1762980750.4262948,0x1a,8,00000000696320e5,normal,0
1762980750.42631,0x2f,8,0bff0000696320e5,normal,0
1762980750.4263153,0x43,8,00000000696320e5,normal,0
1762980750.42632,0x58,8,0e640000696320e5,normal,0
1762980750.426325,0x6d,8,00000000696320e5,normal,0
1762980750.4263308,0x1c9,8,00000000696320e5,normal,0
1762980750.4611142,0x1a,8,00000000932247db,normal,0
1762980750.4611459,0x2f,8,0bff0000932247db,normal,0
1762980750.4611506,0x43,8,00000000932247db,normal,0
1762980750.4611545,0x58,8,0e640000932247db,normal,0
1762980750.461158,0x6d,8,00000000932247db,normal,0
1762980750.4611626,0x1c9,8,00000000932247db,normal,0
1762980750.4903378,0x1a,8,000000009a84dfc5,normal,0
1762980750.490363,0x2f,8,0bff00009a84dfc5,normal,0
1762980750.4903755,0x43,8,000000009a84dfc5,normal,0
1762980750.4903867,0x58,8,0e6400009a84dfc5,normal,0
1762980750.4903975,0x6d,8,000000009a84dfc5,normal,0
1762980750.4904087,0x1c9,8,000000009a84dfc5,normal,0
1762980750.5243356,0x1a,8,000000008f6b1050,normal,0
1762980750.5243495,0x2f,8,0bff00008f6b1050,normal,0
1762980750.5243542,0x43,8,000000008f6b1050,normal,0
1762980750.5243585,0x58,8,0e6400008f6b1050,normal,0
1762980750.5243623,0x6d,8,000000008f6b1050,normal,0
1762980750.5243666,0x1c9,8,000000008f6b1050,normal,0
1762980750.5601149,0x1a,8,000000001ddd7c57,normal,0
1762980750.5601277,0x2f,8,0bff00001ddd7c57,normal,0
1762980750.5601327,0x43,8,000100001ddd7c57,normal,0
1762980750.5601366,0x58,8,0e6400001ddd7c57,normal,0
1762980750.5601401,0x6d,8,000000001ddd7c57,normal,0
1762980750.5601444,0x1c9,8,000000001ddd7c57,normal,0
1762980750.5916555,0x1a,8,000000000bbdedcd,normal,0
1762980750.5916708,0x2f,8,0bff00000bbdedcd,normal,0
1762980750.591675,0x43,8,000000000bbdedcd,normal,0
1762980750.5916786,0x58,8,0e6400000bbdedcd,normal,0
1762980750.5916822,0x6d,8,000000000bbdedcd,normal,0
1762980750.5916862,0x1c9,8,000000000bbdedcd,normal,0
1762980750.627653,0x1a,8,00000000bee7b340,normal,0
1762980750.6276658,0x2f,8,0bff0000bee7b340,normal,0
1762980750.6276717,0x43,8,00000000bee7b340,normal,0
1762980750.6276755,0x58,8,0e640000bee7b340,normal,0
1762980750.6276793,0x6d,8,00000000bee7b340,normal,0
1762980750.6276839,0x1c9,8,00000000bee7b340,normal,0
1762980750.6852295,0x1a,8,0000000022c7b347,normal,0
1762980750.6852424,0x2f,8,0bff000022c7b347,normal,0
1762980750.6852472,0x43,8,0000000022c7b347,normal,0
1762980750.6852512,0x58,8,0e64000022c7b347,normal,0
1762980750.685255,0x6d,8,0000000022c7b347,normal,0
1762980750.6852596,0x1c9,8,0000000022c7b347,normal,0
1762980750.7104614,0x1a,8,000000003796f75e,normal,0
1762980750.7104733,0x2f,8,0bff00003796f75e,normal,0
1762980750.7104776,0x43,8,000000003796f75e,normal,0
1762980750.7104812,0x58,8,0e6400003796f75e,normal,0
1762980750.7104845,0x6d,8,000000003796f75e,normal,0
1762980750.7104886,0x1c9,8,000000003796f75e,normal,0
1762980750.7364476,0x1a,8,000000004aa5f3d2,normal,0
1762980750.73646,0x2f,8,0bff00004aa5f3d2,normal,0
1762980750.7364645,0x43,8,000000004aa5f3d2,normal,0
1762980750.7364683,0x58,8,0e6400004aa5f3d2,normal,0
1762980750.7364717,0x6d,8,000000004aa5f3d2,normal,0
1762980750.7364755,0x1c9,8,000000004aa5f3d2,normal,0
1762980750.7637582,0x1a,8,000000005170b2f0,normal,0
1762980750.7637827,0x2f,8,0bff00005170b2f0,normal,0
1762980750.7637951,0x43,8,000000005170b2f0,normal,0
1762980750.7638075,0x58,8,0e6400005170b2f0,normal,0
1762980750.763819,0x6d,8,000000005170b2f0,normal,0
1762980750.7638307,0x1c9,8,000000005170b2f0,normal,0
1762980750.7917678,0x1a,8,00000000a4512338,normal,0
1762980750.7917821,0x2f,8,0bff0000a4512338,normal,0
1762980750.791787,0x43,8,00020000a4512338,normal,0
1762980750.7917907,0x58,8,0e640000a4512338,normal,0
1762980750.7917945,0x6d,8,00000000a4512338,normal,0
1762980750.7917993,0x1c9,8,00000000a4512338,normal,0
1762980750.8237512,0x1a,8,0000000013c7e226,normal,0
1762980750.8237658,0x2f,8,0bff000013c7e226,normal,0
1762980750.8237705,0x43,8,0000000013c7e226,normal,0
1762980750.823775,0x58,8,0e64000013c7e226,normal,0
1762980750.823779,0x6d,8,0000000013c7e226,normal,0
1762980750.8237836,0x1c9,8,0000000013c7e226,normal,0
1762980750.8554137,0x1a,8,00000000daf60d52,normal,0
1762980750.8554308,0x2f,8,0bff0000daf60d52,normal,0
1762980750.8554368,0x43,8,00000000daf60d52,normal,0
1762980750.8554418,0x58,8,0e640000daf60d52,normal,0
1762980750.8554466,0x6d,8,00000000daf60d52,normal,0
1762980750.855453,0x1c9,8,00000000daf60d52,normal,0
1762980750.8817782,0x1a,8,0000000009cb8360,normal,0
1762980750.8817914,0x2f,8,0bff000009cb8360,normal,0
1762980750.881796,0x43,8,0000000009cb8360,normal,0
1762980750.8818002,0x58,8,0e64000009cb8360,normal,0
1762980750.8818035,0x6d,8,0000000009cb8360,normal,0
1762980750.8818076,0x1c9,8,0000000009cb8360,normal,0
1762980750.9436207,0x1a,8,00000000edd918a4,normal,0
1762980750.9436345,0x2f,8,0bff0000edd918a4,normal,0
1762980750.9436393,0x43,8,00000000edd918a4,normal,0
1762980750.943643,0x58,8,0e640000edd918a4,normal,0
1762980750.9436464,0x6d,8,00000000edd918a4,normal,0
1762980750.943651,0x1c9,8,00000000edd918a4,normal,0
1762980750.9797015,0x1a,8,000000009f7581cb,normal,0
1762980750.9797413,0x2f,8,0bff00009f7581cb,normal,0
1762980750.9797535,0x43,8,000000009f7581cb,normal,0
1762980750.9797642,0x58,8,0e6400009f7581cb,normal,0
1762980750.979775,0x6d,8,000000009f7581cb,normal,0
1762980750.979786,0x1c9,8,000000009f7581cb,normal,0
1762980751.0151951,0x1a,8,000000006df8674e,normal,0
1762980751.0152106,0x2f,8,0bff00006df8674e,normal,0
1762980751.015217,0x43,8,000000006df8674e,normal,0
1762980751.0152223,0x58,8,0e6400006df8674e,normal,0
1762980751.0152273,0x6d,8,000000006df8674e,normal,0
1762980751.0152333,0x1c9,8,000000006df8674e,normal,0
1762980751.0524418,0x1a,8,00000000c7b8b8a8,normal,0
1762980751.0524666,0x2f,8,0bff0000c7b8b8a8,normal,0
1762980751.0524714,0x43,8,00000000c7b8b8a8,normal,0
1762980751.0524755,0x58,8,0e640000c7b8b8a8,normal,0
1762980751.0524793,0x6d,8,00000000c7b8b8a8,normal,0
1762980751.0524838,0x1c9,8,00000000c7b8b8a8,normal,0
1762980751.0784898,0x1a,8,00000000e909d93f,normal,0
1762980751.078503,0x2f,8,0bff0000e909d93f,normal,0
1762980751.0785072,0x43,8,00010000e909d93f,normal,0
1762980751.0785115,0x58,8,0e640000e909d93f,normal,0
1762980751.0785155,0x6d,8,00000000e909d93f,normal,0
1762980751.0785198,0x1c9,8,00000000e909d93f,normal,0
1762980751.1058693,0x1a,8,0000000083844f66,normal,0
1762980751.1058824,0x2f,8,0bff000083844f66,normal,0
1762980751.1058877,0x43,8,0000000083844f66,normal,0
1762980751.1058917,0x58,8,0e64000083844f66,normal,0
1762980751.105895,0x6d,8,0000000083844f66,normal,0
1762980751.1058993,0x1c9,8,0000000083844f66,normal,0
1762980751.1322668,0x1a,8,0000000015a98422,normal,0
1762980751.1322901,0x2f,8,0bff000015a98422,normal,0
1762980751.1323028,0x43,8,0000000015a98422,normal,0
1762980751.1323144,0x58,8,0e64000015a98422,normal,0
1762980751.1323254,0x6d,8,0000000015a98422,normal,0
1762980751.1323366,0x1c9,8,0000000015a98422,normal,0
1762980751.1583216,0x1a,8,00000000dcf93616,normal,0
1762980751.1583433,0x2f,8,0bff0000dcf93616,normal,0
1762980751.1583555,0x43,8,00000000dcf93616,normal,0
1762980751.1583664,0x58,8,0e640000dcf93616,normal,0
1762980751.158377,0x6d,8,00000000dcf93616,normal,0
1762980751.1583874,0x1c9,8,00000000dcf93616,normal,0
1762980751.190111,0x1a,8,00000000b997976b,normal,0
1762980751.1901238,0x2f,8,0bff0000b997976b,normal,0
1762980751.1901286,0x43,8,00010000b997976b,normal,0
1762980751.1901329,0x58,8,0e640000b997976b,normal,0
1762980751.1901362,0x6d,8,00000000b997976b,normal,0
1762980751.1901405,0x1c9,8,00000000b997976b,normal,0
1762980751.2216372,0x1a,8,000000006ae6b8d7,normal,0
1762980751.2216501,0x2f,8,0bff00006ae6b8d7,normal,0
1762980751.221655,0x43,8,000000006ae6b8d7,normal,0
1762980751.221659,0x58,8,0e6400006ae6b8d7,normal,0
1762980751.2216625,0x6d,8,000000006ae6b8d7,normal,0
1762980751.2216668,0x1c9,8,000000006ae6b8d7,normal,0
1762980751.2531862,0x1a,8,000000004c6c53f2,normal,0
1762980751.2532008,0x2f,8,0bff00004c6c53f2,normal,0
1762980751.2532055,0x43,8,000000004c6c53f2,normal,0
1762980751.2532098,0x58,8,0e6400004c6c53f2,normal,0
1762980751.2532134,0x6d,8,000000004c6c53f2,normal,0
1762980751.2532177,0x1c9,8,000000004c6c53f2,normal,0
1762980751.2890596,0x1a,8,00000000838829c8,normal,0
1762980751.2890732,0x2f,8,0bff0000838829c8,normal,0
1762980751.289078,0x43,8,00000000838829c8,normal,0
1762980751.2890825,0x58,8,0e640000838829c8,normal,0
1762980751.2890863,0x6d,8,00000000838829c8,normal,0
1762980751.2890909,0x1c9,8,00000000838829c8,normal,0
1762980751.3515565,0x1a,8,00000000fc3c6546,normal,0
1762980751.3515704,0x2f,8,0bff0000fc3c6546,normal,0
1762980751.3515754,0x43,8,00000000fc3c6546,normal,0
1762980751.3515792,0x58,8,0e640000fc3c6546,normal,0
1762980751.3515825,0x6d,8,00000000fc3c6546,normal,0
1762980751.3515866,0x1c9,8,00000000fc3c6546,normal,0
1762980751.3935745,0x1a,8,00000000e986b73e,normal,0
1762980751.393587,0x2f,8,0bff0000e986b73e,normal,0
1762980751.393592,0x43,8,00000000e986b73e,normal,0
1762980751.3935955,0x58,8,0e640000e986b73e,normal,0
1762980751.3936,0x6d,8,00000000e986b73e,normal,0
1762980751.3936048,0x1c9,8,00000000e986b73e,normal,0
1762980751.4205358,0x1a,8,000000004a110363,normal,0
1762980751.4205503,0x2f,8,0bff00004a110363,normal,0
1762980751.420555,0x43,8,000100004a110363,normal,0
1762980751.4205596,0x58,8,0e6400004a110363,normal,0
1762980751.4205637,0x6d,8,000000004a110363,normal,0
1762980751.4205682,0x1c9,8,000000004a110363,normal,0
1762980751.447645,0x1a,8,0000000015a3fb1d,normal,0
1762980751.4476578,0x2f,8,0bff000015a3fb1d,normal,0
1762980751.4476626,0x43,8,0001000015a3fb1d,normal,0
1762980751.4476662,0x58,8,0e64000015a3fb1d,normal,0
1762980751.44767,0x6d,8,0000000015a3fb1d,normal,0
1762980751.4476743,0x1c9,8,0000000015a3fb1d,normal,0
1762980751.4733942,0x1a,8,000000009cbd6e80,normal,0
1762980751.473407,0x2f,8,0bff00009cbd6e80,normal,0
1762980751.4734116,0x43,8,000100009cbd6e80,normal,0
1762980751.4734151,0x58,8,0e6400009cbd6e80,normal,0
1762980751.4734194,0x6d,8,000000009cbd6e80,normal,0
1762980751.4734242,0x1c9,8,000000009cbd6e80,normal,0
1762980751.4986563,0x1a,8,000000001cbddcb1,normal,0
1762980751.4986713,0x2f,8,0bff00001cbddcb1,normal,0
1762980751.4986773,0x43,8,000100001cbddcb1,normal,0
1762980751.4986825,0x58,8,0e6400001cbddcb1,normal,0
1762980751.4986875,0x6d,8,000000001cbddcb1,normal,0
1762980751.4986944,0x1c9,8,000000001cbddcb1,normal,0
1762980751.5480018,0x1a,8,000000000fd66c9c,normal,0
1762980751.548014,0x2f,8,0bff00000fd66c9c,normal,0
1762980751.5480187,0x43,8,000000000fd66c9c,normal,0
1762980751.5480223,0x58,8,0e6400000fd66c9c,normal,0
1762980751.5480256,0x6d,8,000000000fd66c9c,normal,0
1762980751.54803,0x1c9,8,000000000fd66c9c,normal,0
1762980751.601136,0x1a,8,00000000e89d3dfc,normal,0
1762980751.6011603,0x2f,8,0bff0000e89d3dfc,normal,0
1762980751.6011724,0x43,8,00010000e89d3dfc,normal,0
1762980751.6011837,0x58,8,0e640000e89d3dfc,normal,0
1762980751.6011941,0x6d,8,00000000e89d3dfc,normal,0
1762980751.6012056,0x1c9,8,00000000e89d3dfc,normal,0
1762980751.6506364,0x1a,8,000000002aad7aba,normal,0
1762980751.6506493,0x2f,8,0bff00002aad7aba,normal,0
1762980751.6506538,0x43,8,000100002aad7aba,normal,0
1762980751.6506577,0x58,8,0e6400002aad7aba,normal,0
1762980751.6506615,0x6d,8,000000002aad7aba,normal,0
1762980751.650666,0x1c9,8,000000002aad7aba,normal,0
1762980751.6768403,0x1a,8,000000006a2d1364,normal,0
1762980751.6768696,0x2f,8,0bff00006a2d1364,normal,0
1762980751.6769032,0x43,8,000000006a2d1364,normal,0
1762980751.6770108,0x58,8,0e6400006a2d1364,normal,0
1762980751.6770175,0x6d,8,000000006a2d1364,normal,0
1762980751.6770232,0x1c9,8,000000006a2d1364,normal,0
1762980751.7043254,0x1a,8,000000002eef47ef,normal,0
1762980751.704351,0x2f,8,0bff00002eef47ef,normal,0
1762980751.7043555,0x43,8,000000002eef47ef,normal,0
1762980751.704359,0x58,8,0e6400002eef47ef,normal,0
1762980751.7043629,0x6d,8,000000002eef47ef,normal,0
1762980751.7043672,0x1c9,8,000000002eef47ef,normal,0
1762980751.73049,0x1a,8,00000000f60b0d85,normal,0
1762980751.7305045,0x2f,8,0bff0000f60b0d85,normal,0
1762980751.730509,0x43,8,00000000f60b0d85,normal,0
1762980751.7305133,0x58,8,0e640000f60b0d85,normal,0
1762980751.7305171,0x6d,8,00000000f60b0d85,normal,0
1762980751.7305217,0x1c9,8,00000000f60b0d85,normal,0
1762980751.757721,0x1a,8,00000000568a7840,normal,0
1762980751.7577457,0x2f,8,0bff0000568a7840,normal,0
1762980751.7577586,0x43,8,00000000568a7840,normal,0
1762980751.7577705,0x58,8,0e640000568a7840,normal,0
1762980751.7577817,0x6d,8,00000000568a7840,normal,0
1762980751.7577934,0x1c9,8,00000000568a7840,normal,0
1762980751.7832556,0x1a,8,00000000ae3c5789,normal,0
1762980751.7832787,0x2f,8,0bff0000ae3c5789,normal,0
1762980751.7832925,0x43,8,00000000ae3c5789,normal,0
1762980751.7833035,0x58,8,0e640000ae3c5789,normal,0
1762980751.7833138,0x6d,8,00000000ae3c5789,normal,0
1762980751.7833247,0x1c9,8,00000000ae3c5789,normal,0
1762980751.8093262,0x1a,8,000000000ec73244,normal,0
1762980751.809346,0x2f,8,0bff00000ec73244,normal,0
1762980751.809356,0x43,8,000000000ec73244,normal,0
1762980751.8093653,0x58,8,0e6400000ec73244,normal,0
1762980751.8093743,0x6d,8,000000000ec73244,normal,0
1762980751.8093839,0x1c9,8,000000000ec73244,normal,0
1762980751.8598492,0x1a,8,000000000fd6314a,normal,0
1762980751.8598752,0x2f,8,0bff00000fd6314a,normal,0
1762980751.8598874,0x43,8,000000000fd6314a,normal,0
1762980751.8598986,0x58,8,0e6400000fd6314a,normal,0
1762980751.8599093,0x6d,8,000000000fd6314a,normal,0
1762980751.8599203,0x1c9,8,000000000fd6314a,normal,0
1762980751.91338,0x1a,8,0000000070c37da2,normal,0
1762980751.9134028,0x2f,8,0bff000070c37da2,normal,0
1762980751.913415,0x43,8,0001000070c37da2,normal,0
1762980751.9134264,0x58,8,0e64000070c37da2,normal,0
1762980751.9134374,0x6d,8,0000000070c37da2,normal,0
1762980751.9134488,0x1c9,8,0000000070c37da2,normal,0
1762980751.964468,0x1a,8,00000000e960d9a7,normal,0
1762980751.964494,0x2f,8,0bff0000e960d9a7,normal,0
1762980751.9644988,0x43,8,00000000e960d9a7,normal,0
1762980751.9645026,0x58,8,0e640000e960d9a7,normal,0
1762980751.9645061,0x6d,8,00000000e960d9a7,normal,0
1762980751.9645104,0x1c9,8,00000000e960d9a7,normal,0
1762980751.9908652,0x1a,8,00000000d6a6f818,normal,0
1762980751.990901,0x2f,8,0bff0000d6a6f818,normal,0
1762980751.9909055,0x43,8,00000000d6a6f818,normal,0
1762980751.99091,0x58,8,0e640000d6a6f818,normal,0
1762980751.9909136,0x6d,8,00000000d6a6f818,normal,0
1762980751.9909182,0x1c9,8,00000000d6a6f818,normal,0
1762980752.0160148,0x1a,8,000000004b2bfbce,normal,0
1762980752.0160275,0x2f,8,0bff00004b2bfbce,normal,0
1762980752.0160325,0x43,8,000100004b2bfbce,normal,0
1762980752.0160363,0x58,8,0e6400004b2bfbce,normal,0
1762980752.0160396,0x6d,8,000000004b2bfbce,normal,0
1762980752.016044,0x1c9,8,000000004b2bfbce,normal,0
1762980752.044379,0x1a,8,0000000033d233b8,normal,0
1762980752.0443914,0x2f,8,0bff000033d233b8,normal,0
1762980752.044396,0x43,8,0000000033d233b8,normal,0
1762980752.0443997,0x58,8,0e64000033d233b8,normal,0
1762980752.0444036,0x6d,8,0000000033d233b8,normal,0
1762980752.044408,0x1c9,8,0000000033d233b8,normal,0
1762980752.0740535,0x1a,8,00000000c46cc1e6,normal,0
1762980752.074166,0x2f,8,0bff0000c46cc1e6,normal,0
1762980752.0741727,0x43,8,00010000c46cc1e6,normal,0
1762980752.0741782,0x58,8,0e640000c46cc1e6,normal,0
1762980752.074183,0x6d,8,00000000c46cc1e6,normal,0
1762980752.0741894,0x1c9,8,00000000c46cc1e6,normal,0
1762980752.1015782,0x1a,8,000000001830b7d0,normal,0
1762980752.101601,0x2f,8,0bff00001830b7d0,normal,0
1762980752.1016064,0x43,8,000100001830b7d0,normal,0
1762980752.1016102,0x58,8,0e6400001830b7d0,normal,0
1762980752.1016145,0x6d,8,000000001830b7d0,normal,0
1762980752.1016192,0x1c9,8,000000001830b7d0,normal,0
1762980752.1512177,0x1a,8,00000000296819b8,normal,0
1762980752.1512325,0x2f,8,0bff0000296819b8,normal,0
1762980752.151238,0x43,8,00020000296819b8,normal,0
1762980752.1512427,0x58,8,0e640000296819b8,normal,0
1762980752.151247,0x6d,8,00000000296819b8,normal,0
1762980752.1512523,0x1c9,8,00000000296819b8,normal,0
1762980752.1771915,0x1a,8,00000000f10f0abf,normal,0
1762980752.177205,0x2f,8,0bff0000f10f0abf,normal,0
1762980752.1772096,0x43,8,00010000f10f0abf,normal,0
1762980752.177214,0x58,8,0e640000f10f0abf,normal,0
1762980752.1772182,0x6d,8,00000000f10f0abf,normal,0
1762980752.1772223,0x1c9,8,00000000f10f0abf,normal,0
1762980752.2078295,0x1a,8,00000000ad4f5534,normal,0
1762980752.2078414,0x2f,8,0bff0000ad4f5534,normal,0
1762980752.2078462,0x43,8,00000000ad4f5534,normal,0
1762980752.20785,0x58,8,0e640000ad4f5534,normal,0
1762980752.2078536,0x6d,8,00000000ad4f5534,normal,0
1762980752.2078578,0x1c9,8,00000000ad4f5534,normal,0
1762980752.2327168,0x1a,8,00000000bfd7e3a1,normal,0
1762980752.23273,0x2f,8,0bff0000bfd7e3a1,normal,0
1762980752.232735,0x43,8,00010000bfd7e3a1,normal,0
1762980752.2327387,0x58,8,0e640000bfd7e3a1,normal,0
1762980752.2327423,0x6d,8,00000000bfd7e3a1,normal,0
1762980752.2327468,0x1c9,8,00000000bfd7e3a1,normal,0
1762980752.2837796,0x1a,8,000000006c3e70b9,normal,0
1762980752.2838135,0x2f,8,0bff00006c3e70b9,normal,0
1762980752.28382,0x43,8,000100006c3e70b9,normal,0
1762980752.2838252,0x58,8,0e6400006c3e70b9,normal,0
1762980752.2838302,0x6d,8,000000006c3e70b9,normal,0
1762980752.2838368,0x1c9,8,000000006c3e70b9,normal,0
1762980752.3343303,0x1a,8,00000000154c3da8,normal,0
1762980752.3343453,0x2f,8,0bff0000154c3da8,normal,0
1762980752.3343513,0x43,8,00010000154c3da8,normal,0
1762980752.334357,0x58,8,0e640000154c3da8,normal,0
1762980752.3343627,0x6d,8,00000000154c3da8,normal,0
1762980752.3343687,0x1c9,8,00000000154c3da8,normal,0
1762980752.3613536,0x1a,8,000000009e5ee282,normal,0
1762980752.3613799,0x2f,8,0bff00009e5ee282,normal,0
1762980752.3613844,0x43,8,000000009e5ee282,normal,0
1762980752.3613877,0x58,8,0e6400009e5ee282,normal,0
1762980752.361391,0x6d,8,000000009e5ee282,normal,0
1762980752.3613954,0x1c9,8,000000009e5ee282,normal,0
1762980752.3888936,0x1a,8,000000003780852b,normal,0
1762980752.388907,0x2f,8,0bff00003780852b,normal,0
1762980752.3889115,0x43,8,000000003780852b,normal,0
1762980752.388915,0x58,8,0e6400003780852b,normal,0
1762980752.3889189,0x6d,8,000000003780852b,normal,0
1762980752.3889232,0x1c9,8,000000003780852b,normal,0
1762980752.414488,0x1a,8,000000005d504f1c,normal,0
1762980752.414501,0x2f,8,0bff00005d504f1c,normal,0
1762980752.4145057,0x43,8,000000005d504f1c,normal,0
1762980752.4145098,0x58,8,0e6400005d504f1c,normal,0
1762980752.414514,0x6d,8,000000005d504f1c,normal,0
1762980752.414519,0x1c9,8,000000005d504f1c,normal,0
1762980752.4403892,0x1a,8,00000000329b9c81,normal,0
1762980752.440403,0x2f,8,0bff0000329b9c81,normal,0
1762980752.4404075,0x43,8,00000000329b9c81,normal,0
1762980752.4404113,0x58,8,0e640000329b9c81,normal,0
1762980752.4404151,0x6d,8,00000000329b9c81,normal,0
1762980752.4404192,0x1c9,8,00000000329b9c81,normal,0
1762980752.4669034,0x1a,8,000000002c15e5e9,normal,0
1762980752.466916,0x2f,8,0bff00002c15e5e9,normal,0
1762980752.4669201,0x43,8,000000002c15e5e9,normal,0
1762980752.4669247,0x58,8,0e6400002c15e5e9,normal,0
1762980752.4669278,0x6d,8,000000002c15e5e9,normal,0
1762980752.4669318,0x1c9,8,000000002c15e5e9,normal,0
1762980752.4948697,0x1a,8,000000000883342e,normal,0
1762980752.494893,0x2f,8,0bff00000883342e,normal,0
1762980752.4949036,0x43,8,000000000883342e,normal,0
1762980752.4949136,0x58,8,0e6400000883342e,normal,0
1762980752.494923,0x6d,8,000000000883342e,normal,0
1762980752.494933,0x1c9,8,000000000883342e,normal,0
1762980752.5476272,0x1a,8,000000005a19c36f,normal,0
1762980752.5476513,0x2f,8,0bff00005a19c36f,normal,0
1762980752.5476644,0x43,8,000000005a19c36f,normal,0
1762980752.547676,0x58,8,0e6400005a19c36f,normal,0
1762980752.547687,0x6d,8,000000005a19c36f,normal,0
1762980752.5476985,0x1c9,8,000000005a19c36f,normal,0
1762980752.5741396,0x1a,8,000000001522876c,normal,0
1762980752.5741549,0x2f,8,0bff00001522876c,normal,0
1762980752.5741594,0x43,8,000000001522876c,normal,0
1762980752.574163,0x58,8,0e6400001522876c,normal,0
1762980752.5741668,0x6d,8,000000001522876c,normal,0
1762980752.5741713,0x1c9,8,000000001522876c,normal,0
1762980752.6039138,0x1a,8,000000006c776659,normal,0
1762980752.6039393,0x2f,8,0bff00006c776659,normal,0
1762980752.6039517,0x43,8,000000006c776659,normal,0
1762980752.6039627,0x58,8,0e6400006c776659,normal,0
1762980752.6039734,0x6d,8,000000006c776659,normal,0
1762980752.6039839,0x1c9,8,000000006c776659,normal,0
1762980752.6302567,0x1a,8,000000003b453383,normal,0
1762980752.630279,0x2f,8,0bff00003b453383,normal,0
1762980752.6302912,0x43,8,000000003b453383,normal,0
1762980752.630303,0x58,8,0e6400003b453383,normal,0
1762980752.6303139,0x6d,8,000000003b453383,normal,0
1762980752.6303248,0x1c9,8,000000003b453383,normal,0
1762980752.6568785,0x1a,8,00000000c35d4379,normal,0
1762980752.6568944,0x2f,8,0bff0000c35d4379,normal,0
1762980752.656899,0x43,8,00020000c35d4379,normal,0
1762980752.6569028,0x58,8,0e640000c35d4379,normal,0
1762980752.6569061,0x6d,8,00000000c35d4379,normal,0
1762980752.6569104,0x1c9,8,00000000c35d4379,normal,0
1762980752.7103095,0x1a,8,0000000050cd5759,normal,0
1762980752.710333,0x2f,8,0bff000050cd5759,normal,0
1762980752.7103457,0x43,8,0000000050cd5759,normal,0
1762980752.7103572,0x58,8,0e64000050cd5759,normal,0
1762980752.7103684,0x6d,8,0000000050cd5759,normal,0
1762980752.7103796,0x1c9,8,0000000050cd5759,normal,0
1762980752.7372017,0x1a,8,00000000d63797ba,normal,0
1762980752.7372155,0x2f,8,0bff0000d63797ba,normal,0
1762980752.7372203,0x43,8,00000000d63797ba,normal,0
1762980752.7372246,0x58,8,0e640000d63797ba,normal,0
1762980752.7372284,0x6d,8,00000000d63797ba,normal,0
1762980752.737233,0x1c9,8,00000000d63797ba,normal,0
1762980752.7647204,0x1a,8,00000000f02e4154,normal,0
1762980752.7647438,0x2f,8,0bff0000f02e4154,normal,0
1762980752.7647567,0x43,8,00010000f02e4154,normal,0
1762980752.7647684,0x58,8,0e640000f02e4154,normal,0
1762980752.7647793,0x6d,8,00000000f02e4154,normal,0
1762980752.76479,0x1c9,8,00000000f02e4154,normal,0
1762980752.7910619,0x1a,8,00000000bc25ad43,normal,0
1762980752.791093,0x2f,8,0bff0000bc25ad43,normal,0
1762980752.791107,0x43,8,00000000bc25ad43,normal,0
1762980752.791119,0x58,8,0e640000bc25ad43,normal,0
1762980752.791131,0x6d,8,00000000bc25ad43,normal,0
1762980752.791143,0x1c9,8,00000000bc25ad43,normal,0
1762980752.821472,0x1a,8,000000001d5b9e2c,normal,0
1762980752.8214982,0x2f,8,0bff00001d5b9e2c,normal,0
1762980752.8215103,0x43,8,000000001d5b9e2c,normal,0
1762980752.8215218,0x58,8,0e6400001d5b9e2c,normal,0
1762980752.8215327,0x6d,8,000000001d5b9e2c,normal,0
1762980752.821544,0x1c9,8,000000001d5b9e2c,normal,0
1762980752.8501477,0x1a,8,00000000908f105c,normal,0
1762980752.8501787,0x2f,8,0bff0000908f105c,normal,0
1762980752.8501835,0x43,8,00000000908f105c,normal,0
1762980752.850187,0x58,8,0e640000908f105c,normal,0
1762980752.8501906,0x6d,8,00000000908f105c,normal,0
1762980752.8501952,0x1c9,8,00000000908f105c,normal,0
1762980752.8782065,0x1a,8,000000006a8a63d5,normal,0
1762980752.8782215,0x2f,8,0bff00006a8a63d5,normal,0
1762980752.8782275,0x43,8,000000006a8a63d5,normal,0
1762980752.8782327,0x58,8,0e6400006a8a63d5,normal,0
1762980752.878238,0x6d,8,000000006a8a63d5,normal,0
1762980752.878244,0x1c9,8,000000006a8a63d5,normal,0
1762980752.9051487,0x1a,8,0000000059f78a0b,normal,0
1762980752.9051783,0x2f,8,0bff000059f78a0b,normal,0
1762980752.9051912,0x43,8,0000000059f78a0b,normal,0
1762980752.905203,0x58,8,0e64000059f78a0b,normal,0
1762980752.905215,0x6d,8,0000000059f78a0b,normal,0
1762980752.9052265,0x1c9,8,0000000059f78a0b,normal,0
1762980752.9542956,0x1a,8,000000003b1fb101,normal,0
1762980752.9543087,0x2f,8,0bff00003b1fb101,normal,0
1762980752.9543135,0x43,8,000100003b1fb101,normal,0
1762980752.9543178,0x58,8,0e6400003b1fb101,normal,0
1762980752.9543216,0x6d,8,000000003b1fb101,normal,0
1762980752.9543262,0x1c9,8,000000003b1fb101,normal,0
1762980752.9854026,0x1a,8,0000000076d25e0a,normal,0
1762980752.9854302,0x2f,8,0bff000076d25e0a,normal,0
1762980752.9854348,0x43,8,0001000076d25e0a,normal,0
1762980752.9854383,0x58,8,0e64000076d25e0a,normal,0
1762980752.9854422,0x6d,8,0000000076d25e0a,normal,0
1762980752.9854474,0x1c9,8,0000000076d25e0a,normal,0
1762980753.0159206,0x1a,8,00000000148374d1,normal,0
1762980753.0159335,0x2f,8,0bff0000148374d1,normal,0
1762980753.0159385,0x43,8,00000000148374d1,normal,0
1762980753.0159423,0x58,8,0e640000148374d1,normal,0
1762980753.0159461,0x6d,8,00000000148374d1,normal,0
1762980753.015951,0x1c9,8,00000000148374d1,normal,0
1762980753.0510564,0x1a,8,00000000b51566e2,normal,0
1762980753.0510786,0x2f,8,0bff0000b51566e2,normal,0
1762980753.051089,0x43,8,00000000b51566e2,normal,0
1762980753.051099,0x58,8,0e640000b51566e2,normal,0
1762980753.0511084,0x6d,8,00000000b51566e2,normal,0
1762980753.0511177,0x1c9,8,00000000b51566e2,normal,0
1762980753.0847585,0x1a,8,000000005ac590ea,normal,0
1762980753.084775,0x2f,8,0bff00005ac590ea,normal,0
1762980753.0847821,0x43,8,000000005ac590ea,normal,0
1762980753.084788,0x58,8,0e6400005ac590ea,normal,0
1762980753.0847933,0x6d,8,000000005ac590ea,normal,0
1762980753.0847993,0x1c9,8,000000005ac590ea,normal,0
1762980753.1199176,0x1a,8,00000000b2478b98,normal,0
1762980753.1199315,0x2f,8,0bff0000b2478b98,normal,0
1762980753.1199374,0x43,8,00000000b2478b98,normal,0
1762980753.1199434,0x58,8,0e640000b2478b98,normal,0
1762980753.1199493,0x6d,8,00000000b2478b98,normal,0
1762980753.1199558,0x1c9,8,00000000b2478b98,normal,0
1762980753.151988,0x1a,8,000000003843a724,normal,0
1762980753.1520126,0x2f,8,0bff00003843a724,normal,0
1762980753.1520243,0x43,8,000000003843a724,normal,0
1762980753.1520355,0x58,8,0e6400003843a724,normal,0
1762980753.1520462,0x6d,8,000000003843a724,normal,0
1762980753.152057,0x1c9,8,000000003843a724,normal,0
1762980753.1780581,0x1a,8,00000000ebf2dfd5,normal,0
1762980753.1780791,0x2f,8,0bff0000ebf2dfd5,normal,0
1762980753.1780834,0x43,8,00000000ebf2dfd5,normal,0
1762980753.178087,0x58,8,0e640000ebf2dfd5,normal,0
1762980753.1780908,0x6d,8,00000000ebf2dfd5,normal,0
1762980753.1780953,0x1c9,8,00000000ebf2dfd5,normal,0
1762980753.207938,0x1a,8,00000000e5d23389,normal,0
1762980753.2079532,0x2f,8,0bff0000e5d23389,normal,0
1762980753.2079587,0x43,8,00000000e5d23389,normal,0
1762980753.2079642,0x58,8,0e640000e5d23389,normal,0
1762980753.2079687,0x6d,8,00000000e5d23389,normal,0
1762980753.207974,0x1c9,8,00000000e5d23389,normal,0
1762980753.2332213,0x1a,8,000000002740fda1,normal,0
1762980753.233233,0x2f,8,0bff00002740fda1,normal,0
1762980753.2332373,0x43,8,000000002740fda1,normal,0
1762980753.2332406,0x58,8,0e6400002740fda1,normal,0
1762980753.2332442,0x6d,8,000000002740fda1,normal,0
1762980753.233248,0x1c9,8,000000002740fda1,normal,0
1762980753.2830544,0x1a,8,0000000036865185,normal,0
1762980753.2830667,0x2f,8,0bff000036865185,normal,0
1762980753.283072,0x43,8,0000000036865185,normal,0
1762980753.283076,0x58,8,0e64000036865185,normal,0
1762980753.2830794,0x6d,8,0000000036865185,normal,0
1762980753.2830837,0x1c9,8,0000000036865185,normal,0
1762980753.3133557,0x1a,8,00000000e9c8845c,normal,0
1762980753.313382,0x2f,8,0bff0000e9c8845c,normal,0
1762980753.313395,0x43,8,00000000e9c8845c,normal,0
1762980753.313407,0x58,8,0e640000e9c8845c,normal,0
1762980753.313418,0x6d,8,00000000e9c8845c,normal,0
1762980753.3134294,0x1c9,8,00000000e9c8845c,normal,0
1762980753.3416536,0x1a,8,0000000012d76aba,normal,0
1762980753.3416693,0x2f,8,0bff000012d76aba,normal,0
1762980753.3416748,0x43,8,0000000012d76aba,normal,0
1762980753.3416793,0x58,8,0e64000012d76aba,normal,0
1762980753.3416834,0x6d,8,0000000012d76aba,normal,0
1762980753.3416886,0x1c9,8,0000000012d76aba,normal,0
1762980753.3672657,0x1a,8,000000006d4d8dd0,normal,0
1762980753.3672822,0x2f,8,0bff00006d4d8dd0,normal,0
1762980753.367287,0x43,8,000000006d4d8dd0,normal,0
1762980753.367291,0x58,8,0e6400006d4d8dd0,normal,0
1762980753.3672953,0x6d,8,000000006d4d8dd0,normal,0
1762980753.3673,0x1c9,8,000000006d4d8dd0,normal,0
1762980753.39454,0x1a,8,00000000c0495596,normal,0
1762980753.3945632,0x2f,8,0bff0000c0495596,normal,0
1762980753.3945754,0x43,8,00000000c0495596,normal,0
1762980753.3945868,0x58,8,0e640000c0495596,normal,0
1762980753.3945978,0x6d,8,00000000c0495596,normal,0
1762980753.3946085,0x1c9,8,00000000c0495596,normal,0
1762980753.4191403,0x1a,8,00000000136c3302,normal,0
1762980753.4191551,0x2f,8,0bff0000136c3302,normal,0
1762980753.4191594,0x43,8,00000000136c3302,normal,0
1762980753.419163,0x58,8,0e640000136c3302,normal,0
1762980753.419167,0x6d,8,00000000136c3302,normal,0
1762980753.4191716,0x1c9,8,00000000136c3302,normal,0
1762980753.4449255,0x1a,8,000000007ac5c079,normal,0
1762980753.4449387,0x2f,8,0bff00007ac5c079,normal,0
1762980753.4449434,0x43,8,000000007ac5c079,normal,0
1762980753.4449472,0x58,8,0e6400007ac5c079,normal,0
1762980753.4449513,0x6d,8,000000007ac5c079,normal,0
1762980753.444956,0x1c9,8,000000007ac5c079,normal,0
1762980753.4696314,0x1a,8,000000009ed063b6,normal,0
1762980753.4696448,0x2f,8,0bff00009ed063b6,normal,0
1762980753.4696493,0x43,8,000000009ed063b6,normal,0
1762980753.4696531,0x58,8,0e6400009ed063b6,normal,0
1762980753.4696567,0x6d,8,000000009ed063b6,normal,0
1762980753.4696615,0x1c9,8,000000009ed063b6,normal,0
1762980753.4946394,0x1a,8,000000008523708b,normal,0
1762980753.4946518,0x2f,8,0bff00008523708b,normal,0
1762980753.4946563,0x43,8,000000008523708b,normal,0
1762980753.4946601,0x58,8,0e6400008523708b,normal,0
1762980753.4946637,0x6d,8,000000008523708b,normal,0
1762980753.4946678,0x1c9,8,000000008523708b,normal,0
1762980753.5270505,0x1a,8,0000000086e0abb8,normal,0
1762980753.5270634,0x2f,8,0bff000086e0abb8,normal,0
1762980753.5270684,0x43,8,0000000086e0abb8,normal,0
1762980753.5270722,0x58,8,0e64000086e0abb8,normal,0
1762980753.527076,0x6d,8,0000000086e0abb8,normal,0
1762980753.5270808,0x1c9,8,0000000086e0abb8,normal,0
1762980753.5608764,0x1a,8,000000001864481d,normal,0
1762980753.5608997,0x2f,8,0bff00001864481d,normal,0
1762980753.5609124,0x43,8,000000001864481d,normal,0
1762980753.5609238,0x58,8,0e6400001864481d,normal,0
1762980753.5609348,0x6d,8,000000001864481d,normal,0
1762980753.5609462,0x1c9,8,000000001864481d,normal,0
1762980753.5911765,0x1a,8,00000000defb61f8,normal,0
1762980753.5911992,0x2f,8,0bff0000defb61f8,normal,0
1762980753.5912113,0x43,8,00000000defb61f8,normal,0
1762980753.5912225,0x58,8,0e640000defb61f8,normal,0
1762980753.5912333,0x6d,8,00000000defb61f8,normal,0
1762980753.591244,0x1c9,8,00000000defb61f8,normal,0
1762980753.624914,0x1a,8,00000000462d53e2,normal,0
1762980753.624936,0x2f,8,0bff0000462d53e2,normal,0
1762980753.6249485,0x43,8,00000000462d53e2,normal,0
1762980753.62496,0x58,8,0e640000462d53e2,normal,0
1762980753.6249704,0x6d,8,00000000462d53e2,normal,0
1762980753.6249814,0x1c9,8,00000000462d53e2,normal,0
1762980753.662662,0x1a,8,000000005f3da330,normal,0
1762980753.6626787,0x2f,8,0bff00005f3da330,normal,0
1762980753.6626832,0x43,8,000000005f3da330,normal,0
1762980753.6626873,0x58,8,0e6400005f3da330,normal,0
1762980753.6626909,0x6d,8,000000005f3da330,normal,0
1762980753.662695,0x1c9,8,000000005f3da330,normal,0
1762980753.724677,0x1a,8,00000000199a0248,normal,0
1762980753.7246902,0x2f,8,0bff0000199a0248,normal,0
1762980753.724695,0x43,8,00020000199a0248,normal,0
1762980753.7246988,0x58,8,0e640000199a0248,normal,0
1762980753.7247026,0x6d,8,00000000199a0248,normal,0
1762980753.7247064,0x1c9,8,00000000199a0248,normal,0
1762980753.7516034,0x1a,8,0000000015df1e72,normal,0
1762980753.7516286,0x2f,8,0bff000015df1e72,normal,0
1762980753.7516334,0x43,8,0000000015df1e72,normal,0
1762980753.7516382,0x58,8,0e64000015df1e72,normal,0
1762980753.751642,0x6d,8,0000000015df1e72,normal,0
1762980753.7516468,0x1c9,8,0000000015df1e72,normal,0
1762980753.776791,0x1a,8,00000000c0316410,normal,0
1762980753.7768044,0x2f,8,0bff0000c0316410,normal,0
1762980753.776809,0x43,8,00000000c0316410,normal,0
1762980753.776813,0x58,8,0e640000c0316410,normal,0
1762980753.7768173,0x6d,8,00000000c0316410,normal,0
1762980753.7768226,0x1c9,8,00000000c0316410,normal,0
1762980753.836813,0x1a,8,000000000ac8e5eb,normal,0
1762980753.83684,0x2f,8,0bff00000ac8e5eb,normal,0
1762980753.8368535,0x43,8,000000000ac8e5eb,normal,0
1762980753.8368704,0x58,8,0e6400000ac8e5eb,normal,0
1762980753.8368819,0x6d,8,000000000ac8e5eb,normal,0
1762980753.8368945,0x1c9,8,000000000ac8e5eb,normal,0
1762980753.8637998,0x1a,8,0000000044cc5fa6,normal,0
1762980753.8638458,0x2f,8,0bff000044cc5fa6,normal,0
1762980753.8638506,0x43,8,0000000044cc5fa6,normal,0
1762980753.8638546,0x58,8,0e64000044cc5fa6,normal,0
1762980753.8638587,0x6d,8,0000000044cc5fa6,normal,0
1762980753.8638682,0x1c9,8,0000000044cc5fa6,normal,0
1762980753.9019783,0x1a,8,000000007f87a296,normal,0
1762980753.9019918,0x2f,8,0bff00007f87a296,normal,0
1762980753.9019973,0x43,8,000000007f87a296,normal,0
1762980753.9020011,0x58,8,0e6400007f87a296,normal,0
1762980753.902005,0x6d,8,000000007f87a296,normal,0
1762980753.902009,0x1c9,8,000000007f87a296,normal,0
1762980753.935509,0x1a,8,000000008816ba41,normal,0
1762980753.9355252,0x2f,8,0bff00008816ba41,normal,0
1762980753.935531,0x43,8,000000008816ba41,normal,0
1762980753.935536,0x58,8,0e6400008816ba41,normal,0
1762980753.9355402,0x6d,8,000000008816ba41,normal,0
1762980753.9355447,0x1c9,8,000000008816ba41,normal,0
1762980753.9727666,0x1a,8,000000000672021f,normal,0
1762980753.9727905,0x2f,8,0bff00000672021f,normal,0
1762980753.9728026,0x43,8,000000000672021f,normal,0
1762980753.9728138,0x58,8,0e6400000672021f,normal,0
1762980753.972825,0x6d,8,000000000672021f,normal,0
1762980753.9728363,0x1c9,8,000000000672021f,normal,0
1762980754.007814,0x1a,8,00000000323df8b3,normal,0
1762980754.0078294,0x2f,8,0bff0000323df8b3,normal,0
1762980754.007834,0x43,8,00000000323df8b3,normal,0
1762980754.0078378,0x58,8,0e640000323df8b3,normal,0
1762980754.007842,0x6d,8,00000000323df8b3,normal,0
1762980754.0078464,0x1c9,8,00000000323df8b3,normal,0
1762980754.0444734,0x1a,8,00000000cfea1b05,normal,0
1762980754.0444865,0x2f,8,0bff0000cfea1b05,normal,0
1762980754.0444913,0x43,8,00010000cfea1b05,normal,0
1762980754.0444956,0x58,8,0e640000cfea1b05,normal,0
1762980754.0444992,0x6d,8,00000000cfea1b05,normal,0
1762980754.0445035,0x1c9,8,00000000cfea1b05,normal,0
1762980754.0812843,0x1a,8,0000000042cc0f73,normal,0
1762980754.0814996,0x2f,8,0bff000042cc0f73,normal,0
1762980754.0815043,0x43,8,0000000042cc0f73,normal,0
1762980754.081508,0x58,8,0e64000042cc0f73,normal,0
1762980754.0815117,0x6d,8,0000000042cc0f73,normal,0
1762980754.0815163,0x1c9,8,0000000042cc0f73,normal,0
1762980754.1359613,0x1a,8,00000000370b056e,normal,0
1762980754.1359737,0x2f,8,0bff0000370b056e,normal,0
1762980754.1359785,0x43,8,00000000370b056e,normal,0
1762980754.1359823,0x58,8,0e640000370b056e,normal,0
1762980754.1359854,0x6d,8,00000000370b056e,normal,0
1762980754.1359897,0x1c9,8,00000000370b056e,normal,0
1762980754.1871512,0x1a,8,00000000587b4279,normal,0
1762980754.1871645,0x2f,8,0bff0000587b4279,normal,0
1762980754.1871696,0x43,8,00000000587b4279,normal,0
1762980754.1871736,0x58,8,0e640000587b4279,normal,0
1762980754.1871777,0x6d,8,00000000587b4279,normal,0
1762980754.1871824,0x1c9,8,00000000587b4279,normal,0
1762980754.214216,0x1a,8,00000000c39e7d21,normal,0
1762980754.2142377,0x2f,8,0bff0000c39e7d21,normal,0
1762980754.2142482,0x43,8,00000000c39e7d21,normal,0
1762980754.214259,0x58,8,0e640000c39e7d21,normal,0
1762980754.2142687,0x6d,8,00000000c39e7d21,normal,0
1762980754.214279,0x1c9,8,00000000c39e7d21,normal,0
1762980754.239607,0x1a,8,00000000fdebf4d7,normal,0
1762980754.239623,0x2f,8,0bff0000fdebf4d7,normal,0
1762980754.2396295,0x43,8,00000000fdebf4d7,normal,0
1762980754.2396352,0x58,8,0e640000fdebf4d7,normal,0
1762980754.2396402,0x6d,8,00000000fdebf4d7,normal,0
1762980754.2396462,0x1c9,8,00000000fdebf4d7,normal,0
1762980754.2724617,0x1a,8,0000000002d60cd4,normal,0
1762980754.2724876,0x2f,8,0bff000002d60cd4,normal,0
1762980754.2725005,0x43,8,0000000002d60cd4,normal,0
1762980754.2725117,0x58,8,0e64000002d60cd4,normal,0
1762980754.2725227,0x6d,8,0000000002d60cd4,normal,0
1762980754.2725341,0x1c9,8,0000000002d60cd4,normal,0
1762980754.298378,0x1a,8,00000000a6b1bfc6,normal,0
1762980754.298398,0x2f,8,0bff0000a6b1bfc6,normal,0
1762980754.298409,0x43,8,00000000a6b1bfc6,normal,0
1762980754.29842,0x58,8,0e640000a6b1bfc6,normal,0
1762980754.2984302,0x6d,8,00000000a6b1bfc6,normal,0
1762980754.2984412,0x1c9,8,00000000a6b1bfc6,normal,0
1762980754.3548856,0x1a,8,0000000018a762af,normal,0
1762980754.354987,0x2f,8,0bff000018a762af,normal,0
1762980754.354998,0x43,8,0000000018a762af,normal,0
1762980754.3550022,0x58,8,0e64000018a762af,normal,0
1762980754.3550057,0x6d,8,0000000018a762af,normal,0
1762980754.3550105,0x1c9,8,0000000018a762af,normal,0
1762980754.3861494,0x1a,8,000000007375eebc,normal,0
1762980754.386178,0x2f,8,0bff00007375eebc,normal,0
1762980754.3861828,0x43,8,000000007375eebc,normal,0
1762980754.3861866,0x58,8,0e6400007375eebc,normal,0
1762980754.38619,0x6d,8,000000007375eebc,normal,0
1762980754.386194,0x1c9,8,000000007375eebc,normal,0
1762980754.4187908,0x1a,8,0000000022c50d72,normal,0
1762980754.4188054,0x2f,8,0bff000022c50d72,normal,0
1762980754.4188101,0x43,8,0000000022c50d72,normal,0
1762980754.4188137,0x58,8,0e64000022c50d72,normal,0
1762980754.418817,0x6d,8,0000000022c50d72,normal,0
1762980754.418821,0x1c9,8,0000000022c50d72,normal,0
1762980754.4547758,0x1a,8,00000000c22f1408,normal,0
1762980754.4547908,0x2f,8,0bff0000c22f1408,normal,0
1762980754.4547963,0x43,8,00000000c22f1408,normal,0
1762980754.4548008,0x58,8,0e640000c22f1408,normal,0
1762980754.4548044,0x6d,8,00000000c22f1408,normal,0
1762980754.4548087,0x1c9,8,00000000c22f1408,normal,0
1762980754.4918652,0x1a,8,0000000045fe8795,normal,0
1762980754.4918785,0x2f,8,0bff000045fe8795,normal,0
1762980754.491883,0x43,8,0000000045fe8795,normal,0
1762980754.4918869,0x58,8,0e64000045fe8795,normal,0
1762980754.4918904,0x6d,8,0000000045fe8795,normal,0
1762980754.4918947,0x1c9,8,0000000045fe8795,normal,0
1762980754.5260425,0x1a,8,0000000059ffa4ab,normal,0
1762980754.5260665,0x2f,8,0bff000059ffa4ab,normal,0
1762980754.5260792,0x43,8,0001000059ffa4ab,normal,0
1762980754.526091,0x58,8,0e64000059ffa4ab,normal,0
1762980754.5261023,0x6d,8,0000000059ffa4ab,normal,0
1762980754.526114,0x1c9,8,0000000059ffa4ab,normal,0
1762980754.5497494,0x1a,8,000000005262abd1,normal,0
1762980754.5497768,0x2f,8,0bff00005262abd1,normal,0
1762980754.5497818,0x43,8,000000005262abd1,normal,0
1762980754.5497854,0x58,8,0e6400005262abd1,normal,0
1762980754.5497892,0x6d,8,000000005262abd1,normal,0
1762980754.549794,0x1c9,8,000000005262abd1,normal,0
1762980754.576881,0x1a,8,00000000ba795eff,normal,0
1762980754.5769842,0x2f,8,0bff0000ba795eff,normal,0
1762980754.576994,0x43,8,00000000ba795eff,normal,0
1762980754.5769987,0x58,8,0e640000ba795eff,normal,0
1762980754.5770028,0x6d,8,00000000ba795eff,normal,0
1762980754.5770073,0x1c9,8,00000000ba795eff,normal,0
1762980754.6036146,0x1a,8,00000000891d1473,normal,0
1762980754.6036284,0x2f,8,0bff0000891d1473,normal,0
1762980754.6036334,0x43,8,00000000891d1473,normal,0
1762980754.6036377,0x58,8,0e640000891d1473,normal,0
1762980754.603642,0x6d,8,00000000891d1473,normal,0
1762980754.6036472,0x1c9,8,00000000891d1473,normal,0
1762980754.6352384,0x1a,8,00000000e63309db,normal,0
1762980754.6352515,0x2f,8,0bff0000e63309db,normal,0
1762980754.635256,0x43,8,00000000e63309db,normal,0
1762980754.635261,0x58,8,0e640000e63309db,normal,0
1762980754.635265,0x6d,8,00000000e63309db,normal,0
1762980754.6352699,0x1c9,8,00000000e63309db,normal,0
1762980754.6608696,0x1a,8,000000000dd2accb,normal,0
1762980754.6608832,0x2f,8,0bff00000dd2accb,normal,0
1762980754.6608877,0x43,8,000000000dd2accb,normal,0
1762980754.6608915,0x58,8,0e6400000dd2accb,normal,0
1762980754.6608953,0x6d,8,000000000dd2accb,normal,0
1762980754.6609,0x1c9,8,000000000dd2accb,normal,0
1762980754.6878786,0x1a,8,00000000537dc304,normal,0
1762980754.6878939,0x2f,8,0bff0000537dc304,normal,0
1762980754.687899,0x43,8,00000000537dc304,normal,0
1762980754.687903,0x58,8,0e640000537dc304,normal,0
1762980754.6879063,0x6d,8,00000000537dc304,normal,0
1762980754.6879106,0x1c9,8,00000000537dc304,normal,0
1762980754.7370849,0x1a,8,00000000b7847102,normal,0
1762980754.737099,0x2f,8,0bff0000b7847102,normal,0
1762980754.7371047,0x43,8,00000000b7847102,normal,0
1762980754.7371101,0x58,8,0e640000b7847102,normal,0
1762980754.737116,0x6d,8,00000000b7847102,normal,0
1762980754.7371225,0x1c9,8,00000000b7847102,normal,0
1762980754.7639124,0x1a,8,000000006ec59380,normal,0
1762980754.7639365,0x2f,8,0bff00006ec59380,normal,0
1762980754.763949,0x43,8,000000006ec59380,normal,0
1762980754.7639604,0x58,8,0e6400006ec59380,normal,0
1762980754.763971,0x6d,8,000000006ec59380,normal,0
1762980754.7639818,0x1c9,8,000000006ec59380,normal,0
1762980754.815177,0x1a,8,00000000547fe350,normal,0
1762980754.8152008,0x2f,8,0bff0000547fe350,normal,0
1762980754.8152134,0x43,8,00010000547fe350,normal,0
1762980754.8152244,0x58,8,0e640000547fe350,normal,0
1762980754.8152351,0x6d,8,00000000547fe350,normal,0
1762980754.815246,0x1c9,8,00000000547fe350,normal,0
1762980754.84276,0x1a,8,000000005c10b9ed,normal,0
1762980754.8427758,0x2f,8,0bff00005c10b9ed,normal,0
1762980754.8427823,0x43,8,000100005c10b9ed,normal,0
1762980754.8427868,0x58,8,0e6400005c10b9ed,normal,0
1762980754.8427908,0x6d,8,000000005c10b9ed,normal,0
1762980754.842796,0x1c9,8,000000005c10b9ed,normal,0
1762980754.8680394,0x1a,8,000000001ebb35d5,normal,0
1762980754.8680542,0x2f,8,0bff00001ebb35d5,normal,0
1762980754.8680587,0x43,8,000100001ebb35d5,normal,0
1762980754.8680623,0x58,8,0e6400001ebb35d5,normal,0
1762980754.8680663,0x6d,8,000000001ebb35d5,normal,0
1762980754.868072,0x1c9,8,000000001ebb35d5,normal,0
1762980754.8933482,0x1a,8,00000000f988f502,normal,0
1762980754.8933613,0x2f,8,0bff0000f988f502,normal,0
1762980754.893366,0x43,8,00000000f988f502,normal,0
1762980754.8933702,0x58,8,0e640000f988f502,normal,0
1762980754.8933737,0x6d,8,00000000f988f502,normal,0
1762980754.8933785,0x1c9,8,00000000f988f502,normal,0
1762980754.9206486,0x1a,8,00000000c48ea12c,normal,0
1762980754.9206617,0x2f,8,0bff0000c48ea12c,normal,0
1762980754.9206662,0x43,8,00000000c48ea12c,normal,0
1762980754.9206703,0x58,8,0e640000c48ea12c,normal,0
1762980754.9206736,0x6d,8,00000000c48ea12c,normal,0
1762980754.9206777,0x1c9,8,00000000c48ea12c,normal,0
1762980754.974312,0x1a,8,00000000b268b2ec,normal,0
1762980754.9743638,0x2f,8,0bff0000b268b2ec,normal,0
1762980754.9743686,0x43,8,00010000b268b2ec,normal,0
1762980754.9743724,0x58,8,0e640000b268b2ec,normal,0
1762980754.9743757,0x6d,8,00000000b268b2ec,normal,0
1762980754.9743803,0x1c9,8,00000000b268b2ec,normal,0
1762980755.0011718,0x1a,8,00000000a73ea806,normal,0
1762980755.0011845,0x2f,8,0bff0000a73ea806,normal,0
1762980755.001189,0x43,8,00000000a73ea806,normal,0
1762980755.0011926,0x58,8,0e640000a73ea806,normal,0
1762980755.0011961,0x6d,8,00000000a73ea806,normal,0
1762980755.0012007,0x1c9,8,00000000a73ea806,normal,0
1762980755.0275393,0x1a,8,00000000d07f3c1b,normal,0
1762980755.0275521,0x2f,8,0bff0000d07f3c1b,normal,0
1762980755.027557,0x43,8,00000000d07f3c1b,normal,0
1762980755.0275612,0x58,8,0e640000d07f3c1b,normal,0
1762980755.027566,0x6d,8,00000000d07f3c1b,normal,0
1762980755.027572,0x1c9,8,00000000d07f3c1b,normal,0
1762980755.055397,0x1a,8,00000000ed048b06,normal,0
1762980755.0554214,0x2f,8,0bff0000ed048b06,normal,0
1762980755.0554338,0x43,8,00000000ed048b06,normal,0
1762980755.0554454,0x58,8,0e640000ed048b06,normal,0
1762980755.0554564,0x6d,8,00000000ed048b06,normal,0
1762980755.0554678,0x1c9,8,00000000ed048b06,normal,0
1762980755.1075597,0x1a,8,00000000771b015d,normal,0
1762980755.107573,0x2f,8,0bff0000771b015d,normal,0
1762980755.1075778,0x43,8,00000000771b015d,normal,0
1762980755.1075826,0x58,8,0e640000771b015d,normal,0
1762980755.1075864,0x6d,8,00000000771b015d,normal,0
1762980755.1075912,0x1c9,8,00000000771b015d,normal,0
1762980755.1336124,0x1a,8,000000000b2b274a,normal,0
1762980755.1336248,0x2f,8,0bff00000b2b274a,normal,0
1762980755.1336296,0x43,8,000000000b2b274a,normal,0
1762980755.1336334,0x58,8,0e6400000b2b274a,normal,0
1762980755.1336372,0x6d,8,000000000b2b274a,normal,0
1762980755.133642,0x1c9,8,000000000b2b274a,normal,0
1762980755.1588142,0x1a,8,00000000c60bc6ef,normal,0
1762980755.1588264,0x2f,8,0bff0000c60bc6ef,normal,0
1762980755.158831,0x43,8,00000000c60bc6ef,normal,0
1762980755.158835,0x58,8,0e640000c60bc6ef,normal,0
1762980755.1588387,0x6d,8,00000000c60bc6ef,normal,0
1762980755.158843,0x1c9,8,00000000c60bc6ef,normal,0
1762980755.1850352,0x1a,8,0000000035726b08,normal,0
1762980755.1850483,0x2f,8,0bff000035726b08,normal,0
1762980755.1850536,0x43,8,0000000035726b08,normal,0
1762980755.1850576,0x58,8,0e64000035726b08,normal,0
1762980755.1850612,0x6d,8,0000000035726b08,normal,0
1762980755.1850657,0x1c9,8,0000000035726b08,normal,0
1762980755.2125995,0x1a,8,00000000883d25e4,normal,0
1762980755.212634,0x2f,8,0bff0000883d25e4,normal,0
1762980755.2126386,0x43,8,00000000883d25e4,normal,0
1762980755.2126422,0x58,8,0e640000883d25e4,normal,0
1762980755.212646,0x6d,8,00000000883d25e4,normal,0
1762980755.2126508,0x1c9,8,00000000883d25e4,normal,0
1762980755.2402713,0x1a,8,000000006ce0c048,normal,0
1762980755.2402997,0x2f,8,0bff00006ce0c048,normal,0
1762980755.2403126,0x43,8,000000006ce0c048,normal,0
1762980755.2403235,0x58,8,0e6400006ce0c048,normal,0
1762980755.240334,0x6d,8,000000006ce0c048,normal,0
1762980755.2403445,0x1c9,8,000000006ce0c048,normal,0
1762980755.2717206,0x1a,8,00000000ead9141a,normal,0
1762980755.2717412,0x2f,8,0bff0000ead9141a,normal,0
1762980755.2717528,0x43,8,00000000ead9141a,normal,0
1762980755.271764,0x58,8,0e640000ead9141a,normal,0
1762980755.2717743,0x6d,8,00000000ead9141a,normal,0
1762980755.271785,0x1c9,8,00000000ead9141a,normal,0
1762980755.3209877,0x1a,8,00000000691b0b83,normal,0
1762980755.3210099,0x2f,8,0bff0000691b0b83,normal,0
1762980755.321022,0x43,8,00000000691b0b83,normal,0
1762980755.3210335,0x58,8,0e640000691b0b83,normal,0
1762980755.3210444,0x6d,8,00000000691b0b83,normal,0
1762980755.321056,0x1c9,8,00000000691b0b83,normal,0
1762980755.347475,0x1a,8,0000000076709310,normal,0
1762980755.347489,0x2f,8,0bff000076709310,normal,0
1762980755.3474944,0x43,8,0000000076709310,normal,0
1762980755.3474982,0x58,8,0e64000076709310,normal,0
1762980755.3475015,0x6d,8,0000000076709310,normal,0
1762980755.347506,0x1c9,8,0000000076709310,normal,0
1762980755.373796,0x1a,8,00000000a89e65d7,normal,0
1762980755.3738198,0x2f,8,0bff0000a89e65d7,normal,0
1762980755.3738327,0x43,8,00000000a89e65d7,normal,0
1762980755.3738444,0x58,8,0e640000a89e65d7,normal,0
1762980755.3738554,0x6d,8,00000000a89e65d7,normal,0
1762980755.3738992,0x1c9,8,00000000a89e65d7,normal,0
1762980755.4233453,0x1a,8,00000000b31157bd,normal,0
1762980755.4233584,0x2f,8,0bff0000b31157bd,normal,0
1762980755.4233627,0x43,8,00010000b31157bd,normal,0
1762980755.4233663,0x58,8,0e640000b31157bd,normal,0
1762980755.4233696,0x6d,8,00000000b31157bd,normal,0
1762980755.423374,0x1c9,8,00000000b31157bd,normal,0
1762980755.4486334,0x1a,8,00000000e375dd3e,normal,0
1762980755.4486554,0x2f,8,0bff0000e375dd3e,normal,0
1762980755.448667,0x43,8,00000000e375dd3e,normal,0
1762980755.4486773,0x58,8,0e640000e375dd3e,normal,0
1762980755.448687,0x6d,8,00000000e375dd3e,normal,0
1762980755.4486973,0x1c9,8,00000000e375dd3e,normal,0
1762980755.4759698,0x1a,8,00000000c7b33779,normal,0
1762980755.4760468,0x2f,8,0bff0000c7b33779,normal,0
1762980755.4760516,0x43,8,00000000c7b33779,normal,0
1762980755.476055,0x58,8,0e640000c7b33779,normal,0
1762980755.4760585,0x6d,8,00000000c7b33779,normal,0
1762980755.476063,0x1c9,8,00000000c7b33779,normal,0
1762980755.5012329,0x1a,8,0000000086d20e85,normal,0
1762980755.5012457,0x2f,8,0bff000086d20e85,normal,0
1762980755.5012505,0x43,8,0000000086d20e85,normal,0
1762980755.501255,0x58,8,0e64000086d20e85,normal,0
1762980755.501259,0x6d,8,0000000086d20e85,normal,0
1762980755.501264,0x1c9,8,0000000086d20e85,normal,0
1762980755.528821,0x1a,8,0000000089085e43,normal,0
1762980755.5288436,0x2f,8,0bff000089085e43,normal,0
1762980755.5288553,0x43,8,0000000089085e43,normal,0
1762980755.5288703,0x58,8,0e64000089085e43,normal,0
1762980755.5288808,0x6d,8,0000000089085e43,normal,0
1762980755.5288918,0x1c9,8,0000000089085e43,normal,0
1762980755.55503,0x1a,8,000000000d5046ac,normal,0
1762980755.555046,0x2f,8,0bff00000d5046ac,normal,0
1762980755.5550506,0x43,8,000000000d5046ac,normal,0
1762980755.5550544,0x58,8,0e6400000d5046ac,normal,0
1762980755.5550582,0x6d,8,000000000d5046ac,normal,0
1762980755.5550628,0x1c9,8,000000000d5046ac,normal,0
1762980755.5858247,0x1a,8,000000003b324144,normal,0
1762980755.5858407,0x2f,8,0bff00003b324144,normal,0
1762980755.5858455,0x43,8,000100003b324144,normal,0
1762980755.5858495,0x58,8,0e6400003b324144,normal,0
1762980755.5858533,0x6d,8,000000003b324144,normal,0
1762980755.585858,0x1c9,8,000000003b324144,normal,0
1762980755.6123838,0x1a,8,000000009ac2e887,normal,0
1762980755.612408,0x2f,8,0bff00009ac2e887,normal,0
1762980755.6124208,0x43,8,000000009ac2e887,normal,0
1762980755.6124327,0x58,8,0e6400009ac2e887,normal,0
1762980755.612444,0x6d,8,000000009ac2e887,normal,0
1762980755.6124556,0x1c9,8,000000009ac2e887,normal,0
1762980755.6389186,0x1a,8,00000000b614b5de,normal,0
1762980755.638943,0x2f,8,0bff0000b614b5de,normal,0
1762980755.6389532,0x43,8,00000000b614b5de,normal,0
1762980755.6389632,0x58,8,0e640000b614b5de,normal,0
1762980755.638973,0x6d,8,00000000b614b5de,normal,0
1762980755.638983,0x1c9,8,00000000b614b5de,normal,0
1762980755.6645586,0x1a,8,0000000012bbdac2,normal,0
1762980755.6645722,0x2f,8,0bff000012bbdac2,normal,0
1762980755.664577,0x43,8,0000000012bbdac2,normal,0
1762980755.6645806,0x58,8,0e64000012bbdac2,normal,0
1762980755.664584,0x6d,8,0000000012bbdac2,normal,0
1762980755.6645882,0x1c9,8,0000000012bbdac2,normal,0
1762980755.6910899,0x1a,8,00000000bcfbbfed,normal,0
1762980755.6911037,0x2f,8,0bff0000bcfbbfed,normal,0
1762980755.6911085,0x43,8,00000000bcfbbfed,normal,0
1762980755.6911125,0x58,8,0e640000bcfbbfed,normal,0
1762980755.6911163,0x6d,8,00000000bcfbbfed,normal,0
1762980755.691121,0x1c9,8,00000000bcfbbfed,normal,0
1762980755.7221887,0x1a,8,00000000d80fcbf7,normal,0
1762980755.722214,0x2f,8,0bff0000d80fcbf7,normal,0
1762980755.7222264,0x43,8,00000000d80fcbf7,normal,0
1762980755.7222383,0x58,8,0e640000d80fcbf7,normal,0
1762980755.722249,0x6d,8,00000000d80fcbf7,normal,0
1762980755.7222607,0x1c9,8,00000000d80fcbf7,normal,0
1762980755.7500021,0x1a,8,000000002c4ebd1e,normal,0
1762980755.7500172,0x2f,8,0bff00002c4ebd1e,normal,0
1762980755.7500222,0x43,8,000000002c4ebd1e,normal,0
1762980755.7500262,0x58,8,0e6400002c4ebd1e,normal,0
1762980755.75003,0x6d,8,000000002c4ebd1e,normal,0
1762980755.750035,0x1c9,8,000000002c4ebd1e,normal,0
1762980755.7764735,0x1a,8,00000000a8803e26,normal,0
1762980755.7764854,0x2f,8,0bff0000a8803e26,normal,0
1762980755.77649,0x43,8,00000000a8803e26,normal,0
1762980755.7764935,0x58,8,0e640000a8803e26,normal,0
1762980755.7764974,0x6d,8,00000000a8803e26,normal,0
1762980755.776502,0x1c9,8,00000000a8803e26,normal,0
1762980755.8018804,0x1a,8,00000000d90810a7,normal,0
1762980755.8018951,0x2f,8,0bff0000d90810a7,normal,0
1762980755.8019016,0x43,8,00000000d90810a7,normal,0
1762980755.8019063,0x58,8,0e640000d90810a7,normal,0
1762980755.8019106,0x6d,8,00000000d90810a7,normal,0
1762980755.8019154,0x1c9,8,00000000d90810a7,normal,0
1762980755.8270478,0x1a,8,00000000f0559948,normal,0
1762980755.8270624,0x2f,8,0bff0000f0559948,normal,0
1762980755.827067,0x43,8,00000000f0559948,normal,0
1762980755.8270707,0x58,8,0e640000f0559948,normal,0
1762980755.8270748,0x6d,8,00000000f0559948,normal,0
1762980755.8270793,0x1c9,8,00000000f0559948,normal,0
1762980755.8530722,0x1a,8,000000007d241388,normal,0
1762980755.8530848,0x2f,8,0bff00007d241388,normal,0
1762980755.8530898,0x43,8,000000007d241388,normal,0
1762980755.8530939,0x58,8,0e6400007d241388,normal,0
1762980755.8530972,0x6d,8,000000007d241388,normal,0
1762980755.8531015,0x1c9,8,000000007d241388,normal,0
1762980755.8790123,0x1a,8,00000000c9a03f59,normal,0
1762980755.8790274,0x2f,8,0bff0000c9a03f59,normal,0
1762980755.8790333,0x43,8,00000000c9a03f59,normal,0
1762980755.8790386,0x58,8,0e640000c9a03f59,normal,0
1762980755.8790421,0x6d,8,00000000c9a03f59,normal,0
1762980755.8790467,0x1c9,8,00000000c9a03f59,normal,0
1762980755.9117882,0x1a,8,0000000092cab9f1,normal,0
1762980755.911802,0x2f,8,0bff000092cab9f1,normal,0
1762980755.9118068,0x43,8,0000000092cab9f1,normal,0
1762980755.9118116,0x58,8,0e64000092cab9f1,normal,0
1762980755.9118156,0x6d,8,0000000092cab9f1,normal,0
1762980755.9118207,0x1c9,8,0000000092cab9f1,normal,0
1762980755.9374406,0x1a,8,00000000b8966f5b,normal,0
1762980755.9374537,0x2f,8,0bff0000b8966f5b,normal,0
1762980755.9374585,0x43,8,00000000b8966f5b,normal,0
1762980755.9374628,0x58,8,0e640000b8966f5b,normal,0
1762980755.9374666,0x6d,8,00000000b8966f5b,normal,0
1762980755.9374714,0x1c9,8,00000000b8966f5b,normal,0
1762980755.9862165,0x1a,8,00000000ce283ef3,normal,0
1762980755.9862292,0x2f,8,0bff0000ce283ef3,normal,0
1762980755.9862337,0x43,8,00000000ce283ef3,normal,0
1762980755.9862375,0x58,8,0e640000ce283ef3,normal,0
1762980755.9862416,0x6d,8,00000000ce283ef3,normal,0
1762980755.986246,0x1c9,8,00000000ce283ef3,normal,0
1762980756.0360024,0x1a,8,0000000051db79c7,normal,0
1762980756.0360184,0x2f,8,0bff000051db79c7,normal,0
1762980756.0360253,0x43,8,0000000051db79c7,normal,0
1762980756.0360312,0x58,8,0e64000051db79c7,normal,0
1762980756.0360367,0x6d,8,0000000051db79c7,normal,0
1762980756.036043,0x1c9,8,0000000051db79c7,normal,0
1762980756.0650523,0x1a,8,00000000fea58680,normal,0
1762980756.0650818,0x2f,8,0bff0000fea58680,normal,0
1762980756.0650969,0x43,8,00000000fea58680,normal,0
1762980756.065109,0x58,8,0e640000fea58680,normal,0
1762980756.065121,0x6d,8,00000000fea58680,normal,0
1762980756.065133,0x1c9,8,00000000fea58680,normal,0
1762980756.0940626,0x1a,8,0000000077e5a7ee,normal,0
1762980756.094088,0x2f,8,0bff000077e5a7ee,normal,0
1762980756.0941017,0x43,8,0000000077e5a7ee,normal,0
1762980756.0941126,0x58,8,0e64000077e5a7ee,normal,0
1762980756.0941226,0x6d,8,0000000077e5a7ee,normal,0
1762980756.0941348,0x1c9,8,0000000077e5a7ee,normal,0
1762980756.1220534,0x1a,8,00000000a1bbfa9b,normal,0
1762980756.122083,0x2f,8,0bff0000a1bbfa9b,normal,0
1762980756.1220953,0x43,8,00010000a1bbfa9b,normal,0
1762980756.1221068,0x58,8,0e640000a1bbfa9b,normal,0
1762980756.1221178,0x6d,8,00000000a1bbfa9b,normal,0
1762980756.122129,0x1c9,8,00000000a1bbfa9b,normal,0
1762980756.1466522,0x1a,8,00000000ae8a3ac0,normal,0
1762980756.1466663,0x2f,8,0bff0000ae8a3ac0,normal,0
1762980756.1466713,0x43,8,00000000ae8a3ac0,normal,0
1762980756.146676,0x58,8,0e640000ae8a3ac0,normal,0
1762980756.1466799,0x6d,8,00000000ae8a3ac0,normal,0
1762980756.1466846,0x1c9,8,00000000ae8a3ac0,normal,0
1762980756.1781113,0x1a,8,000000000e31a774,normal,0
1762980756.178128,0x2f,8,0bff00000e31a774,normal,0
1762980756.1781328,0x43,8,000000000e31a774,normal,0
1762980756.1781366,0x58,8,0e6400000e31a774,normal,0
1762980756.1781406,0x6d,8,000000000e31a774,normal,0
1762980756.178146,0x1c9,8,000000000e31a774,normal,0
1762980756.2110481,0x1a,8,00000000ec16dd8f,normal,0
1762980756.2110746,0x2f,8,0bff0000ec16dd8f,normal,0
1762980756.211087,0x43,8,00000000ec16dd8f,normal,0
1762980756.211099,0x58,8,0e640000ec16dd8f,normal,0
1762980756.2111108,0x6d,8,00000000ec16dd8f,normal,0
1762980756.2111225,0x1c9,8,00000000ec16dd8f,normal,0
1762980756.2881017,0x1a,8,000000003aaca619,normal,0
1762980756.288124,0x2f,8,0bff00003aaca619,normal,0
1762980756.2881343,0x43,8,000000003aaca619,normal,0
1762980756.2881446,0x58,8,0e6400003aaca619,normal,0
1762980756.2881541,0x6d,8,000000003aaca619,normal,0
1762980756.2881641,0x1c9,8,000000003aaca619,normal,0
1762980756.3527727,0x1a,8,000000003a63d937,normal,0
1762980756.3527892,0x2f,8,0bff00003a63d937,normal,0
1762980756.3527942,0x43,8,000000003a63d937,normal,0
1762980756.352798,0x58,8,0e6400003a63d937,normal,0
1762980756.3528018,0x6d,8,000000003a63d937,normal,0
1762980756.3528059,0x1c9,8,000000003a63d937,normal,0
1762980756.3808181,0x1a,8,000000006b27e2c0,normal,0
1762980756.3808308,0x2f,8,0bff00006b27e2c0,normal,0
1762980756.3808355,0x43,8,000200006b27e2c0,normal,0
1762980756.3808393,0x58,8,0e6400006b27e2c0,normal,0
1762980756.3808432,0x6d,8,000000006b27e2c0,normal,0
1762980756.3808475,0x1c9,8,000000006b27e2c0,normal,0
1762980756.4093218,0x1a,8,00000000287b0710,normal,0
1762980756.4093354,0x2f,8,0bff0000287b0710,normal,0
1762980756.4093401,0x43,8,00000000287b0710,normal,0
1762980756.4093442,0x58,8,0e640000287b0710,normal,0
1762980756.409348,0x6d,8,00000000287b0710,normal,0
1762980756.4093528,0x1c9,8,00000000287b0710,normal,0
1762980756.4351764,0x1a,8,0000000030986d0c,normal,0
1762980756.43519,0x2f,8,0bff000030986d0c,normal,0
1762980756.4351947,0x43,8,0000000030986d0c,normal,0
1762980756.4351983,0x58,8,0e64000030986d0c,normal,0
1762980756.4352024,0x6d,8,0000000030986d0c,normal,0
1762980756.4352071,0x1c9,8,0000000030986d0c,normal,0
1762980756.4644666,0x1a,8,00000000def0ba88,normal,0
1762980756.4644892,0x2f,8,0bff0000def0ba88,normal,0
1762980756.4645011,0x43,8,00000000def0ba88,normal,0
1762980756.4645123,0x58,8,0e640000def0ba88,normal,0
1762980756.464523,0x6d,8,00000000def0ba88,normal,0
1762980756.464534,0x1c9,8,00000000def0ba88,normal,0
1762980756.4910228,0x1a,8,00000000d3f199f4,normal,0
1762980756.491045,0x2f,8,0bff0000d3f199f4,normal,0
1762980756.4910567,0x43,8,00000000d3f199f4,normal,0
1762980756.4910676,0x58,8,0e640000d3f199f4,normal,0
1762980756.4910781,0x6d,8,00000000d3f199f4,normal,0
1762980756.491089,0x1c9,8,00000000d3f199f4,normal,0
1762980756.5162728,0x1a,8,0000000088891ac0,normal,0
1762980756.516287,0x2f,8,0bff000088891ac0,normal,0
1762980756.5162916,0x43,8,0001000088891ac0,normal,0
1762980756.5162954,0x58,8,0e64000088891ac0,normal,0
1762980756.516299,0x6d,8,0000000088891ac0,normal,0
1762980756.5163035,0x1c9,8,0000000088891ac0,normal,0
1762980756.5676281,0x1a,8,00000000f51660fd,normal,0
1762980756.5676506,0x2f,8,0bff0000f51660fd,normal,0
1762980756.567663,0x43,8,00000000f51660fd,normal,0
1762980756.567674,0x58,8,0e640000f51660fd,normal,0
1762980756.5676844,0x6d,8,00000000f51660fd,normal,0
1762980756.5676973,0x1c9,8,00000000f51660fd,normal,0
1762980756.5999184,0x1a,8,00000000604a60c0,normal,0
1762980756.5999427,0x2f,8,0bff0000604a60c0,normal,0
1762980756.5999548,0x43,8,00000000604a60c0,normal,0
1762980756.5999658,0x58,8,0e640000604a60c0,normal,0
1762980756.5999763,0x6d,8,00000000604a60c0,normal,0
1762980756.5999875,0x1c9,8,00000000604a60c0,normal,0
1762980756.6268823,0x1a,8,00000000fe5eed3d,normal,0
1762980756.6269062,0x2f,8,0bff0000fe5eed3d,normal,0
1762980756.6269166,0x43,8,00000000fe5eed3d,normal,0
1762980756.626926,0x58,8,0e640000fe5eed3d,normal,0
1762980756.626935,0x6d,8,00000000fe5eed3d,normal,0
1762980756.6269445,0x1c9,8,00000000fe5eed3d,normal,0
1762980756.653343,0x1a,8,00000000f123919c,normal,0
1762980756.653359,0x2f,8,0bff0000f123919c,normal,0
1762980756.6533635,0x43,8,00000000f123919c,normal,0
1762980756.6533675,0x58,8,0e640000f123919c,normal,0
1762980756.6533709,0x6d,8,00000000f123919c,normal,0
1762980756.653375,0x1c9,8,00000000f123919c,normal,0
1762980756.6822636,0x1a,8,00000000e145fbfd,normal,0
1762980756.682284,0x2f,8,0bff0000e145fbfd,normal,0
1762980756.6822944,0x43,8,00010000e145fbfd,normal,0
1762980756.6823041,0x58,8,0e640000e145fbfd,normal,0
1762980756.6823132,0x6d,8,00000000e145fbfd,normal,0
1762980756.682323,0x1c9,8,00000000e145fbfd,normal,0
1762980756.708181,0x1a,8,0000000030b501f6,normal,0
1762980756.7081943,0x2f,8,0bff000030b501f6,normal,0
1762980756.7081985,0x43,8,0001000030b501f6,normal,0
1762980756.7082024,0x58,8,0e64000030b501f6,normal,0
1762980756.708206,0x6d,8,0000000030b501f6,normal,0
1762980756.7082102,0x1c9,8,0000000030b501f6,normal,0
1762980756.7369,0x1a,8,00000000bfe96c17,normal,0
1762980756.7369888,0x2f,8,0bff0000bfe96c17,normal,0
1762980756.7369986,0x43,8,00000000bfe96c17,normal,0
1762980756.737003,0x58,8,0e640000bfe96c17,normal,0
1762980756.7370064,0x6d,8,00000000bfe96c17,normal,0
1762980756.7370102,0x1c9,8,00000000bfe96c17,normal,0
1762980756.7621167,0x1a,8,00000000ee18db16,normal,0
1762980756.7621472,0x2f,8,0bff0000ee18db16,normal,0
1762980756.7621517,0x43,8,00000000ee18db16,normal,0
1762980756.762155,0x58,8,0e640000ee18db16,normal,0
1762980756.7621584,0x6d,8,00000000ee18db16,normal,0
1762980756.7621622,0x1c9,8,00000000ee18db16,normal,0
1762980756.788968,0x1a,8,00000000a83a13e4,normal,0
1762980756.78898,0x2f,8,0bff0000a83a13e4,normal,0
1762980756.7889843,0x43,8,00000000a83a13e4,normal,0
1762980756.788988,0x58,8,0e640000a83a13e4,normal,0
1762980756.7889915,0x6d,8,00000000a83a13e4,normal,0
1762980756.7889953,0x1c9,8,00000000a83a13e4,normal,0
1762980756.8152716,0x1a,8,00000000ff6cab6b,normal,0
1762980756.8152912,0x2f,8,0bff0000ff6cab6b,normal,0
1762980756.8153014,0x43,8,00000000ff6cab6b,normal,0
1762980756.8153105,0x58,8,0e640000ff6cab6b,normal,0
1762980756.8153193,0x6d,8,00000000ff6cab6b,normal,0
1762980756.8153286,0x1c9,8,00000000ff6cab6b,normal,0
1762980756.865088,0x1a,8,000000000a2ca177,normal,0
1762980756.865108,0x2f,8,0bff00000a2ca177,normal,0
1762980756.8651195,0x43,8,000000000a2ca177,normal,0
1762980756.8651295,0x58,8,0e6400000a2ca177,normal,0
1762980756.8651388,0x6d,8,000000000a2ca177,normal,0
1762980756.8651488,0x1c9,8,000000000a2ca177,normal,0
1762980756.8897605,0x1a,8,000000006c9b8843,normal,0
1762980756.8897731,0x2f,8,0bff00006c9b8843,normal,0
1762980756.8897777,0x43,8,000000006c9b8843,normal,0
1762980756.889781,0x58,8,0e6400006c9b8843,normal,0
1762980756.889784,0x6d,8,000000006c9b8843,normal,0
1762980756.8897884,0x1c9,8,000000006c9b8843,normal,0
1762980756.9193704,0x1a,8,00000000a5431523,normal,0
1762980756.9193826,0x2f,8,0bff0000a5431523,normal,0
1762980756.9193869,0x43,8,00000000a5431523,normal,0
1762980756.9193904,0x58,8,0e640000a5431523,normal,0
1762980756.9193935,0x6d,8,00000000a5431523,normal,0
1762980756.9193974,0x1c9,8,00000000a5431523,normal,0
1762980756.967703,0x1a,8,00000000aee2f4b9,normal,0
1762980756.9677138,0x2f,8,0bff0000aee2f4b9,normal,0
1762980756.9677184,0x43,8,00000000aee2f4b9,normal,0
1762980756.967722,0x58,8,0e640000aee2f4b9,normal,0
1762980756.9677253,0x6d,8,00000000aee2f4b9,normal,0
1762980756.9677293,0x1c9,8,00000000aee2f4b9,normal,0
1762980756.9930959,0x1a,8,00000000ef1bd0c9,normal,0
1762980756.9931796,0x2f,8,0bff0000ef1bd0c9,normal,0
1762980756.993184,0x43,8,00000000ef1bd0c9,normal,0
1762980756.993188,0x58,8,0e640000ef1bd0c9,normal,0
1762980756.9931912,0x6d,8,00000000ef1bd0c9,normal,0
1762980756.9931953,0x1c9,8,00000000ef1bd0c9,normal,0
1762980757.0205612,0x1a,8,0000000095e99e07,normal,0
1762980757.0205731,0x2f,8,0bff000095e99e07,normal,0
1762980757.0205774,0x43,8,0000000095e99e07,normal,0
1762980757.020581,0x58,8,0e64000095e99e07,normal,0
1762980757.0205848,0x6d,8,0000000095e99e07,normal,0
1762980757.0205894,0x1c9,8,0000000095e99e07,normal,0
1762980757.0485494,0x1a,8,000000008f35b127,normal,0
1762980757.0485702,0x2f,8,0bff00008f35b127,normal,0
1762980757.0485818,0x43,8,000200008f35b127,normal,0
1762980757.048592,0x58,8,0e6400008f35b127,normal,0
1762980757.0486019,0x6d,8,000000008f35b127,normal,0
1762980757.0486124,0x1c9,8,000000008f35b127,normal,0
1762980757.0748296,0x1a,8,000000002900ce6c,normal,0
1762980757.07504,0x2f,8,0bff00002900ce6c,normal,0
1762980757.0750446,0x43,8,000000002900ce6c,normal,0
1762980757.0750484,0x58,8,0e6400002900ce6c,normal,0
1762980757.0750518,0x6d,8,000000002900ce6c,normal,0
1762980757.0750558,0x1c9,8,000000002900ce6c,normal,0
1762980757.1061857,0x1a,8,00000000ed1ce6f5,normal,0
1762980757.1061983,0x2f,8,0bff0000ed1ce6f5,normal,0
1762980757.1062028,0x43,8,00000000ed1ce6f5,normal,0
1762980757.106207,0x58,8,0e640000ed1ce6f5,normal,0
1762980757.10621,0x6d,8,00000000ed1ce6f5,normal,0
1762980757.1062143,0x1c9,8,00000000ed1ce6f5,normal,0
1762980757.137314,0x1a,8,000000000d1e098b,normal,0
1762980757.137334,0x2f,8,0bff00000d1e098b,normal,0
1762980757.1373458,0x43,8,000000000d1e098b,normal,0
1762980757.1373563,0x58,8,0e6400000d1e098b,normal,0
1762980757.137366,0x6d,8,000000000d1e098b,normal,0
1762980757.137376,0x1c9,8,000000000d1e098b,normal,0
1762980757.1723466,0x1a,8,0000000093994a91,normal,0
1762980757.1723602,0x2f,8,0bff000093994a91,normal,0
1762980757.172365,0x43,8,0000000093994a91,normal,0
1762980757.1723683,0x58,8,0e64000093994a91,normal,0
1762980757.1723716,0x6d,8,0000000093994a91,normal,0
1762980757.172376,0x1c9,8,0000000093994a91,normal,0
1762980757.2125847,0x1a,8,0000000056940e77,normal,0
1762980757.2126045,0x2f,8,0bff000056940e77,normal,0
1762980757.212616,0x43,8,0001000056940e77,normal,0
1762980757.212626,0x58,8,0e64000056940e77,normal,0
1762980757.2126355,0x6d,8,0000000056940e77,normal,0
1762980757.2126455,0x1c9,8,0000000056940e77,normal,0
1762980757.2486393,0x1a,8,000000009777c554,normal,0
1762980757.2486582,0x2f,8,0bff00009777c554,normal,0
1762980757.2486682,0x43,8,000000009777c554,normal,0
1762980757.2486777,0x58,8,0e6400009777c554,normal,0
1762980757.2486868,0x6d,8,000000009777c554,normal,0
1762980757.2486963,0x1c9,8,000000009777c554,normal,0
1762980757.284462,0x1a,8,000000001ecbdefb,normal,0
1762980757.2844813,0x2f,8,0bff00001ecbdefb,normal,0
1762980757.2844923,0x43,8,000100001ecbdefb,normal,0
1762980757.2845025,0x58,8,0e6400001ecbdefb,normal,0
1762980757.2845118,0x6d,8,000000001ecbdefb,normal,0
1762980757.2845218,0x1c9,8,000000001ecbdefb,normal,0
1762980757.31027,0x1a,8,00000000d2b2b4c7,normal,0
1762980757.3102918,0x2f,8,0bff0000d2b2b4c7,normal,0
1762980757.3103037,0x43,8,00000000d2b2b4c7,normal,0
1762980757.3103144,0x58,8,0e640000d2b2b4c7,normal,0
1762980757.3103244,0x6d,8,00000000d2b2b4c7,normal,0
1762980757.310335,0x1c9,8,00000000d2b2b4c7,normal,0
1762980757.3408353,0x1a,8,000000006d6bf207,normal,0
1762980757.3408554,0x2f,8,0bff00006d6bf207,normal,0
1762980757.3408706,0x43,8,000100006d6bf207,normal,0
1762980757.3408813,0x58,8,0e6400006d6bf207,normal,0
1762980757.3408914,0x6d,8,000000006d6bf207,normal,0
1762980757.3409019,0x1c9,8,000000006d6bf207,normal,0
1762980757.3681908,0x1a,8,0000000054b5d2f9,normal,0
1762980757.368223,0x2f,8,0bff000054b5d2f9,normal,0
1762980757.3682275,0x43,8,0000000054b5d2f9,normal,0
1762980757.3682313,0x58,8,0e64000054b5d2f9,normal,0
1762980757.368235,0x6d,8,0000000054b5d2f9,normal,0
1762980757.368239,0x1c9,8,0000000054b5d2f9,normal,0
1762980757.3953464,0x1a,8,00000000b2fc7af6,normal,0
1762980757.3953588,0x2f,8,0bff0000b2fc7af6,normal,0
1762980757.3953636,0x43,8,00000000b2fc7af6,normal,0
1762980757.3953674,0x58,8,0e640000b2fc7af6,normal,0
1762980757.395371,0x6d,8,00000000b2fc7af6,normal,0
1762980757.395375,0x1c9,8,00000000b2fc7af6,normal,0
1762980757.4224522,0x1a,8,0000000045fe9d8f,normal,0
1762980757.422464,0x2f,8,0bff000045fe9d8f,normal,0
1762980757.4224687,0x43,8,0000000045fe9d8f,normal,0
1762980757.4224725,0x58,8,0e64000045fe9d8f,normal,0
1762980757.422476,0x6d,8,0000000045fe9d8f,normal,0
1762980757.4224803,0x1c9,8,0000000045fe9d8f,normal,0
1762980757.473809,0x1a,8,000000000338b8a4,normal,0
1762980757.473822,0x2f,8,0bff00000338b8a4,normal,0
1762980757.4738264,0x43,8,000000000338b8a4,normal,0
1762980757.47383,0x58,8,0e6400000338b8a4,normal,0
1762980757.4738333,0x6d,8,000000000338b8a4,normal,0
1762980757.4738374,0x1c9,8,000000000338b8a4,normal,0
1762980757.527901,0x1a,8,00000000060d6b06,normal,0
1762980757.5279226,0x2f,8,0bff0000060d6b06,normal,0
1762980757.5279343,0x43,8,00010000060d6b06,normal,0
1762980757.527945,0x58,8,0e640000060d6b06,normal,0
1762980757.5279553,0x6d,8,00000000060d6b06,normal,0
1762980757.527966,0x1c9,8,00000000060d6b06,normal,0
1762980757.5562613,0x1a,8,0000000052fedbfe,normal,0
1762980757.556275,0x2f,8,0bff000052fedbfe,normal,0
1762980757.5562797,0x43,8,0000000052fedbfe,normal,0
1762980757.5562835,0x58,8,0e64000052fedbfe,normal,0
1762980757.556287,0x6d,8,0000000052fedbfe,normal,0
1762980757.556291,0x1c9,8,0000000052fedbfe,normal,0
1762980757.5860448,0x1a,8,000000005e0ccf54,normal,0
1762980757.5860689,0x2f,8,0bff00005e0ccf54,normal,0
1762980757.5860786,0x43,8,000000005e0ccf54,normal,0
1762980757.5860872,0x58,8,0e6400005e0ccf54,normal,0
1762980757.5860944,0x6d,8,000000005e0ccf54,normal,0
1762980757.5861034,0x1c9,8,000000005e0ccf54,normal,0
1762980757.6197708,0x1a,8,00000000fab0cff4,normal,0
1762980757.6197927,0x2f,8,0bff0000fab0cff4,normal,0
1762980757.619804,0x43,8,00000000fab0cff4,normal,0
1762980757.6198137,0x58,8,0e640000fab0cff4,normal,0
1762980757.6198227,0x6d,8,00000000fab0cff4,normal,0
1762980757.6198323,0x1c9,8,00000000fab0cff4,normal,0
1762980757.6482701,0x1a,8,00000000e3c1fa32,normal,0
1762980757.6482835,0x2f,8,0bff0000e3c1fa32,normal,0
1762980757.648288,0x43,8,00000000e3c1fa32,normal,0
1762980757.6482918,0x58,8,0e640000e3c1fa32,normal,0
1762980757.6482952,0x6d,8,00000000e3c1fa32,normal,0
1762980757.6482992,0x1c9,8,00000000e3c1fa32,normal,0
1762980757.6831167,0x1a,8,00000000f7428a1f,normal,0
1762980757.6831372,0x2f,8,0bff0000f7428a1f,normal,0
1762980757.6831472,0x43,8,00000000f7428a1f,normal,0
1762980757.6831567,0x58,8,0e640000f7428a1f,normal,0
1762980757.6831658,0x6d,8,00000000f7428a1f,normal,0
1762980757.6831753,0x1c9,8,00000000f7428a1f,normal,0
1762980757.7146883,0x1a,8,000000003ba3c8db,normal,0
1762980757.714699,0x2f,8,0bff00003ba3c8db,normal,0
1762980757.7147036,0x43,8,000000003ba3c8db,normal,0
1762980757.7147074,0x58,8,0e6400003ba3c8db,normal,0
1762980757.7147107,0x6d,8,000000003ba3c8db,normal,0
1762980757.7147148,0x1c9,8,000000003ba3c8db,normal,0
1762980757.7493207,0x1a,8,00000000231c1145,normal,0
1762980757.749334,0x2f,8,0bff0000231c1145,normal,0
1762980757.7493386,0x43,8,00000000231c1145,normal,0
1762980757.7493424,0x58,8,0e640000231c1145,normal,0
1762980757.7493458,0x6d,8,00000000231c1145,normal,0
1762980757.7493498,0x1c9,8,00000000231c1145,normal,0
1762980757.787993,0x1a,8,0000000012f65496,normal,0
1762980757.788005,0x2f,8,0bff000012f65496,normal,0
1762980757.7880094,0x43,8,0000000012f65496,normal,0
1762980757.788013,0x58,8,0e64000012f65496,normal,0
1762980757.7880163,0x6d,8,0000000012f65496,normal,0
1762980757.7880204,0x1c9,8,0000000012f65496,normal,0
1762980757.8257098,0x1a,8,00000000c6885161,normal,0
1762980757.8257217,0x2f,8,0bff0000c6885161,normal,0
1762980757.8257263,0x43,8,00000000c6885161,normal,0
1762980757.8257296,0x58,8,0e640000c6885161,normal,0
1762980757.825733,0x6d,8,00000000c6885161,normal,0
1762980757.825737,0x1c9,8,00000000c6885161,normal,0
1762980757.8594928,0x1a,8,00000000295928b0,normal,0
1762980757.8595054,0x2f,8,0bff0000295928b0,normal,0
1762980757.8595102,0x43,8,00000000295928b0,normal,0
1762980757.859514,0x58,8,0e640000295928b0,normal,0
1762980757.8595173,0x6d,8,00000000295928b0,normal,0
1762980757.8595216,0x1c9,8,00000000295928b0,normal,0
1762980757.8854733,0x1a,8,00000000fef24dc3,normal,0
1762980757.8854864,0x2f,8,0bff0000fef24dc3,normal,0
1762980757.8854907,0x43,8,00000000fef24dc3,normal,0
1762980757.8854945,0x58,8,0e640000fef24dc3,normal,0
1762980757.8854978,0x6d,8,00000000fef24dc3,normal,0
1762980757.885502,0x1c9,8,00000000fef24dc3,normal,0
1762980757.912489,0x1a,8,000000007ef1ef3c,normal,0
1762980757.9125009,0x2f,8,0bff00007ef1ef3c,normal,0
1762980757.9125056,0x43,8,000100007ef1ef3c,normal,0
1762980757.9125094,0x58,8,0e6400007ef1ef3c,normal,0
1762980757.9125125,0x6d,8,000000007ef1ef3c,normal,0
1762980757.9125164,0x1c9,8,000000007ef1ef3c,normal,0
1762980757.9416244,0x1a,8,000000001eff7af8,normal,0
1762980757.9416692,0x2f,8,0bff00001eff7af8,normal,0
1762980757.9416735,0x43,8,000000001eff7af8,normal,0
1762980757.9416773,0x58,8,0e6400001eff7af8,normal,0
1762980757.9416807,0x6d,8,000000001eff7af8,normal,0
1762980757.9416852,0x1c9,8,000000001eff7af8,normal,0
1762980758.0032396,0x1a,8,00000000b73623e0,normal,0
1762980758.0032647,0x2f,8,0bff0000b73623e0,normal,0
1762980758.0032778,0x43,8,00000000b73623e0,normal,0
1762980758.0032895,0x58,8,0e640000b73623e0,normal,0
1762980758.0033,0x6d,8,00000000b73623e0,normal,0
1762980758.003311,0x1c9,8,00000000b73623e0,normal,0
1762980758.030324,0x1a,8,000000006baf22c0,normal,0
1762980758.0303984,0x2f,8,0bff00006baf22c0,normal,0
1762980758.0304027,0x43,8,000000006baf22c0,normal,0
1762980758.0304062,0x58,8,0e6400006baf22c0,normal,0
1762980758.0304093,0x6d,8,000000006baf22c0,normal,0
1762980758.0304134,0x1c9,8,000000006baf22c0,normal,0
1762980758.0580127,0x1a,8,00000000ced5e02a,normal,0
1762980758.05803,0x2f,8,0bff0000ced5e02a,normal,0
1762980758.0580354,0x43,8,00000000ced5e02a,normal,0
1762980758.0580401,0x58,8,0e640000ced5e02a,normal,0
1762980758.0580444,0x6d,8,00000000ced5e02a,normal,0
1762980758.05805,0x1c9,8,00000000ced5e02a,normal,0
1762980758.0936759,0x1a,8,000000005beae0a9,normal,0
1762980758.093689,0x2f,8,0bff00005beae0a9,normal,0
1762980758.0936935,0x43,8,000000005beae0a9,normal,0
1762980758.0936975,0x58,8,0e6400005beae0a9,normal,0
1762980758.093701,0x6d,8,000000005beae0a9,normal,0
1762980758.093705,0x1c9,8,000000005beae0a9,normal,0
1762980758.1265273,0x1a,8,000000007262a8ec,normal,0
1762980758.1265385,0x2f,8,0bff00007262a8ec,normal,0
1762980758.126543,0x43,8,000000007262a8ec,normal,0
1762980758.1265469,0x58,8,0e6400007262a8ec,normal,0
1762980758.12655,0x6d,8,000000007262a8ec,normal,0
1762980758.126554,0x1c9,8,000000007262a8ec,normal,0
1762980758.162364,0x1a,8,000000003610fbea,normal,0
1762980758.1623745,0x2f,8,0bff00003610fbea,normal,0
1762980758.1623785,0x43,8,000100003610fbea,normal,0
1762980758.1623821,0x58,8,0e6400003610fbea,normal,0
1762980758.1623855,0x6d,8,000000003610fbea,normal,0
1762980758.1623898,0x1c9,8,000000003610fbea,normal,0
1762980758.1982644,0x1a,8,000000009ad935d2,normal,0
1762980758.1982856,0x2f,8,0bff00009ad935d2,normal,0
1762980758.198297,0x43,8,000000009ad935d2,normal,0
1762980758.1983078,0x58,8,0e6400009ad935d2,normal,0
1762980758.1983178,0x6d,8,000000009ad935d2,normal,0
1762980758.198328,0x1c9,8,000000009ad935d2,normal,0
1762980758.2659206,0x1a,8,00000000efb898b2,normal,0
1762980758.2659497,0x2f,8,0bff0000efb898b2,normal,0
1762980758.26596,0x43,8,00000000efb898b2,normal,0
1762980758.2659693,0x58,8,0e640000efb898b2,normal,0
1762980758.265978,0x6d,8,00000000efb898b2,normal,0
1762980758.2659874,0x1c9,8,00000000efb898b2,normal,0
